# Blender 4.4.0
# www.blender.org
o AcquaCanaleZona13
v 69.361626 -1.499995 176.606384
v 71.328735 -1.499995 176.606384
v 71.328743 -1.500005 -0.239609
v 69.361626 -1.500005 -0.239601
v 69.361626 -1.499995 176.606384
v 71.328743 -1.500005 -0.239609
v 69.361626 -1.500005 -0.239601
v 71.328743 -1.500005 -0.239609
v 71.328728 -1.500005 -3.766342
v 69.361618 -1.500005 -3.766335
s 0
f 1 2 3
f 4 5 6
f 7 8 9
f 9 10 7
o GraficaBinari01
v 94.390205 0.000000 -33.772850
v 94.390205 0.000000 -6.888695
v 97.001778 0.000000 -33.772850
v 97.001778 0.000000 -6.888695
s 0
f 11 12 13
f 14 13 12
o GraficaPalazzi01
v -12.450321 0.550466 106.150833
v -12.450321 0.550466 104.215652
v -12.450321 1.607919 104.215652
v -12.450321 1.607919 106.150833
s 0
f 15 16 17
f 18 15 17
o GraficaParcheggioZona12
v 34.842083 0.000000 138.307571
v 33.397430 0.000000 138.307571
v 23.455812 0.000000 138.307571
v 23.455246 0.000000 164.756256
v 65.941734 0.000000 164.756454
v 65.941544 0.000000 138.307571
s 0
f 19 20 21
f 21 22 23
f 24 19 23
f 23 19 21
o GraficaStaccionata_01
v 4.251863 0.000000 116.587357
v 4.251863 0.000000 127.759338
v 4.251863 0.200000 127.759338
v 4.251863 0.200000 116.587357
s 0
f 25 26 27
f 28 25 27
o GraficaStaccionata_02
v 4.252641 0.000000 129.307312
v 4.252641 0.000000 140.479294
v 4.252641 0.200000 140.479294
v 4.252641 0.200000 129.307312
s 0
f 29 30 31
f 32 29 31
o GraficaStaccionata_03
v 8.314125 0.000000 129.141037
v 8.314125 0.000000 140.313034
v 8.314125 0.200000 140.313034
v 8.314125 0.200000 129.141037
s 0
f 33 34 35
f 36 33 35
o GraficaStaccionata_04
v 8.296059 0.000000 116.286491
v 8.296059 0.000000 127.458473
v 8.296059 0.200000 127.458473
v 8.296059 0.200000 116.286491
s 0
f 37 38 39
f 40 37 39
o GraficaSterratoZona03
v -19.414368 0.750630 82.662186
v -16.800817 1.500000 82.662170
v -16.800816 1.499998 78.699585
v -19.457005 0.750640 78.699585
v -19.414368 0.750630 82.662186
v -16.800816 1.499998 78.699585
v -16.800823 1.500000 72.861786
v -19.414373 0.750629 72.861786
v -19.457006 0.750640 77.209000
v -19.457006 0.750640 77.209000
v -16.800819 1.499998 77.208984
v -16.800823 1.500000 72.861786
v -33.842541 0.749347 72.861794
v -36.586662 -0.000003 72.861801
v -36.586658 -0.000002 77.209000
v -36.586658 -0.000002 77.209000
v -33.885178 0.749357 77.209000
v -33.842541 0.749347 72.861794
v -36.586658 -0.000002 82.662193
v -33.842541 0.749347 82.662186
v -33.885174 0.749357 78.699593
v -33.885174 0.749357 78.699593
v -36.586651 -0.000002 78.699585
v -36.586658 -0.000002 82.662193
v -29.381678 0.750640 78.695618
v -33.885174 0.749357 78.699593
v -33.842541 0.749347 82.662186
v -33.842541 0.749347 82.662186
v -19.414368 0.750630 82.662186
v -19.457005 0.750640 78.699585
v -25.454748 0.750640 78.699585
v -25.454748 0.750640 74.970924
v -29.381674 0.750640 74.970924
v -33.842541 0.749347 82.662186
v -19.457005 0.750640 78.699585
v -25.454748 0.750640 78.699585
v -25.454748 0.750640 78.699585
v -29.381674 0.750640 74.970924
v -29.381678 0.750640 78.695618
v -33.842541 0.749347 82.662186
v -25.454748 0.750640 78.699585
v -29.381678 0.750640 78.695618
v -33.842541 0.749347 72.861794
v -33.885178 0.749357 77.209000
v -30.766834 0.750640 77.258400
v -23.998890 0.750640 73.583008
v -23.998890 0.750640 77.208992
v -19.457006 0.750640 77.209000
v -33.842541 0.749347 72.861794
v -30.766834 0.750640 77.258400
v -30.766830 0.750640 73.583000
v -23.998890 0.750640 73.583008
v -19.457006 0.750640 77.209000
v -19.414373 0.750629 72.861786
v -19.414373 0.750629 72.861786
v -33.842541 0.749347 72.861794
v -30.766830 0.750640 73.583000
v -30.766830 0.750640 73.583000
v -23.998890 0.750640 73.583008
v -19.414373 0.750629 72.861786
s 0
f 41 42 43
f 44 45 46
f 47 48 49
f 50 51 52
f 53 54 55
f 56 57 58
f 59 60 61
f 62 63 64
f 65 66 67
f 68 69 70
f 71 72 73
f 74 75 76
f 77 78 79
f 80 81 82
f 83 84 85
f 86 87 88
f 89 90 91
f 92 93 94
f 95 96 97
f 98 99 100
o GraficaStrada06Zona04
v -45.081104 0.000000 88.305557
v -43.655327 0.000000 88.305557
v -43.655331 1.000005 80.038536
v -45.081108 1.000005 80.038536
s 0
f 101 102 103
f 104 101 103
o GraficaStrada11
v 114.983665 0.000000 -17.189434
v 114.983665 0.000000 -18.182415
v 97.002129 0.000000 -18.182415
v 97.002129 0.000000 -17.189434
s 0
f 105 106 107
f 108 105 107
o GraficaStrada2Zona06
v -48.293194 0.000000 106.804253
v -48.293194 0.000000 107.656593
v -47.397102 0.000000 106.804253
v -47.397644 0.000000 107.655960
v -48.293194 0.000000 105.931641
v -48.293194 0.000000 106.804253
v -47.397102 0.000000 105.931641
v -47.397102 0.000000 106.804253
v -61.489620 0.000000 106.804253
v -48.293194 0.000000 106.804253
v -61.489620 0.000000 105.931641
v -48.293194 0.000000 105.931641
s 0
f 113 114 115
f 114 116 115
f 109 110 111
f 112 111 110
f 117 118 119
f 118 120 119
o GraficaStradaCanaleZona13
v 71.328735 -1.499995 176.606384
v 74.119469 -1.499995 176.606384
v 74.119469 -1.500005 -0.239609
v 71.328743 -1.500005 -0.239609
v 71.328735 -1.499995 176.606384
v 74.119469 -1.500005 -0.239609
v 65.941521 0.000129 176.606384
v 66.376915 -1.499995 176.606384
v 66.376915 -1.500005 -0.239601
v 66.376915 -1.500005 -0.239601
v 65.941521 0.000122 -7.325325
v 65.941521 0.000129 176.606384
v 66.376915 -1.499995 176.606384
v 69.361626 -1.499995 176.606384
v 69.361626 -1.500005 -0.239601
v 66.376915 -1.500005 -0.239601
v 74.119469 -1.499995 176.606384
v 74.522850 0.000129 176.606400
v 74.522850 0.000122 -7.325325
v 74.522850 0.000122 -7.325325
v 74.119469 -1.500005 -0.239609
v 74.119469 -1.499995 176.606384
v 66.376915 -1.499995 176.606384
v 65.941521 0.000129 176.606384
v 74.522850 0.000129 176.606400
v 74.119469 -1.499995 176.606384
v 71.328735 -1.499995 176.606384
v 74.522850 0.000129 176.606400
v 69.361626 -1.499995 176.606384
v 66.376915 -1.499995 176.606384
v 74.522850 0.000129 176.606400
v 74.522850 0.000129 176.606400
v 71.328735 -1.499995 176.606384
v 69.361626 -1.499995 176.606384
v 65.941521 0.000122 -7.325325
v 66.376915 -1.500005 -0.239601
v 69.361626 -1.500005 -0.239601
v 71.330009 -0.873805 -3.205467
v 71.328743 -1.500005 -0.239609
v 74.119469 -1.500005 -0.239609
v 65.941521 0.000122 -7.325325
v 69.361626 -1.500005 -0.239601
v 69.357513 -0.871120 -3.205460
v 74.522850 0.000122 -7.325325
v 71.330009 -0.873805 -3.205467
v 74.119469 -1.500005 -0.239609
v 65.941521 0.000122 -7.325325
v 69.357513 -0.871120 -3.205460
v 71.330009 -0.873805 -3.205467
v 65.941521 0.000122 -7.325325
v 71.330009 -0.873805 -3.205467
v 74.522850 0.000122 -7.325325
v 69.357513 -0.871120 -3.766327
v 69.361618 -1.500005 -3.766327
v 71.328728 -1.500005 -3.766342
v 69.357513 -0.871120 -3.766327
v 71.328728 -1.500005 -3.766342
v 71.330009 -0.873805 -3.766342
v 71.328743 -1.500005 -0.239609
v 71.330009 -0.873805 -3.205467
v 71.330009 -0.873805 -3.766342
v 71.330009 -0.873805 -3.766342
v 71.328728 -1.500005 -3.766342
v 71.328743 -1.500005 -0.239609
v 69.357513 -0.871120 -3.205460
v 69.361626 -1.500005 -0.239601
v 69.361618 -1.500005 -3.766327
v 69.361618 -1.500005 -3.766327
v 69.357513 -0.871120 -3.766327
v 69.357513 -0.871120 -3.205460
v 71.330009 -0.873805 -3.205467
v 69.357513 -0.871120 -3.205460
v 69.357513 -0.871120 -3.766327
v 69.357513 -0.871120 -3.766327
v 71.330009 -0.873805 -3.766342
v 71.330009 -0.873805 -3.205467
s 0
f 121 122 123
f 124 125 126
f 133 134 135
f 135 136 133
f 155 156 157
f 158 159 160
f 161 162 163
f 164 165 166
f 167 168 169
f 170 171 172
f 127 128 129
f 130 131 132
f 137 138 139
f 140 141 142
f 143 144 145
f 146 147 148
f 149 150 151
f 152 153 154
f 173 174 175
f 176 177 178
f 179 180 181
f 182 183 184
f 185 186 187
f 188 189 190
f 191 192 193
f 194 195 196
o GraficaStradaCavalcaviaZona04
v -45.081108 1.000000 75.998192
v -43.655331 1.000000 75.998192
v -43.655331 1.000000 73.601051
v -45.081108 1.000000 73.601051
v -45.081108 1.000000 80.038528
v -43.655331 1.000000 80.038528
s 0
f 197 198 199
f 200 197 199
f 201 202 198
f 198 197 201
o GraficaStradaZona01
v -10.604580 0.000002 88.891411
v -10.604850 0.000002 90.438705
v -2.482345 0.000002 90.438278
v -2.481455 0.000002 88.890930
v -2.481455 0.000002 88.890930
v -2.482345 0.000002 90.438278
v -0.934097 0.000002 90.438629
v -0.934088 0.000002 88.890915
v -0.934088 0.000002 88.890915
v -0.934097 0.000002 90.438629
v 7.188394 0.000002 90.438202
v 7.189301 0.000002 88.890762
v 7.189301 0.000002 88.890762
v 7.188394 0.000002 90.438202
v 8.736650 0.000002 90.438553
v 8.736650 0.000002 88.890816
v -2.481427 0.000002 96.627777
v -0.934999 0.000002 96.627571
v -0.934097 0.000002 90.438629
v -2.482345 0.000002 90.438278
v 7.189322 0.000002 96.627708
v 8.735762 0.000002 96.627487
v 8.736650 0.000002 90.438553
v 7.188394 0.000002 90.438202
v -0.933438 0.000002 98.175407
v -0.934999 0.000002 96.627571
v -2.481427 0.000002 96.627777
v -2.481686 0.000002 98.175056
v -2.481686 0.000002 98.175056
v -2.481427 0.000002 96.627777
v -10.603958 0.000002 96.628212
v -10.604190 0.000002 98.175484
v 8.737308 0.000002 98.175331
v 8.735762 0.000002 96.627487
v 7.189322 0.000002 96.627708
v 7.189092 0.000002 98.174980
v 7.189092 0.000002 98.174980
v 7.189322 0.000002 96.627708
v -0.934999 0.000002 96.627571
v -0.933438 0.000002 98.175407
v -0.934339 0.000001 104.364380
v -0.933438 0.000002 98.175407
v -2.481686 0.000002 98.175056
v -2.480771 0.000002 104.364578
v 8.736381 0.000002 104.364273
v 8.737308 0.000002 98.175331
v 7.189092 0.000002 98.174980
v 7.189944 0.000001 104.364502
v -0.934600 0.000001 105.911621
v -0.934339 0.000001 104.364380
v -2.480771 0.000002 104.364578
v -2.481030 0.000001 105.911865
v -2.481030 0.000001 105.911865
v -2.480771 0.000002 104.364578
v -10.605117 0.000001 104.364418
v -10.605349 0.000001 105.911705
v 8.736228 0.000001 105.911369
v 8.736381 0.000002 104.364273
v 7.189944 0.000001 104.364502
v 7.189752 0.000001 105.911743
v 7.189752 0.000001 105.911743
v 7.189944 0.000001 104.364502
v -0.934339 0.000001 104.364380
v -0.934600 0.000001 105.911621
v -10.604580 0.000002 88.891411
v -12.481278 0.000003 88.883965
v -12.481279 0.000003 90.438133
v -10.604580 0.000002 88.891411
v -12.481279 0.000003 90.438133
v -10.604850 0.000002 90.438705
v -12.481279 0.000003 90.438133
v -12.481387 0.000002 96.627975
v -10.603958 0.000002 96.628212
v -12.481279 0.000003 90.438133
v -10.603958 0.000002 96.628212
v -10.604850 0.000002 90.438705
v -12.481387 0.000002 96.627975
v -12.481327 0.000002 98.167442
v -10.604190 0.000002 98.175484
v -12.481387 0.000002 96.627975
v -10.604190 0.000002 98.175484
v -10.603958 0.000002 96.628212
s 0
f 207 208 209
f 209 210 207
f 227 228 229
f 229 230 227
f 235 236 237
f 237 238 235
f 251 252 253
f 253 254 251
f 203 204 205
f 206 203 205
f 211 212 213
f 213 214 211
f 219 220 221
f 221 222 219
f 223 224 225
f 225 226 223
f 231 232 233
f 233 234 231
f 239 240 241
f 241 242 239
f 243 244 245
f 245 246 243
f 247 248 249
f 249 250 247
f 255 256 257
f 257 258 255
f 263 264 265
f 265 266 263
f 273 274 275
f 276 277 278
f 215 216 217
f 217 218 215
f 259 260 261
f 261 262 259
f 267 268 269
f 270 271 272
f 279 280 281
f 282 283 284
o GraficaStradaZona03
v -19.457005 0.750640 78.699593
v -16.800816 1.499996 78.699585
v -16.800819 1.499996 77.208984
v -19.457005 0.750640 78.699593
v -16.800819 1.499996 77.208984
v -19.457006 0.750640 77.209000
v -33.885178 0.749357 77.209007
v -36.586658 -0.000001 77.209000
v -36.586651 -0.000001 78.699593
v -33.885178 0.749357 77.209007
v -36.586651 -0.000001 78.699593
v -33.885174 0.749357 78.699593
v -23.998886 0.750640 78.699593
v -19.457005 0.750640 78.699593
v -23.998890 0.750640 77.209000
v -19.457005 0.750640 78.699593
v -19.457006 0.750640 77.209000
v -23.998890 0.750640 77.209000
v -25.454748 0.750640 77.209000
v -25.454746 0.750640 78.699585
v -23.998886 0.750640 78.699593
v -23.998886 0.750640 78.699593
v -23.998890 0.750640 77.209000
v -25.454748 0.750640 77.209000
v -23.998890 0.750640 74.970924
v -25.454748 0.750640 74.970924
v -25.454748 0.750640 77.209000
v -23.998890 0.750640 77.209000
v -23.998890 0.750640 73.583008
v -25.454748 0.750640 73.583008
v -25.454748 0.750640 74.970924
v -23.998890 0.750640 74.970924
v -29.381674 0.750640 73.583008
v -29.381674 0.750640 74.970924
v -25.454748 0.750640 74.970924
v -25.454748 0.750640 73.583008
v -30.766830 0.750640 73.583008
v -30.766830 0.750640 74.970924
v -29.381674 0.750640 74.970924
v -29.381674 0.750640 73.583008
v -30.766830 0.750640 77.258408
v -29.381674 0.750640 77.258408
v -29.381674 0.750640 74.970924
v -30.766830 0.750640 74.970924
v -30.766830 0.750640 78.695618
v -29.381674 0.750640 78.695618
v -29.381674 0.750640 77.258408
v -30.766830 0.750640 77.258408
v -33.885178 0.749357 77.209007
v -33.885174 0.749357 78.699593
v -30.766830 0.750640 78.695618
v -30.766830 0.750640 78.695618
v -30.766830 0.750640 77.258408
v -33.885178 0.749357 77.209007
s 0
f 303 304 305
f 306 307 308
f 313 314 315
f 315 316 313
f 321 322 323
f 323 324 321
f 329 330 331
f 331 332 329
f 285 286 287
f 288 289 290
f 291 292 293
f 294 295 296
f 297 298 299
f 300 301 302
f 309 310 311
f 311 312 309
f 317 318 319
f 319 320 317
f 325 326 327
f 327 328 325
f 333 334 335
f 336 337 338
o GraficaStradaZona04
v -49.449680 0.000000 78.701378
v -36.586529 0.000000 78.699585
v -36.586533 0.000000 77.208992
v -49.449680 0.000000 77.208672
v -50.869514 0.000000 78.701378
v -49.449680 0.000000 78.701378
v -50.869514 0.000000 77.208672
v -49.449680 0.000000 77.208672
v -49.449680 0.000000 82.306244
v -49.449680 0.000000 78.701378
v -50.869514 0.000000 82.306267
v -50.869514 0.000000 78.701378
v -49.450581 0.000000 73.602409
v -50.869514 0.000000 73.603783
v -50.869514 0.000000 77.208672
v -50.869514 0.000000 77.208672
v -49.449680 0.000000 77.208672
v -49.450581 0.000000 73.602409
v -57.524357 0.000000 77.208672
v -57.524357 0.000000 78.701378
v -50.869514 0.000000 78.701378
v -50.869514 0.000000 77.208672
v -60.056160 0.000000 75.977188
v -60.056160 0.000000 79.932861
v -57.681980 0.000000 79.932861
v -57.681850 0.000000 78.988182
v -57.681850 0.000000 76.935715
v -57.681980 0.000000 75.977188
v -57.636837 0.000000 77.126465
v -57.636818 0.000000 78.785576
v -57.524357 0.000000 78.701378
v -57.524357 0.000000 77.208672
v -57.524357 0.000000 77.208672
v -57.636818 0.000000 78.785576
s 0
f 343 344 345
f 344 346 345
f 361 362 363
f 361 363 364
f 361 364 365
f 361 365 366
f 367 365 364
f 368 369 370
f 371 367 364
f 364 372 371
f 339 340 341
f 339 341 342
f 347 348 349
f 348 350 349
f 351 352 353
f 354 355 356
f 357 358 359
f 359 360 357
o GraficaStradaZona05
v -50.309071 0.000000 100.446831
v -50.212593 0.000000 99.662590
v -51.054478 -0.000001 99.437965
v -51.175697 -0.000001 100.440872
v -49.979836 0.000000 99.132530
v -50.709717 -0.000001 98.651909
v -49.640316 0.000000 98.761398
v -50.182236 -0.000001 98.079872
v -49.181801 0.000000 98.481689
v -49.546700 -0.000001 97.696480
v -48.611351 0.000000 98.268028
v -48.862129 -0.000001 97.442215
v -47.962639 0.000000 98.095192
v -48.165966 -0.000001 97.257439
v -47.273815 0.000000 97.926277
v -47.492027 -0.000001 97.091965
v -46.578903 0.000000 97.714592
v -46.877464 -0.000001 96.903557
v -45.910187 0.000000 97.401909
v -46.360847 -0.000001 96.659355
v -45.319725 0.000000 96.917763
v -45.964714 -0.000001 96.336388
v -44.893936 0.000000 96.348015
v -45.626591 -0.000001 95.888382
v -44.575493 0.000000 95.714745
v -45.427170 -0.000001 95.371681
v -44.320084 0.000000 95.020416
v -45.243942 -0.000001 94.780113
v -44.118629 0.000000 94.266228
v -45.113564 -0.000001 94.108482
v -43.959984 0.000000 93.450066
v -45.031513 -0.000001 93.354408
v -43.837460 0.000000 92.568275
v -44.993134 -0.000001 92.516685
v -43.747620 0.000000 91.616768
v -44.992279 -0.000001 91.594421
v -43.688683 0.000000 90.591576
v -45.019173 0.000000 90.586594
v -43.658852 0.000000 89.489014
v -45.057732 -0.000001 89.491951
v -43.658852 0.000000 89.489014
v -43.655323 0.000000 88.305557
v -45.081100 0.000000 88.305557
v -45.057732 -0.000001 89.491951
s 0
f 413 414 415
f 415 416 413
f 373 374 375
f 376 373 375
f 374 377 378
f 378 375 374
f 377 379 380
f 380 378 377
f 379 381 382
f 382 380 379
f 381 383 384
f 384 382 381
f 383 385 386
f 386 384 383
f 385 387 388
f 388 386 385
f 387 389 390
f 390 388 387
f 389 391 392
f 392 390 389
f 391 393 394
f 394 392 391
f 393 395 396
f 396 394 393
f 395 397 398
f 398 396 395
f 397 399 400
f 400 398 397
f 399 401 402
f 402 400 399
f 401 403 404
f 404 402 401
f 403 405 406
f 406 404 403
f 405 407 408
f 408 406 405
f 407 409 410
f 410 408 407
f 409 411 412
f 412 410 409
o GraficaStradaZona06
v -44.229534 0.000000 110.304619
v -44.231255 0.000000 109.537811
v -45.093273 -0.000001 109.531624
v -45.092892 0.000000 110.303314
v -44.229740 0.000000 108.789749
v -45.091816 -0.000001 108.794792
v -44.243946 0.000000 108.039352
v -45.105610 -0.000001 108.069572
v -44.286243 0.000000 107.297005
v -45.145710 -0.000001 107.368111
v -44.369732 0.000000 106.572517
v -45.222576 -0.000001 106.703018
v -44.508736 0.000000 105.875229
v -45.345684 -0.000001 106.087326
v -44.719501 0.000000 105.214790
v -45.522930 -0.000001 105.533760
v -45.020546 0.000000 104.603264
v -45.760387 -0.000001 105.053108
v -45.430626 0.000000 104.058731
v -46.063938 -0.000001 104.651291
v -45.962448 0.000000 103.606781
v -46.444347 -0.000001 104.328140
v -46.583504 0.000000 103.284714
v -46.907135 -0.000001 104.086868
v -47.223339 0.000000 103.077560
v -47.444298 -0.000001 103.911613
v -47.853794 0.000000 102.931381
v -48.033337 -0.000001 103.774544
v -48.450619 0.000000 102.801178
v -48.648575 -0.000001 103.640556
v -48.986927 0.000000 102.650192
v -49.266491 -0.000001 103.467903
v -49.435879 0.000000 102.451569
v -49.863510 -0.000001 103.206757
v -49.785736 0.000000 102.186127
v -50.403812 -0.000001 102.801094
v -50.052410 0.000000 101.814972
v -50.829170 -0.000001 102.210892
v -50.239723 0.000000 101.258896
v -51.091145 -0.000001 101.428802
v -50.309074 0.000000 100.446823
v -51.175701 -0.000001 100.440865
s 0
f 417 418 419
f 420 417 419
f 418 421 422
f 422 419 418
f 421 423 424
f 424 422 421
f 423 425 426
f 426 424 423
f 425 427 428
f 428 426 425
f 427 429 430
f 430 428 427
f 429 431 432
f 432 430 429
f 431 433 434
f 434 432 431
f 433 435 436
f 436 434 433
f 435 437 438
f 438 436 435
f 437 439 440
f 440 438 437
f 439 441 442
f 442 440 439
f 441 443 444
f 444 442 441
f 443 445 446
f 446 444 443
f 445 447 448
f 448 446 445
f 447 449 450
f 450 448 447
f 449 451 452
f 452 450 449
f 451 453 454
f 454 452 451
f 453 455 456
f 456 454 453
f 455 457 458
f 458 456 455
o GraficaStradaZona07
v -48.095577 0.000000 117.123047
v -53.847157 0.000000 110.303345
v -54.250576 0.000000 110.375259
v -48.197414 0.000000 117.145096
v -54.592579 0.000000 110.580032
v -48.283749 0.000000 117.207840
v -54.821095 0.000000 110.886513
v -48.341438 0.000000 117.301773
v -54.901344 0.000000 111.248024
v -48.361691 0.000000 117.412560
v -54.901344 -0.000001 128.303619
v -48.361691 -0.000001 121.983292
v -54.821095 -0.000001 128.665146
v -48.341438 -0.000001 122.094078
v -54.592579 -0.000001 128.971603
v -48.283749 -0.000001 122.188004
v -54.250576 -0.000001 129.176392
v -48.197414 -0.000001 122.250755
v -53.847157 -0.000001 129.248291
v -48.095577 -0.000001 122.272789
v -40.595146 -0.000001 129.248291
v -41.377254 -0.000001 122.272789
v -40.191727 -0.000001 129.176392
v -41.275417 -0.000001 122.250755
v -39.849728 -0.000001 128.971603
v -41.189083 -0.000001 122.188004
v -39.621208 -0.000001 128.665146
v -41.131393 -0.000001 122.094078
v -39.540966 -0.000001 128.303619
v -41.111141 -0.000001 121.983292
v -39.540966 0.000000 111.248024
v -41.111141 0.000000 117.412560
v -39.621208 0.000000 110.886513
v -41.131393 0.000000 117.301773
v -39.849728 0.000000 110.580032
v -41.189083 0.000000 117.207840
v -40.191727 0.000000 110.375259
v -41.275417 0.000000 117.145096
v -40.595146 0.000000 110.303345
v -41.377254 0.000000 117.123047
v -45.092892 0.000000 110.303322
v -44.229534 0.000000 110.304626
v -48.293194 0.000000 110.303322
v -47.397644 0.000000 110.303322
v -47.397644 0.000000 107.655968
v -48.293194 0.000000 107.656609
s 0
f 459 460 461
f 459 461 462
f 462 461 463
f 462 463 464
f 464 463 465
f 464 465 466
f 466 465 467
f 466 467 468
f 468 467 469
f 468 469 470
f 470 469 471
f 470 471 472
f 472 471 473
f 472 473 474
f 474 473 475
f 474 475 476
f 476 475 477
f 476 477 478
f 478 477 479
f 478 479 480
f 480 479 481
f 480 481 482
f 482 481 483
f 482 483 484
f 484 483 485
f 484 485 486
f 486 485 487
f 486 487 488
f 488 487 489
f 488 489 490
f 490 489 491
f 490 491 492
f 492 491 493
f 492 493 494
f 494 493 495
f 494 495 496
f 496 495 497
f 496 497 498
f 498 499 460
f 460 459 498
f 498 500 499
f 498 497 500
f 501 502 503
f 503 504 501
o GraficaStradaZona10
v -28.599939 0.000000 120.195801
v -28.599939 0.000000 121.210083
v -16.016806 0.000000 120.195801
v -16.016806 0.000000 121.210083
v -14.880135 0.000000 121.210083
v -14.880135 0.000000 120.195801
v -16.016806 0.000000 120.195801
v -16.016806 0.000000 121.210083
v -16.016806 0.000000 127.780174
v -14.880135 0.000000 127.780174
v -14.880135 0.000000 121.210083
v -16.016806 0.000000 121.210083
v -9.009559 0.000000 121.210083
v -9.009559 0.000000 120.195801
v -14.880135 0.000000 120.195801
v -14.880135 0.000000 121.210083
s 0
f 509 510 511
f 511 512 509
f 505 506 507
f 508 507 506
f 513 514 515
f 515 516 513
f 517 518 519
f 519 520 517
o GraficaStradaZona11
v -16.016804 0.000000 128.968384
v -14.880135 0.000000 128.968384
v -14.880135 0.000000 127.780159
v -16.016804 0.000000 127.780159
v 3.085971 0.000000 128.968384
v 3.085971 0.000000 127.780159
v -14.880135 0.000000 127.780159
v -14.880135 0.000000 128.968384
v -23.951595 0.000000 128.968384
v -16.016804 0.000000 128.968384
v -23.951595 0.000000 127.780159
v -16.016804 0.000000 127.780159
v 4.229818 0.000000 128.968384
v 4.229818 0.000000 127.780159
v 3.085971 0.000000 127.780159
v 3.085971 0.000000 128.968384
v 5.849210 0.200000 128.968384
v 5.849210 0.200000 127.780159
v 4.229818 0.000000 127.780159
v 4.229818 0.000000 128.968384
v 8.326996 0.000000 128.968384
v 8.326996 0.000000 127.780159
v 6.714636 0.200000 127.780159
v 6.714636 0.200000 128.968384
v 33.397430 0.000000 128.968384
v 33.397430 0.000000 127.780159
v 4.055810 0.000000 119.992249
v 3.046494 0.000000 119.980934
v 3.085971 0.000000 127.780159
v 4.229818 0.000000 127.780159
v 34.842083 0.000000 128.968384
v 34.842083 0.000000 127.780159
v 33.397430 0.000000 127.780159
v 33.397430 0.000000 128.968384
v 33.397430 0.000000 138.307556
v 34.842083 0.000000 138.307556
v 34.842083 0.000000 128.968384
v 33.397430 0.000000 128.968384
v 36.191780 0.000000 128.968384
v 36.191780 0.000000 127.780159
v 34.842083 0.000000 127.780159
v 34.842083 0.000000 128.968384
v 36.191780 0.000000 123.396568
v 34.842083 0.000000 123.396568
v 34.842083 0.000000 127.780159
v 36.191780 0.000000 127.780159
v 54.611813 0.000000 128.968384
v 54.611813 0.000000 127.780159
v 36.191780 0.000000 127.780159
v 36.191780 0.000000 128.968384
s 0
f 525 526 527
f 527 528 525
f 529 530 531
f 530 532 531
s 1
f 537 538 539
f 539 540 537
f 541 542 543
f 543 544 541
f 545 546 542
f 542 541 545
s 0
f 563 564 565
f 565 566 563
f 567 568 569
f 569 570 567
f 521 522 523
f 524 521 523
s 1
f 533 534 535
f 535 536 533
s 0
f 551 552 553
f 553 554 551
f 559 560 561
f 561 562 559
f 547 548 549
s 1
f 549 550 547
s 0
f 555 556 557
f 557 558 555
o GraficaStradaZona14
v 65.550880 0.000000 -27.183350
v 64.547989 0.000000 -27.183350
v 65.550880 0.000000 -9.658895
v 64.547989 0.000000 -9.658895
v 64.547989 0.000000 -8.570442
v 65.550880 0.000000 -8.570442
v 65.550880 0.000000 -9.658895
v 64.547989 0.000000 -9.658895
v 65.550880 0.000000 -28.214985
v 64.547989 0.000000 -28.214985
v 64.547989 0.000000 -27.183350
v 65.550880 0.000000 -27.183350
v 75.523460 0.000000 -27.183350
v 75.523460 0.000000 -28.214985
v 65.550880 0.000000 -28.214985
v 65.550880 0.000000 -27.183350
v 75.536301 0.000000 -8.570442
v 75.536301 0.000000 -9.658895
v 65.550880 0.000000 -9.658895
v 65.550880 0.000000 -8.570442
v 76.414688 0.000000 -27.183350
v 76.414688 0.000000 -28.214985
v 75.523460 0.000000 -28.214985
v 75.523460 0.000000 -27.183350
v 76.429588 0.000000 -8.570442
v 76.429588 0.000000 -9.658895
v 75.536301 0.000000 -9.658895
v 75.536301 0.000000 -8.570442
v 76.414688 0.000000 -17.189434
v 75.523460 0.000000 -17.189434
v 75.536301 0.000000 -9.658895
v 76.429588 0.000000 -9.658895
v 75.523460 0.000000 -18.182415
v 76.414688 0.000000 -18.182415
v 76.414688 0.000000 -27.183350
v 75.523460 0.000000 -27.183350
v 75.523460 0.000000 -17.189434
v 76.414688 0.000000 -17.189434
v 76.414688 0.000000 -18.182415
v 75.523460 0.000000 -18.182415
v 94.396233 0.000000 -17.189434
v 94.396233 0.000000 -18.182415
v 76.414688 0.000000 -18.182415
v 76.414688 0.000000 -17.189434
s 0
f 607 608 609
f 609 610 607
f 571 572 573
f 574 573 572
f 583 584 585
f 585 586 583
f 587 588 589
f 589 590 587
f 599 600 601
f 601 602 599
f 603 604 605
f 605 606 603
f 575 576 577
f 577 578 575
f 579 580 581
f 581 582 579
f 591 592 593
f 593 594 591
f 595 596 597
f 597 598 595
f 611 612 613
f 613 614 611
o Marciapiede1Zona08
v -44.217178 0.014999 133.294540
v -44.228535 0.014999 136.688431
v -37.472866 0.014999 132.109329
v -41.712654 0.000000 135.519531
v -37.472866 0.014999 132.109329
v -44.228535 0.014999 136.688431
v -45.079174 0.014999 139.505661
v -45.090580 0.014999 136.687332
v -47.285141 0.000000 139.526993
v -47.478901 0.000000 131.937485
v -47.285141 0.000000 139.526993
v -45.090580 0.014999 136.687332
v -44.228535 0.014999 136.688431
v -44.217152 0.014999 139.495285
v -41.712654 0.000000 135.519531
v -41.851387 0.014999 139.458786
v -41.712654 0.000000 135.519531
v -44.217152 0.014999 139.495285
v -45.021164 0.014999 141.816559
v -45.079174 0.014999 139.505661
v -47.158581 0.000000 141.966232
v -47.285141 0.000000 139.526993
v -47.158581 0.000000 141.966232
v -45.079174 0.014999 139.505661
v -44.217152 0.014999 139.495285
v -44.159718 0.014999 141.779449
v -41.851387 0.014999 139.458786
v -41.861183 0.014999 141.661682
v -44.891781 0.014999 143.692047
v -45.021164 0.014999 141.816559
v -47.158581 0.000000 143.910690
v -47.158581 0.000000 141.966232
v -47.158581 0.000000 143.910690
v -45.021164 0.014999 141.816559
v -44.033630 0.014999 143.603134
v -41.713531 0.014999 143.329697
v -44.033630 0.014999 143.603134
v -44.891781 0.014999 143.692047
v -47.158581 0.000000 143.910690
v -44.391140 0.000000 144.248825
v -41.713531 0.014999 143.329697
v -44.033630 0.014999 143.603134
v -47.158581 0.000000 143.910690
v -44.391140 0.000000 144.248825
v -44.033630 0.014999 143.603134
v -45.079212 0.000000 133.291016
v -45.068668 0.000000 129.247986
v -45.068668 0.014999 129.248062
v -45.068668 0.014999 129.248062
v -45.079212 0.014999 133.291092
v -45.079212 0.000000 133.291016
v -44.217178 -0.000001 133.294464
v -44.217178 0.014999 133.294540
v -44.206631 -0.000001 129.248444
v -44.206631 0.014999 129.248520
v -45.090580 0.000000 136.687256
v -45.079212 0.000000 133.291016
v -45.079212 0.014999 133.291092
v -45.079212 0.014999 133.291092
v -45.090580 0.014999 136.687332
v -45.090580 0.000000 136.687256
v -44.217178 -0.000001 133.294464
v -44.228535 -0.000001 136.688354
v -44.228535 0.014999 136.688431
v -44.228535 0.014999 136.688431
v -44.217178 0.014999 133.294540
v -44.217178 -0.000001 133.294464
v -45.079174 0.000000 139.505661
v -45.090580 0.000000 136.687256
v -45.090580 0.014999 136.687332
v -45.090580 0.014999 136.687332
v -45.079174 0.014999 139.505661
v -45.079174 0.000000 139.505661
v -44.228535 -0.000001 136.688354
v -44.217152 -0.000001 139.495285
v -44.217152 0.014999 139.495285
v -44.217152 0.014999 139.495285
v -44.228535 0.014999 136.688431
v -44.228535 -0.000001 136.688354
v -45.021164 0.000000 141.816483
v -45.079174 0.000000 139.505661
v -45.079174 0.014999 139.505661
v -45.079174 0.014999 139.505661
v -45.021164 0.014999 141.816559
v -45.021164 0.000000 141.816483
v -44.217152 -0.000001 139.495285
v -44.159718 -0.000001 141.779373
v -44.159718 0.014999 141.779449
v -44.159718 0.014999 141.779449
v -44.217152 0.014999 139.495285
v -44.217152 -0.000001 139.495285
v -44.891781 0.000000 143.691971
v -45.021164 0.000000 141.816483
v -45.021164 0.014999 141.816559
v -45.021164 0.014999 141.816559
v -44.891781 0.014999 143.692047
v -44.891781 0.000000 143.691971
v -44.159718 -0.000001 141.779373
v -44.033630 -0.000001 143.603058
v -44.033630 0.014999 143.603134
v -44.033630 0.014999 143.603134
v -44.159718 0.014999 141.779449
v -44.159718 -0.000001 141.779373
v -44.033630 -0.000001 143.603058
v -44.891781 0.000000 143.691971
v -44.891781 0.014999 143.692047
v -44.891781 0.014999 143.692047
v -44.033630 0.014999 143.603134
v -44.033630 -0.000001 143.603058
v -47.478901 0.000000 131.937485
v -45.090580 0.014999 136.687332
v -45.079212 0.014999 133.291092
v -47.478901 0.000000 131.937485
v -45.079212 0.014999 133.291092
v -45.068668 0.014999 129.248062
v -44.206631 0.014999 129.248520
v -44.217178 0.014999 133.294540
v -37.472866 0.014999 132.109329
s 0
f 615 616 617
f 618 619 620
f 621 622 623
f 624 625 626
f 627 628 629
f 630 631 632
f 633 634 635
f 636 637 638
f 639 640 641
f 642 641 640
f 643 644 645
f 646 647 648
f 640 649 642
f 650 642 649
f 651 652 653
f 654 655 656
f 657 658 659
f 660 661 662
f 663 664 665
f 666 667 668
f 667 669 668
f 670 671 672
f 673 674 675
f 676 677 678
f 679 680 681
f 682 683 684
f 685 686 687
f 688 689 690
f 691 692 693
f 694 695 696
f 697 698 699
f 700 701 702
f 703 704 705
f 706 707 708
f 709 710 711
f 712 713 714
f 715 716 717
f 718 719 720
f 721 722 723
f 724 725 726
f 727 728 729
f 730 731 732
o Marciapiede2Zona08
v -45.068668 0.000000 129.247986
v -45.079212 0.000000 133.291016
v -44.217178 -0.000001 133.294464
v -44.206631 -0.000001 129.248444
v -45.090580 0.000000 136.687271
v -44.228535 -0.000001 136.688354
v -45.079174 0.000000 139.505676
v -44.217152 -0.000001 139.495285
v -45.021164 0.000000 141.816483
v -44.159718 -0.000001 141.779358
v -44.891781 0.000000 143.691971
v -44.033630 -0.000001 143.603058
s 0
f 733 734 735
f 736 733 735
f 734 737 738
f 738 735 734
f 737 739 740
f 740 738 737
f 739 741 742
f 742 740 739
f 741 743 744
f 744 742 741
o MarciapiedeChiesa
v -48.219208 0.015000 117.269135
v -48.219208 0.015000 122.126724
v -41.253628 0.015000 122.126724
v -41.253628 0.015000 117.269135
v -48.095581 0.015000 117.123062
v -48.197418 0.015000 117.145096
v -48.283752 0.015000 117.207855
v -48.341438 0.015000 117.301773
v -48.361694 0.015000 117.412567
v -48.361694 0.015000 121.983292
v -48.341438 0.015000 122.094086
v -48.283752 0.015000 122.188004
v -48.197418 0.015000 122.250763
v -48.095581 0.015000 122.272797
v -41.377254 0.015000 122.272797
v -41.275417 0.015000 122.250763
v -41.189083 0.015000 122.188004
v -41.131397 0.015000 122.094086
v -41.111141 0.015000 121.983292
v -41.111141 0.015000 117.412567
v -41.131397 0.015000 117.301773
v -41.189083 0.015000 117.207855
v -41.275417 0.015000 117.145096
v -41.377254 0.015000 117.123062
v -48.095581 -0.060846 117.123039
v -48.197414 -0.060846 117.145088
v -48.197418 0.015000 117.145096
v -48.197418 0.015000 117.145096
v -48.095581 0.015000 117.123062
v -48.095581 -0.060846 117.123039
v -48.197414 -0.060846 117.145088
v -48.283749 -0.060846 117.207832
v -48.283752 0.015000 117.207855
v -48.283752 0.015000 117.207855
v -48.197418 0.015000 117.145096
v -48.197414 -0.060846 117.145088
v -48.283749 -0.060846 117.207832
v -48.341438 -0.060846 117.301765
v -48.341438 0.015000 117.301773
v -48.341438 0.015000 117.301773
v -48.283752 0.015000 117.207855
v -48.283749 -0.060846 117.207832
v -48.341438 -0.060846 117.301765
v -48.361691 -0.060846 117.412552
v -48.361694 0.015000 117.412567
v -48.361694 0.015000 117.412567
v -48.341438 0.015000 117.301773
v -48.341438 -0.060846 117.301765
v -48.361691 -0.060846 117.412552
v -48.361691 -0.060846 121.983269
v -48.361694 0.015000 121.983292
v -48.361694 0.015000 121.983292
v -48.361694 0.015000 117.412567
v -48.361691 -0.060846 117.412552
v -48.361691 -0.060846 121.983269
v -48.341438 -0.060846 122.094063
v -48.341438 0.015000 122.094086
v -48.341438 0.015000 122.094086
v -48.361694 0.015000 121.983292
v -48.361691 -0.060846 121.983269
v -48.341438 -0.060846 122.094063
v -48.283749 -0.060846 122.187996
v -48.283752 0.015000 122.188004
v -48.283752 0.015000 122.188004
v -48.341438 0.015000 122.094086
v -48.341438 -0.060846 122.094063
v -48.283749 -0.060846 122.187996
v -48.197414 -0.060846 122.250748
v -48.197418 0.015000 122.250763
v -48.197418 0.015000 122.250763
v -48.283752 0.015000 122.188004
v -48.283749 -0.060846 122.187996
v -48.197414 -0.060846 122.250748
v -48.095581 -0.060846 122.272781
v -48.095581 0.015000 122.272797
v -48.095581 0.015000 122.272797
v -48.197418 0.015000 122.250763
v -48.197414 -0.060846 122.250748
v -48.095581 -0.060846 122.272781
v -41.377254 -0.060846 122.272781
v -41.377254 0.015000 122.272797
v -48.095581 0.015000 122.272797
v -41.377254 -0.060846 122.272781
v -41.275417 -0.060846 122.250748
v -41.275417 0.015000 122.250763
v -41.275417 0.015000 122.250763
v -41.377254 0.015000 122.272797
v -41.377254 -0.060846 122.272781
v -41.275417 -0.060846 122.250748
v -41.189083 -0.060846 122.187996
v -41.189083 0.015000 122.188004
v -41.189083 0.015000 122.188004
v -41.275417 0.015000 122.250763
v -41.275417 -0.060846 122.250748
v -41.189083 -0.060846 122.187996
v -41.131393 -0.060846 122.094063
v -41.131397 0.015000 122.094086
v -41.131397 0.015000 122.094086
v -41.189083 0.015000 122.188004
v -41.189083 -0.060846 122.187996
v -41.131393 -0.060846 122.094063
v -41.111141 -0.060846 121.983269
v -41.111141 0.015000 121.983292
v -41.111141 0.015000 121.983292
v -41.131397 0.015000 122.094086
v -41.131393 -0.060846 122.094063
v -41.111141 -0.060846 121.983269
v -41.111141 -0.060846 117.412552
v -41.111141 0.015000 117.412567
v -41.111141 0.015000 121.983292
v -41.111141 -0.060846 117.412552
v -41.131393 -0.060846 117.301765
v -41.131397 0.015000 117.301773
v -41.131397 0.015000 117.301773
v -41.111141 0.015000 117.412567
v -41.111141 -0.060846 117.412552
v -41.131393 -0.060846 117.301765
v -41.189083 -0.060846 117.207832
v -41.189083 0.015000 117.207855
v -41.189083 0.015000 117.207855
v -41.131397 0.015000 117.301773
v -41.131393 -0.060846 117.301765
v -41.189083 -0.060846 117.207832
v -41.275417 -0.060846 117.145088
v -41.275417 0.015000 117.145096
v -41.275417 0.015000 117.145096
v -41.189083 0.015000 117.207855
v -41.189083 -0.060846 117.207832
v -41.275417 -0.060846 117.145088
v -41.377254 -0.060846 117.123039
v -41.377254 0.015000 117.123062
v -41.377254 0.015000 117.123062
v -41.275417 0.015000 117.145096
v -41.275417 -0.060846 117.145088
v -41.377254 -0.060846 117.123039
v -48.095581 -0.060846 117.123039
v -48.095581 0.015000 117.123062
v -41.377254 0.015000 117.123062
s 1
f 745 749 750
f 745 750 751
f 745 751 752
f 745 752 753
f 745 753 754
f 745 754 746
f 746 754 755
f 746 755 756
f 746 756 757
f 746 757 758
f 746 758 759
f 746 759 747
f 747 759 760
f 747 760 761
f 747 761 762
f 747 762 763
f 747 763 764
f 747 764 748
f 748 764 765
f 748 765 766
f 748 766 767
f 748 767 768
f 748 768 749
f 749 745 748
s 0
f 769 770 771
f 772 773 774
f 775 776 777
f 778 779 780
f 781 782 783
f 784 785 786
f 787 788 789
f 790 791 792
f 793 794 795
f 796 797 798
f 799 800 801
f 802 803 804
f 805 806 807
f 808 809 810
f 811 812 813
f 814 815 816
f 817 818 819
f 820 821 822
f 823 824 825
f 825 826 823
f 827 828 829
f 830 831 832
f 833 834 835
f 836 837 838
f 839 840 841
f 842 843 844
f 845 846 847
f 848 849 850
f 851 852 853
f 853 854 851
f 855 856 857
f 858 859 860
f 861 862 863
f 864 865 866
f 867 868 869
f 870 871 872
f 873 874 875
f 876 877 878
f 879 880 881
f 881 882 879
f 745 746 747
f 745 747 748
o MarciapiedeZona01
v -10.566163 0.020000 90.477379
v -10.565284 0.020000 96.589539
v -2.520101 0.020000 96.589111
v -10.566163 0.020000 90.477379
v -2.520101 0.020000 96.589111
v -2.521009 0.020000 90.476959
v -0.895432 0.020000 90.477303
v -0.896322 0.020000 96.588905
v 7.150638 0.020000 96.589035
v -0.895432 0.020000 90.477303
v 7.150638 0.020000 96.589035
v 7.149720 0.020000 90.476891
v -0.894773 0.020000 98.214073
v -0.895663 0.020000 104.325706
v 7.151259 0.020000 104.325829
v -0.894773 0.020000 98.214073
v 7.151259 0.020000 104.325829
v 7.150424 0.020000 98.213654
v -12.519992 0.020000 98.206078
v -12.519942 0.020001 88.884094
v -16.961040 0.020001 88.881004
v -16.961040 0.020001 88.881004
v -16.962681 0.020000 110.004204
v -10.644019 0.020000 105.950378
v -10.643777 0.020000 104.325745
v -2.519446 0.020000 104.325905
v -2.520350 0.020000 98.213699
v -12.519992 0.020000 98.206078
v -16.961040 0.020001 88.881004
v -10.644019 0.020000 105.950378
v -10.643777 0.020000 104.325745
v -2.520350 0.020000 98.213699
v -12.519992 0.020000 98.206078
v -10.644019 0.020000 105.950378
v -10.643777 0.020000 104.325745
v -12.519992 0.020000 98.206078
v 8.774894 0.020000 105.950035
v -10.644019 0.020000 105.950378
v -16.962681 0.020000 110.004204
v 12.945514 0.020000 110.006714
v 12.945506 0.020000 88.890511
v 8.775311 0.020001 88.892075
v 8.774894 0.020000 105.950035
v -16.962681 0.020000 110.004204
v 12.945514 0.020000 110.006714
v 12.945514 0.020000 110.006714
v 8.775311 0.020001 88.892075
v 8.774894 0.020000 105.950035
v -10.604849 0.000002 90.438713
v -10.603957 0.000002 96.628212
v -10.603948 0.020000 96.628220
v -10.603948 0.020000 96.628220
v -10.604840 0.020000 90.438713
v -10.604849 0.000002 90.438713
v -10.603957 0.000002 96.628212
v -2.481427 0.000002 96.627777
v -2.481426 0.020000 96.627777
v -2.481426 0.020000 96.627777
v -10.603948 0.020000 96.628220
v -10.603957 0.000002 96.628212
v -2.481427 0.000002 96.627777
v -2.482345 0.000002 90.438286
v -2.482344 0.020000 90.438286
v -2.482344 0.020000 90.438286
v -2.481426 0.020000 96.627777
v -2.481427 0.000002 96.627777
v -2.482345 0.000002 90.438286
v -10.604849 0.000002 90.438713
v -10.604840 0.020000 90.438713
v -10.604840 0.020000 90.438713
v -2.482344 0.020000 90.438286
v -2.482345 0.000002 90.438286
v -0.934097 0.000002 90.438637
v -0.934999 0.000002 96.627571
v -0.934999 0.020000 96.627571
v -0.934999 0.020000 96.627571
v -0.934097 0.020000 90.438637
v -0.934097 0.000002 90.438637
v -0.934999 0.000002 96.627571
v 7.189322 0.000002 96.627708
v 7.189319 0.020000 96.627708
v 7.189319 0.020000 96.627708
v -0.934999 0.020000 96.627571
v -0.934999 0.000002 96.627571
v 7.189322 0.000002 96.627708
v 7.188394 0.000002 90.438202
v 7.188392 0.020000 90.438210
v 7.188392 0.020000 90.438210
v 7.189319 0.020000 96.627708
v 7.189322 0.000002 96.627708
v 7.188394 0.000002 90.438202
v -0.934097 0.000002 90.438637
v -0.934097 0.020000 90.438637
v -0.934097 0.020000 90.438637
v 7.188392 0.020000 90.438210
v 7.188394 0.000002 90.438202
v -0.933438 0.000002 98.175407
v -0.934339 0.000001 104.364380
v -0.934339 0.020000 104.364380
v -0.934339 0.020000 104.364380
v -0.933438 0.020000 98.175407
v -0.933438 0.000002 98.175407
v -0.934339 0.000001 104.364380
v 7.189944 0.000001 104.364502
v 7.189940 0.020000 104.364502
v 7.189940 0.020000 104.364502
v -0.934339 0.020000 104.364380
v -0.934339 0.000001 104.364380
v 7.189944 0.000001 104.364502
v 7.189092 0.000002 98.174980
v 7.189088 0.020000 98.174980
v 7.189088 0.020000 98.174980
v 7.189940 0.020000 104.364502
v 7.189944 0.000001 104.364502
v 7.189092 0.000002 98.174980
v -0.933438 0.000002 98.175407
v -0.933438 0.020000 98.175407
v -0.933438 0.020000 98.175407
v 7.189088 0.020000 98.174980
v 7.189092 0.000002 98.174980
v -12.481327 0.000003 98.167442
v -12.481277 0.000003 88.883965
v -12.481268 0.020000 88.883965
v -12.481268 0.020000 88.883965
v -12.481318 0.020000 98.167442
v -12.481327 0.000003 98.167442
v -10.605117 0.000002 104.364418
v -2.480771 0.000002 104.364578
v -2.480770 0.020000 104.364578
v -2.480770 0.020000 104.364578
v -10.605115 0.020000 104.364418
v -10.605117 0.000002 104.364418
v -2.480771 0.000002 104.364578
v -2.481686 0.000002 98.175056
v -2.481685 0.020000 98.175056
v -2.481685 0.020000 98.175056
v -2.480770 0.020000 104.364578
v -2.480771 0.000002 104.364578
v -2.481686 0.000002 98.175056
v -12.481327 0.000003 98.167442
v -12.481318 0.020000 98.167442
v -12.481318 0.020000 98.167442
v -2.481685 0.020000 98.175056
v -2.481686 0.000002 98.175056
v -10.605349 0.000001 105.911705
v -10.605117 0.000002 104.364418
v -10.605115 0.020000 104.364418
v -10.605115 0.020000 104.364418
v -10.605346 0.020000 105.911697
v -10.605349 0.000001 105.911705
v 8.736227 0.000001 105.911369
v -10.605349 0.000001 105.911705
v -10.605346 0.020000 105.911697
v -10.605346 0.020000 105.911697
v 8.736217 0.020000 105.911354
v 8.736227 0.000001 105.911369
v 8.736651 -0.000020 88.890816
v 8.736227 0.000001 105.911369
v 8.736217 0.020000 105.911354
v 8.736217 0.020000 105.911354
v 8.736644 0.020000 88.890823
v 8.736651 -0.000020 88.890816
v -0.934097 0.020000 90.438637
v -0.934999 0.020000 96.627571
v -0.896322 0.020000 96.588905
v -0.896322 0.020000 96.588905
v -0.895432 0.020000 90.477303
v -0.934097 0.020000 90.438637
v -0.934999 0.020000 96.627571
v 7.189319 0.020000 96.627708
v 7.150638 0.020000 96.589035
v 7.150638 0.020000 96.589035
v -0.896322 0.020000 96.588905
v -0.934999 0.020000 96.627571
v 7.189319 0.020000 96.627708
v 7.188392 0.020000 90.438210
v 7.149720 0.020000 90.476891
v 7.149720 0.020000 90.476891
v 7.150638 0.020000 96.589035
v 7.189319 0.020000 96.627708
v 7.188392 0.020000 90.438210
v -0.934097 0.020000 90.438637
v -0.895432 0.020000 90.477303
v 7.188392 0.020000 90.438210
v -10.604840 0.020000 90.438713
v -10.603948 0.020000 96.628220
v -10.565284 0.020000 96.589539
v -10.565284 0.020000 96.589539
v -10.566163 0.020000 90.477379
v -10.604840 0.020000 90.438713
v -10.603948 0.020000 96.628220
v -2.481426 0.020000 96.627777
v -2.520101 0.020000 96.589111
v -2.520101 0.020000 96.589111
v -10.565284 0.020000 96.589539
v -10.603948 0.020000 96.628220
v -2.481426 0.020000 96.627777
v -2.482344 0.020000 90.438286
v -2.521009 0.020000 90.476959
v -2.521009 0.020000 90.476959
v -2.520101 0.020000 96.589111
v -2.481426 0.020000 96.627777
v -10.604840 0.020000 90.438713
v -10.566163 0.020000 90.477379
v -2.482344 0.020000 90.438286
v -2.521009 0.020000 90.476959
v -0.933438 0.020000 98.175407
v -0.934339 0.020000 104.364380
v -0.895663 0.020000 104.325706
v -0.895663 0.020000 104.325706
v -0.894773 0.020000 98.214073
v -0.933438 0.020000 98.175407
v -0.934339 0.020000 104.364380
v 7.189940 0.020000 104.364502
v 7.151259 0.020000 104.325829
v -0.895663 0.020000 104.325706
v 7.189940 0.020000 104.364502
v 7.189088 0.020000 98.174980
v 7.150424 0.020000 98.213654
v 7.150424 0.020000 98.213654
v 7.151259 0.020000 104.325829
v 7.189940 0.020000 104.364502
v 7.189088 0.020000 98.174980
v -0.933438 0.020000 98.175407
v -0.894773 0.020000 98.214073
v -0.894773 0.020000 98.214073
v 7.150424 0.020000 98.213654
v 7.189088 0.020000 98.174980
v -12.481318 0.020000 98.167442
v -12.481268 0.020000 88.883965
v -12.519942 0.020001 88.884094
v -12.519942 0.020001 88.884094
v -12.519992 0.020000 98.206078
v -12.481318 0.020000 98.167442
v -10.605115 0.020000 104.364418
v -2.480770 0.020000 104.364578
v -2.480770 0.020000 104.364578
v -2.481685 0.020000 98.175056
v -2.520350 0.020000 98.213699
v -2.520350 0.020000 98.213699
v -2.519446 0.020000 104.325905
v -2.480770 0.020000 104.364578
v -2.481685 0.020000 98.175056
v -12.481318 0.020000 98.167442
v -12.519992 0.020000 98.206078
v -2.520350 0.020000 98.213699
v -10.605346 0.020000 105.911697
v -10.605115 0.020000 104.364418
v -10.643777 0.020000 104.325745
v -10.643777 0.020000 104.325745
v -10.644019 0.020000 105.950378
v -10.605346 0.020000 105.911697
v 8.736217 0.020000 105.911354
v -10.605346 0.020000 105.911697
v -10.644019 0.020000 105.950378
v 8.774894 0.020000 105.950035
v 8.736644 0.020000 88.890823
v 8.736217 0.020000 105.911354
v 8.774894 0.020000 105.950035
v 8.774894 0.020000 105.950035
v 8.775311 0.020001 88.892075
v 8.736644 0.020000 88.890823
s 0
f 931 932 933
f 934 935 936
f 937 938 939
f 940 941 942
f 943 944 945
f 946 947 948
f 949 950 951
f 952 953 954
f 955 956 957
f 958 959 960
f 961 962 963
f 964 965 966
f 967 968 969
f 970 971 972
f 973 974 975
f 976 977 978
f 979 980 981
f 982 983 984
f 985 986 987
f 988 989 990
f 991 992 993
f 994 995 996
f 997 998 999
f 1000 1001 1002
f 1003 1004 1005
f 1006 1007 1008
f 1009 1010 1011
f 1012 1013 1014
f 1015 1016 1017
f 1018 1019 1020
f 1021 1022 1023
f 1024 1025 1026
f 1027 1028 1029
f 1030 1031 1032
f 1033 1034 1035
f 1036 1037 1038
f 1039 1040 1041
f 1042 1043 1044
f 1045 1046 1047
f 1048 1049 1050
f 1051 1052 1053
f 1054 1055 1056
f 1057 1058 1059
f 1060 1061 1062
f 1063 1064 1065
f 892 894 1066
f 1067 1068 1069
f 1070 1071 1072
f 1073 1074 1075
f 1076 1077 1078
f 1079 1080 1081
f 1082 1083 1084
f 1085 1086 1087
f 1086 1088 1087
f 1089 1090 1091
f 1092 1093 1094
f 1095 1096 1097
f 1097 1098 1095
f 1099 1100 1101
f 1102 1103 1104
f 1105 1106 1107
f 1108 1109 1110
f 1111 1112 1113
f 1114 1115 1116
f 1117 1118 908
f 908 907 1117
f 1119 1120 1121
f 1122 1123 1124
f 1125 1126 1127
f 1127 1128 1125
f 1129 1130 1131
f 1132 1133 1134
f 1135 1136 1137
f 1137 1138 1135
f 1139 1140 1141
f 1142 1143 1144
f 883 884 885
f 886 887 888
f 889 890 891
f 892 893 894
f 895 896 897
f 898 899 900
f 901 902 903
f 904 905 906
f 907 908 909
f 910 911 912
f 913 914 915
f 916 917 918
f 919 920 921
f 922 923 924
f 925 926 927
f 928 929 930
o MarciapiedeZona02
v -10.566166 1.515000 75.003502
v -10.565283 1.515000 81.115654
v -2.520102 1.515000 81.115227
v -10.566166 1.515000 75.003502
v -2.520102 1.515000 81.115227
v -2.521009 1.515000 75.003082
v -0.895431 1.515000 75.003426
v -0.896322 1.515000 81.115021
v 7.150638 1.515000 81.115158
v -0.895431 1.515000 75.003426
v 7.150638 1.515000 81.115158
v 7.149722 1.515000 75.003014
v -10.565512 1.515000 82.744652
v -10.565903 0.020001 88.859299
v -2.520126 0.020000 88.858818
v -10.565512 1.515000 82.744652
v -2.520126 0.020000 88.858818
v -2.520354 1.515000 82.744225
v -0.894770 1.515000 82.744568
v -0.895413 0.020000 88.858795
v 7.150630 0.020000 88.858643
v -0.894770 1.515000 82.744568
v 7.150630 0.020000 88.858643
v 7.150414 1.515000 82.744148
v 8.774490 0.020001 88.891426
v 12.944845 0.020000 88.923531
v 12.956362 1.515000 82.695747
v 8.774490 0.020001 88.891426
v 12.956362 1.515000 82.695747
v 8.774784 1.515000 82.702827
v -16.829882 1.515000 73.039803
v -16.802130 1.515000 77.171524
v -12.665234 1.515000 77.171318
v -16.829882 1.515000 73.039803
v -12.665234 1.515000 77.171318
v -12.664188 1.515000 73.371689
v -16.810566 1.515000 82.677422
v -16.961393 0.020001 88.845169
v -10.644377 0.020001 88.855080
v -16.810566 1.515000 82.677422
v -10.644377 0.020001 88.855080
v -10.644670 1.515000 82.741592
v -16.810566 1.515000 82.677422
v -10.644670 1.515000 82.741592
v -12.664421 1.515000 82.707214
v -12.664421 1.515000 82.707214
v -12.665245 1.515000 78.746696
v -16.802032 1.515000 78.740517
v -12.664421 1.515000 82.707214
v -16.802032 1.515000 78.740517
v -16.810566 1.515000 82.677422
v -0.934977 1.515000 73.379990
v 8.774303 1.515000 73.380020
v 12.960299 1.515000 73.039696
v -0.934977 1.515000 73.379990
v 12.960299 1.515000 73.039696
v -1.651881 1.515000 73.038658
v -0.934977 1.515000 73.379990
v -1.651881 1.515000 73.038658
v -2.483264 1.515000 73.379845
v -1.651881 1.515000 73.038658
v -16.829882 1.515000 73.039803
v -12.664188 1.515000 73.371689
v -1.651881 1.515000 73.038658
v -12.664188 1.515000 73.371689
v -2.483264 1.515000 73.379845
v 8.774303 1.515000 73.380020
v 8.774784 1.515000 82.702827
v 12.956362 1.515000 82.695747
v 8.774303 1.515000 73.380020
v 12.956362 1.515000 82.695747
v 12.960299 1.515000 73.039696
v -0.933437 1.500000 82.701515
v -0.934087 -0.000019 88.890923
v -0.934087 0.020000 88.895470
v -0.934087 0.020000 88.895470
v -0.933437 1.515000 82.706078
v -0.933437 1.500000 82.701515
v -0.934087 -0.000019 88.890923
v 7.189304 -0.000020 88.890762
v 7.189301 0.020000 88.895317
v 7.189301 0.020000 88.895317
v -0.934087 0.020000 88.895470
v -0.934087 -0.000019 88.890923
v 7.189304 -0.000020 88.890762
v 7.189092 1.500000 82.701103
v 7.189087 1.515000 82.705650
v 7.189087 1.515000 82.705650
v 7.189301 0.020000 88.895317
v 7.189304 -0.000020 88.890762
v 7.189092 1.500000 82.701103
v -0.933437 1.500000 82.701515
v -0.933437 1.515000 82.706078
v -0.933437 1.515000 82.706078
v 7.189087 1.515000 82.705650
v 7.189092 1.500000 82.701103
v -0.933437 1.515000 82.706078
v -0.934087 0.020000 88.895470
v -0.895413 0.020000 88.858795
v -0.895413 0.020000 88.858795
v -0.894770 1.515000 82.744568
v -0.933437 1.515000 82.706078
v -0.934087 0.020000 88.895470
v 7.189301 0.020000 88.895317
v 7.150630 0.020000 88.858643
v -0.895413 0.020000 88.858795
v 7.189301 0.020000 88.895317
v 7.189087 1.515000 82.705650
v 7.150414 1.515000 82.744148
v 7.150414 1.515000 82.744148
v 7.150630 0.020000 88.858643
v 7.189301 0.020000 88.895317
v 7.189087 1.515000 82.705650
v -0.933437 1.515000 82.706078
v -0.894770 1.515000 82.744568
v 7.150414 1.515000 82.744148
v -10.604191 1.500001 82.701599
v -10.604580 -0.000018 88.891418
v -10.604576 0.020001 88.895973
v -10.604576 0.020001 88.895973
v -10.604183 1.515000 82.706161
v -10.604191 1.500001 82.701599
v -10.604580 -0.000018 88.891418
v -2.481455 -0.000019 88.890930
v -2.481455 0.020001 88.895493
v -2.481455 0.020001 88.895493
v -10.604576 0.020001 88.895973
v -10.604580 -0.000018 88.891418
v -2.481455 -0.000019 88.890930
v -2.481684 1.500001 82.701172
v -2.481684 1.515000 82.705727
v -2.481684 1.515000 82.705727
v -2.481455 0.020001 88.895493
v -2.481455 -0.000019 88.890930
v -2.481684 1.500001 82.701172
v -10.604191 1.500001 82.701599
v -10.604183 1.515000 82.706161
v -10.604183 1.515000 82.706161
v -2.481684 1.515000 82.705727
v -2.481684 1.500001 82.701172
v -10.604183 1.515000 82.706161
v -10.604576 0.020001 88.895973
v -10.565903 0.020001 88.859299
v -10.565903 0.020001 88.859299
v -10.565512 1.515000 82.744652
v -10.604183 1.515000 82.706161
v -10.604576 0.020001 88.895973
v -2.481455 0.020001 88.895493
v -2.520126 0.020000 88.858818
v -2.520126 0.020000 88.858818
v -10.565903 0.020001 88.859299
v -10.604576 0.020001 88.895973
v -2.481455 0.020001 88.895493
v -2.481684 1.515000 82.705727
v -2.520354 1.515000 82.744225
v -2.520354 1.515000 82.744225
v -2.520126 0.020000 88.858818
v -2.481455 0.020001 88.895493
v -2.481684 1.515000 82.705727
v -10.604183 1.515000 82.706161
v -10.565512 1.515000 82.744652
v -2.520354 1.515000 82.744225
v -16.999704 0.000001 88.880814
v -10.604580 -0.000018 88.891418
v -10.605873 0.020001 88.893463
v -10.605873 0.020001 88.893463
v -17.000996 0.020001 88.882866
v -16.999704 0.000001 88.880814
v -10.604580 -0.000018 88.891418
v -10.604189 1.500001 82.701607
v -10.605480 1.515000 82.703651
v -10.605480 1.515000 82.703651
v -10.605873 0.020001 88.893463
v -10.604580 -0.000018 88.891418
v -10.604189 1.500001 82.701607
v -12.624567 1.500000 82.667229
v -12.625860 1.515000 82.669273
v -12.625860 1.515000 82.669273
v -10.605480 1.515000 82.703651
v -10.604189 1.500001 82.701607
v -12.624567 1.500000 82.667229
v -12.625389 1.500001 78.706108
v -12.626678 1.515000 78.708168
v -12.626678 1.515000 78.708168
v -12.625860 1.515000 82.669273
v -12.624567 1.500000 82.667229
v -12.625389 1.500001 78.706108
v -16.800817 1.500000 78.699585
v -16.802103 1.515000 78.701653
v -16.802103 1.515000 78.701653
v -12.626678 1.515000 78.708168
v -12.625389 1.500001 78.706108
v -17.000996 0.020001 88.882866
v -10.605873 0.020001 88.893463
v -10.644377 0.020001 88.855080
v -10.644377 0.020001 88.855080
v -16.961393 0.020001 88.845169
v -17.000996 0.020001 88.882866
v -10.605873 0.020001 88.893463
v -10.605480 1.515000 82.703651
v -10.644670 1.515000 82.741592
v -10.644670 1.515000 82.741592
v -10.644377 0.020001 88.855080
v -10.605873 0.020001 88.893463
v -10.605480 1.515000 82.703651
v -12.625860 1.515000 82.669273
v -12.664421 1.515000 82.707214
v -12.664421 1.515000 82.707214
v -10.644670 1.515000 82.741592
v -10.605480 1.515000 82.703651
v -12.625860 1.515000 82.669273
v -12.626678 1.515000 78.708168
v -12.665245 1.515000 78.746696
v -12.665245 1.515000 78.746696
v -12.664421 1.515000 82.707214
v -12.625860 1.515000 82.669273
v -12.626678 1.515000 78.708168
v -16.802103 1.515000 78.701653
v -16.802032 1.515000 78.740517
v -12.665245 1.515000 78.746696
v -0.934096 1.500000 74.964745
v -0.934998 1.500000 81.153687
v -0.934999 1.515000 81.153687
v -0.934999 1.515000 81.153687
v -0.934096 1.515000 74.964760
v -0.934096 1.500000 74.964745
v -0.934998 1.500000 81.153687
v 7.189323 1.500000 81.153824
v 7.189319 1.515000 81.153831
v 7.189319 1.515000 81.153831
v -0.934999 1.515000 81.153687
v -0.934998 1.500000 81.153687
v 7.189323 1.500000 81.153824
v 7.188394 1.500000 74.964317
v 7.188389 1.515000 74.964340
v 7.188389 1.515000 74.964340
v 7.189319 1.515000 81.153831
v 7.189323 1.500000 81.153824
v 7.188394 1.500000 74.964317
v -0.934096 1.500000 74.964745
v -0.934096 1.515000 74.964760
v -0.934096 1.515000 74.964760
v 7.188389 1.515000 74.964340
v 7.188394 1.500000 74.964317
v -0.934096 1.515000 74.964760
v -0.934999 1.515000 81.153687
v -0.896322 1.515000 81.115021
v -0.896322 1.515000 81.115021
v -0.895431 1.515000 75.003426
v -0.934096 1.515000 74.964760
v -0.934999 1.515000 81.153687
v 7.189319 1.515000 81.153831
v 7.150638 1.515000 81.115158
v -0.896322 1.515000 81.115021
v 7.189319 1.515000 81.153831
v 7.188389 1.515000 74.964340
v 7.149722 1.515000 75.003014
v 7.149722 1.515000 75.003014
v 7.150638 1.515000 81.115158
v 7.189319 1.515000 81.153831
v 7.188389 1.515000 74.964340
v -0.934096 1.515000 74.964760
v -0.895431 1.515000 75.003426
v 7.188389 1.515000 74.964340
v -10.604849 1.500001 74.964813
v -10.603958 1.500001 81.154320
v -10.603952 1.515000 81.154327
v -10.603952 1.515000 81.154327
v -10.604839 1.515000 74.964836
v -10.604849 1.500001 74.964813
v -10.603958 1.500001 81.154320
v -2.481426 1.500000 81.153893
v -2.481426 1.515000 81.153893
v -2.481426 1.515000 81.153893
v -10.603952 1.515000 81.154327
v -10.603958 1.500001 81.154320
v -2.481426 1.500000 81.153893
v -2.482344 1.500000 74.964394
v -2.482344 1.515000 74.964409
v -2.482344 1.515000 74.964409
v -2.481426 1.515000 81.153893
v -2.481426 1.500000 81.153893
v -2.482344 1.500000 74.964394
v -10.604849 1.500001 74.964813
v -10.604839 1.515000 74.964836
v -10.604839 1.515000 74.964836
v -2.482344 1.515000 74.964409
v -2.482344 1.500000 74.964394
v -10.604839 1.515000 74.964836
v -10.603952 1.515000 81.154327
v -10.565283 1.515000 81.115654
v -10.565283 1.515000 81.115654
v -10.566166 1.515000 75.003502
v -10.604839 1.515000 74.964836
v -10.603952 1.515000 81.154327
v -2.481426 1.515000 81.153893
v -2.520102 1.515000 81.115227
v -10.565283 1.515000 81.115654
v -2.481426 1.515000 81.153893
v -2.482344 1.515000 74.964409
v -2.521009 1.515000 75.003082
v -2.521009 1.515000 75.003082
v -2.520102 1.515000 81.115227
v -2.481426 1.515000 81.153893
v -10.604839 1.515000 74.964836
v -10.566166 1.515000 75.003502
v -2.482344 1.515000 74.964409
v -2.521009 1.515000 75.003082
v 8.737307 1.499999 82.701439
v 8.736650 0.000002 88.890816
v 8.735695 0.020001 88.891777
v 8.735695 0.020001 88.891777
v 8.736347 1.515000 82.702408
v 8.737307 1.499999 82.701439
v -16.800821 1.500001 77.208984
v -12.625389 1.500000 77.208870
v -12.626331 1.515000 77.209839
v -12.626331 1.515000 77.209839
v -16.801750 1.515000 77.209961
v -16.800821 1.500001 77.208984
v -12.625389 1.500000 77.208870
v -12.624350 1.500001 73.409271
v -12.625296 1.515000 73.410248
v -12.625296 1.515000 73.410248
v -12.626331 1.515000 77.209839
v -12.625389 1.500000 77.208870
v -0.933836 1.500000 73.417442
v 8.736917 1.499999 73.417381
v 8.735956 1.515000 73.418358
v 8.735956 1.515000 73.418358
v -0.934788 1.515000 73.418419
v -0.933836 1.500000 73.417442
v 13.000000 1.500000 73.000008
v -1.650738 1.500000 72.998871
v -1.651690 1.515000 72.999847
v -1.651690 1.515000 72.999847
v 12.999037 1.515000 73.000984
v 13.000000 1.500000 73.000008
v -2.482139 1.500000 73.417297
v -0.933836 1.500000 73.417442
v -0.934788 1.515000 73.418419
v -0.934788 1.515000 73.418419
v -2.483091 1.515000 73.418266
v -2.482139 1.500000 73.417297
v -1.650738 1.500000 72.998871
v -16.828924 1.500000 73.000008
v -16.829874 1.515000 73.000984
v -16.829874 1.515000 73.000984
v -1.651690 1.515000 72.999847
v -1.650738 1.500000 72.998871
v -12.624350 1.500001 73.409271
v -2.482139 1.500000 73.417297
v -2.483091 1.515000 73.418266
v -2.483091 1.515000 73.418266
v -12.625296 1.515000 73.410248
v -12.624350 1.500001 73.409271
v 8.736917 1.499999 73.417381
v 8.737307 1.499999 82.701439
v 8.736347 1.515000 82.702408
v 8.736347 1.515000 82.702408
v 8.735956 1.515000 73.418358
v 8.736917 1.499999 73.417381
v 12.944845 0.020000 88.923531
v 8.774490 0.020001 88.891426
v 8.735695 0.020001 88.891777
v 8.736347 1.515000 82.702408
v 8.735695 0.020001 88.891777
v 8.774490 0.020001 88.891426
v 8.774490 0.020001 88.891426
v 8.774784 1.515000 82.702827
v 8.736347 1.515000 82.702408
v -16.801750 1.515000 77.209961
v -12.626331 1.515000 77.209839
v -12.665234 1.515000 77.171318
v -16.802130 1.515000 77.171524
v -12.626331 1.515000 77.209839
v -12.625296 1.515000 73.410248
v -12.664188 1.515000 73.371689
v -12.664188 1.515000 73.371689
v -12.665234 1.515000 77.171318
v -12.626331 1.515000 77.209839
v -0.934788 1.515000 73.418419
v 8.735956 1.515000 73.418358
v 8.774303 1.515000 73.380020
v 8.774303 1.515000 73.380020
v -0.934977 1.515000 73.379990
v -0.934788 1.515000 73.418419
v 12.999037 1.515000 73.000984
v -1.651690 1.515000 72.999847
v -1.651881 1.515000 73.038658
v 12.960299 1.515000 73.039696
v -2.483091 1.515000 73.418266
v -0.934788 1.515000 73.418419
v -0.934977 1.515000 73.379990
v -2.483264 1.515000 73.379845
v -2.483091 1.515000 73.418266
v -1.651690 1.515000 72.999847
v -16.829874 1.515000 73.000984
v -16.829882 1.515000 73.039803
v -16.829882 1.515000 73.039803
v -1.651881 1.515000 73.038658
v -1.651690 1.515000 72.999847
v -12.625296 1.515000 73.410248
v -2.483264 1.515000 73.379845
v -12.664188 1.515000 73.371689
v -12.625296 1.515000 73.410248
v 8.735956 1.515000 73.418358
v 8.736347 1.515000 82.702408
v 8.774784 1.515000 82.702827
v 8.774784 1.515000 82.702827
v 8.774303 1.515000 73.380020
v 8.735956 1.515000 73.418358
v -16.802103 1.515000 78.701653
v -16.800817 1.500000 78.699585
v -16.810751 1.500000 82.682663
v -16.802032 1.515000 78.740517
v -16.802103 1.515000 78.701653
v -16.810751 1.500000 82.682663
v -16.810751 1.500000 82.682663
v -16.810566 1.515000 82.677422
v -16.802032 1.515000 78.740517
v -16.800821 1.500001 77.208984
v -16.801750 1.515000 77.209961
v -16.802130 1.515000 77.171524
v -16.800821 1.500001 77.208984
v -16.802130 1.515000 77.171524
v -16.829882 1.515000 73.039803
v -16.800821 1.500001 77.208984
v -16.829882 1.515000 73.039803
v -16.829874 1.515000 73.000984
v -16.800821 1.500001 77.208984
v -16.829874 1.515000 73.000984
v -16.828924 1.500000 73.000008
s 0
f 1217 1218 1219
f 1220 1221 1222
f 1223 1224 1225
f 1226 1227 1228
f 1229 1230 1231
f 1232 1233 1234
f 1235 1236 1237
f 1238 1239 1240
f 1241 1242 1243
f 1244 1245 1246
f 1247 1248 1249
f 1249 1250 1247
f 1251 1252 1253
f 1254 1255 1256
f 1257 1258 1259
f 1259 1260 1257
f 1261 1262 1263
f 1264 1265 1266
f 1267 1268 1269
f 1270 1271 1272
f 1273 1274 1275
f 1276 1277 1278
f 1279 1280 1281
f 1282 1283 1284
f 1285 1286 1287
f 1288 1289 1290
f 1291 1292 1293
f 1294 1295 1296
f 1297 1298 1299
f 1300 1301 1302
f 1303 1304 1305
f 1305 1306 1303
f 1307 1308 1309
f 1310 1311 1312
f 1313 1314 1315
f 1316 1317 1318
f 1319 1320 1321
f 1322 1323 1324
f 1325 1326 1327
f 1328 1329 1330
f 1331 1332 1333
f 1334 1335 1336
f 1337 1338 1339
f 1340 1341 1342
f 1343 1344 1345
f 1346 1347 1348
f 1349 1350 1351
f 1352 1353 1354
f 1355 1356 1357
f 1358 1359 1360
f 1361 1362 1363
f 1363 1364 1361
f 1365 1366 1367
f 1368 1369 1370
f 1371 1372 1373
f 1374 1375 1376
f 1377 1378 1379
f 1380 1381 1382
f 1383 1384 1385
f 1386 1387 1388
f 1389 1390 1391
f 1392 1393 1394
f 1395 1396 1397
f 1397 1398 1395
f 1399 1400 1401
f 1402 1403 1404
f 1405 1406 1407
f 1154 1156 1408
f 1409 1410 1411
f 1412 1413 1414
f 1415 1416 1417
f 1418 1419 1420
f 1421 1422 1423
f 1424 1425 1426
f 1427 1428 1429
f 1430 1431 1432
f 1433 1434 1435
f 1436 1437 1438
f 1439 1440 1441
f 1441 1442 1439
f 1443 1444 1445
f 1446 1447 1448
f 1449 1450 1451
f 1450 1452 1451
f 1453 1454 1455
f 1456 1457 1458
f 1459 1460 1461
f 1462 1463 1464
f 1465 1466 1467
f 1468 1469 1470
f 1471 1472 1473
f 1474 1475 1476
f 1477 1478 1479
f 1480 1481 1482
f 1483 1484 1485
f 1486 1487 1488
f 1489 1490 1491
f 1492 1493 1494
f 1495 1496 1497
f 1498 1499 1500
f 1501 1502 1503
f 1504 1505 1506
f 1507 1508 1509
f 1510 1511 1512
f 1513 1514 1515
f 1516 1517 1518
f 1518 1519 1516
f 1520 1521 1522
f 1523 1524 1525
f 1526 1527 1528
f 1529 1530 1531
f 1532 1533 1534
f 1534 1535 1532
f 1536 1537 1538
f 1530 1539 1540
f 1541 1542 1543
f 1544 1545 1546
f 1547 1540 1539
f 1548 1549 1550
f 1551 1552 1553
f 1554 1555 1556
f 1557 1558 1559
f 1560 1561 1562
f 1563 1564 1565
f 1566 1567 1568
f 1569 1570 1571
f 1572 1573 1574
f 1575 1576 1577
f 1145 1146 1147
f 1148 1149 1150
f 1151 1152 1153
f 1154 1155 1156
f 1157 1158 1159
f 1160 1161 1162
f 1163 1164 1165
f 1166 1167 1168
f 1169 1170 1171
f 1172 1173 1174
f 1175 1176 1177
f 1178 1179 1180
f 1181 1182 1183
f 1184 1185 1186
f 1187 1188 1189
f 1190 1191 1192
f 1193 1194 1195
f 1196 1197 1198
f 1199 1200 1201
f 1202 1203 1204
f 1205 1206 1207
f 1208 1209 1210
f 1211 1212 1213
f 1214 1215 1216
o MarciapiedeZona04
v -57.671986 0.015000 75.967194
v -50.879520 0.015000 73.613846
v -61.550995 0.015000 73.674454
v -61.550995 0.015000 73.674454
v -61.550995 0.015000 81.960045
v -60.066170 0.015000 79.942863
v -60.066170 0.015000 75.967194
v -57.671986 0.015000 75.967194
v -61.550995 0.015000 73.674454
v -61.550995 0.015000 73.674454
v -60.066170 0.015000 79.942863
v -60.066170 0.015000 75.967194
v -57.671986 0.015000 75.967194
v -57.671856 0.015000 76.934547
v -57.627960 0.015000 77.120575
v -57.671986 0.015000 75.967194
v -57.627960 0.015000 77.120575
v -57.521099 0.015000 77.198669
v -57.671986 0.015000 75.967194
v -57.521099 0.015000 77.198669
v -50.879520 0.015000 77.198677
v -57.671986 0.015000 75.967194
v -50.879520 0.015000 77.198677
v -50.879520 0.015000 73.613846
v -57.671986 0.015000 79.942863
v -60.066170 0.015000 79.942863
v -61.550995 0.015000 81.960045
v -50.879520 0.015000 82.295952
v -50.879520 0.015000 78.711380
v -57.521038 0.015000 78.711380
v -57.627869 0.015000 78.791359
v -57.671864 0.015000 78.989281
v -49.440594 0.015000 73.611946
v -49.439693 0.015000 77.198662
v -36.597420 0.015000 77.199936
v -49.440594 0.015000 73.611946
v -36.597420 0.015000 77.199936
v -36.564014 0.015000 73.011429
v -49.439693 0.015000 78.711388
v -49.439693 0.015000 82.296577
v -36.565056 0.015000 82.705643
v -49.439693 0.015000 78.711388
v -36.565056 0.015000 82.705643
v -36.597759 0.015000 78.711655
v -60.056164 0.000000 75.977196
v -57.681984 0.000000 75.977196
v -57.681984 0.015000 75.977196
v -57.681984 0.015000 75.977196
v -60.056171 0.015000 75.977196
v -60.056164 0.000000 75.977196
v -60.056164 0.000000 79.932861
v -60.056164 0.000000 75.977196
v -60.056171 0.015000 75.977196
v -60.056171 0.015000 75.977196
v -60.056171 0.015000 79.932861
v -60.056164 0.000000 79.932861
v -57.681984 0.000000 75.977196
v -57.681854 0.000000 76.935715
v -57.681854 0.015000 76.935715
v -57.681854 0.015000 76.935715
v -57.681984 0.015000 75.977196
v -57.681984 0.000000 75.977196
v -57.681854 0.000000 76.935715
v -57.636841 0.000000 77.126465
v -57.636841 0.015000 77.126465
v -57.636841 0.015000 77.126465
v -57.681854 0.015000 76.935715
v -57.681854 0.000000 76.935715
v -57.636841 0.000000 77.126465
v -57.524364 0.000000 77.208672
v -57.524364 0.015000 77.208672
v -57.524364 0.015000 77.208672
v -57.636841 0.015000 77.126465
v -57.636841 0.000000 77.126465
v -57.524364 0.000000 77.208672
v -50.869518 0.000000 77.208672
v -50.869518 0.015000 77.208672
v -57.524364 0.015000 77.208672
v -50.869518 0.000000 77.208672
v -50.869518 0.000000 73.603783
v -50.869518 0.015000 73.603783
v -50.869518 0.015000 73.603783
v -50.869518 0.015000 77.208672
v -50.869518 0.000000 77.208672
v -57.681984 0.000000 79.932861
v -60.056164 0.000000 79.932861
v -60.056171 0.015000 79.932861
v -60.056171 0.015000 79.932861
v -57.681984 0.015000 79.932861
v -57.681984 0.000000 79.932861
v -50.869518 0.000000 82.306267
v -50.869518 0.000000 78.701378
v -50.869518 0.015000 78.701378
v -50.869518 0.015000 78.701378
v -50.869518 0.015000 82.306267
v -50.869518 0.000000 82.306267
v -50.869518 0.000000 78.701378
v -57.524364 0.000000 78.701378
v -57.524364 0.015000 78.701378
v -50.869518 0.015000 78.701378
v -57.524364 0.000000 78.701378
v -57.636822 0.000000 78.785576
v -57.636822 0.015000 78.785576
v -57.636822 0.015000 78.785576
v -57.524364 0.015000 78.701378
v -57.524364 0.000000 78.701378
v -57.636822 0.000000 78.785576
v -57.681862 0.000000 78.988182
v -57.681862 0.015000 78.988182
v -57.681862 0.015000 78.988182
v -57.636822 0.015000 78.785576
v -57.636822 0.000000 78.785576
v -57.681862 0.000000 78.988182
v -57.681984 0.000000 79.932861
v -57.681984 0.015000 79.932861
v -57.681984 0.015000 79.932861
v -57.681862 0.015000 78.988182
v -57.681862 0.000000 78.988182
v -49.450588 0.000000 73.602409
v -49.449684 0.000000 77.208672
v -49.449688 0.015000 77.208656
v -49.449688 0.015000 77.208656
v -49.450592 0.015000 73.602402
v -49.450588 0.000000 73.602409
v -49.449684 0.000000 77.208672
v -36.586536 0.000000 77.208992
v -36.586437 0.015000 77.209953
v -36.586437 0.015000 77.209953
v -49.449688 0.015000 77.208656
v -49.449684 0.000000 77.208672
v -36.586536 0.000000 77.208992
v -36.553921 0.000000 73.000961
v -36.553925 0.015000 73.000946
v -36.553925 0.015000 73.000946
v -36.586437 0.015000 77.209953
v -36.586536 0.000000 77.208992
v -49.449684 0.000000 78.701378
v -49.449684 0.000000 82.306244
v -49.449688 0.015000 82.306267
v -49.449688 0.015000 82.306267
v -49.449688 0.015000 78.701385
v -49.449684 0.000000 78.701378
v -36.554962 0.000000 82.715950
v -36.586533 0.000000 78.699585
v -36.586788 0.015000 78.701637
v -36.586788 0.015000 78.701637
v -36.554970 0.015000 82.715965
v -36.554962 0.000000 82.715950
v -36.586533 0.000000 78.699585
v -49.449684 0.000000 78.701378
v -49.449688 0.015000 78.701385
v -49.449688 0.015000 78.701385
v -36.586788 0.015000 78.701637
v -36.586533 0.000000 78.699585
v -61.550995 0.015000 73.674454
v -50.879520 0.015000 73.613846
v -50.869518 0.015000 73.603783
v -57.681984 0.015000 75.977196
v -57.671986 0.015000 75.967194
v -60.056171 0.015000 75.977196
v -60.056171 0.015000 75.977196
v -60.056171 0.015000 79.932861
v -60.056171 0.015000 75.977196
v -60.066170 0.015000 75.967194
v -60.066170 0.015000 75.967194
v -60.066170 0.015000 79.942863
v -60.056171 0.015000 79.932861
v -57.681984 0.015000 75.977196
v -57.681854 0.015000 76.935715
v -57.671856 0.015000 76.934547
v -57.671856 0.015000 76.934547
v -57.671986 0.015000 75.967194
v -57.681984 0.015000 75.977196
v -57.681854 0.015000 76.935715
v -57.636841 0.015000 77.126465
v -57.627960 0.015000 77.120575
v -57.627960 0.015000 77.120575
v -57.671856 0.015000 76.934547
v -57.681854 0.015000 76.935715
v -57.636841 0.015000 77.126465
v -57.524364 0.015000 77.208672
v -57.521099 0.015000 77.198669
v -57.521099 0.015000 77.198669
v -57.627960 0.015000 77.120575
v -57.636841 0.015000 77.126465
v -57.524364 0.015000 77.208672
v -50.869518 0.015000 77.208672
v -50.879520 0.015000 77.198677
v -57.521099 0.015000 77.198669
v -50.869518 0.015000 77.208672
v -50.869518 0.015000 73.603783
v -50.879520 0.015000 73.613846
v -50.879520 0.015000 73.613846
v -50.879520 0.015000 77.198677
v -50.869518 0.015000 77.208672
v -57.681984 0.015000 79.932861
v -60.056171 0.015000 79.932861
v -50.869518 0.015000 82.306267
v -50.869518 0.015000 78.701378
v -50.879520 0.015000 78.711380
v -50.879520 0.015000 78.711380
v -50.879520 0.015000 82.295952
v -50.869518 0.015000 82.306267
v -50.869518 0.015000 78.701378
v -57.524364 0.015000 78.701378
v -57.521038 0.015000 78.711380
v -50.869518 0.015000 78.701378
v -57.524364 0.015000 78.701378
v -57.636822 0.015000 78.785576
v -57.627869 0.015000 78.791359
v -57.627869 0.015000 78.791359
v -57.521038 0.015000 78.711380
v -57.524364 0.015000 78.701378
v -57.636822 0.015000 78.785576
v -57.681862 0.015000 78.988182
v -57.671864 0.015000 78.989281
v -57.671864 0.015000 78.989281
v -57.627869 0.015000 78.791359
v -57.636822 0.015000 78.785576
v -57.681862 0.015000 78.988182
v -57.681984 0.015000 79.932861
v -57.671986 0.015000 79.942863
v -57.671986 0.015000 79.942863
v -57.671864 0.015000 78.989281
v -57.681862 0.015000 78.988182
v -49.450592 0.015000 73.602402
v -49.449688 0.015000 77.208656
v -49.439693 0.015000 77.198662
v -49.439693 0.015000 77.198662
v -49.440594 0.015000 73.611946
v -49.450592 0.015000 73.602402
v -49.449688 0.015000 77.208656
v -36.586437 0.015000 77.209953
v -36.597420 0.015000 77.199936
v -49.439693 0.015000 77.198662
v -36.586437 0.015000 77.209953
v -36.553925 0.015000 73.000946
v -36.564014 0.015000 73.011429
v -36.564014 0.015000 73.011429
v -36.597420 0.015000 77.199936
v -36.586437 0.015000 77.209953
v -49.449688 0.015000 78.701385
v -49.449688 0.015000 82.306267
v -49.439693 0.015000 82.296577
v -49.439693 0.015000 82.296577
v -49.439693 0.015000 78.711388
v -49.449688 0.015000 78.701385
v -36.554970 0.015000 82.715965
v -36.586788 0.015000 78.701637
v -36.597759 0.015000 78.711655
v -36.597759 0.015000 78.711655
v -36.565056 0.015000 82.705643
v -36.554970 0.015000 82.715965
v -36.586788 0.015000 78.701637
v -49.449688 0.015000 78.701385
s 0
f 1622 1623 1624
f 1625 1626 1627
f 1628 1629 1630
f 1631 1632 1633
f 1634 1635 1636
f 1637 1638 1639
f 1640 1641 1642
f 1643 1644 1645
f 1646 1647 1648
f 1649 1650 1651
f 1652 1653 1654
f 1654 1655 1652
f 1656 1657 1658
f 1659 1660 1661
f 1662 1663 1664
f 1665 1666 1667
f 1668 1669 1670
f 1671 1672 1673
f 1674 1675 1676
f 1676 1677 1674
f 1678 1679 1680
f 1681 1682 1683
f 1684 1685 1686
f 1687 1688 1689
f 1690 1691 1692
f 1693 1694 1695
f 1696 1697 1698
f 1699 1700 1701
f 1702 1703 1704
f 1705 1706 1707
f 1708 1709 1710
f 1711 1712 1713
f 1714 1715 1716
f 1717 1718 1719
f 1720 1721 1722
f 1723 1724 1725
f 1726 1727 1728
f 1729 1730 1731
f 1732 1733 1734
f 1735 1736 1737
f 1585 1584 1738
f 1739 1740 1741
f 1742 1743 1744
f 1745 1746 1747
f 1748 1749 1750
f 1751 1752 1753
f 1754 1755 1756
f 1757 1758 1759
f 1760 1761 1762
f 1763 1764 1765
f 1765 1766 1763
f 1767 1768 1769
f 1770 1771 1772
f 1773 1774 1603
f 1603 1602 1773
f 1775 1776 1777
f 1778 1779 1780
f 1781 1782 1783
f 1607 1606 1784
f 1785 1786 1787
f 1788 1789 1790
f 1791 1792 1793
f 1794 1795 1796
f 1797 1798 1799
f 1800 1801 1802
f 1803 1804 1805
f 1806 1807 1808
f 1809 1810 1811
f 1811 1812 1809
f 1813 1814 1815
f 1816 1817 1818
f 1819 1820 1821
f 1822 1823 1824
f 1825 1826 1827
f 1828 1829 1830
f 1831 1832 1619
f 1619 1621 1831
f 1578 1579 1580
f 1581 1582 1583
f 1584 1585 1586
f 1587 1588 1589
f 1590 1591 1592
f 1593 1594 1595
f 1596 1597 1598
f 1599 1600 1601
f 1602 1603 1604
f 1604 1605 1606
f 1606 1607 1608
f 1608 1609 1602
f 1602 1604 1606
f 1606 1608 1602
f 1610 1611 1612
f 1613 1614 1615
f 1616 1617 1618
f 1619 1620 1621
o MarciapiedeZona05
v -41.670631 0.015000 100.064713
v -41.628914 0.015001 88.340370
v -43.655323 0.015001 88.305550
v -45.319725 0.015001 96.917755
v -41.670631 0.015000 100.064713
v -44.893936 0.015001 96.348015
v -41.670631 0.015000 100.064713
v -43.655323 0.015001 88.305550
v -43.658852 0.015001 89.489006
v -44.893936 0.015001 96.348015
v -41.670631 0.015000 100.064713
v -44.575493 0.015001 95.714760
v -41.670631 0.015000 100.064713
v -43.658852 0.015001 89.489006
v -43.688683 0.015001 90.591568
v -44.575493 0.015001 95.714760
v -41.670631 0.015000 100.064713
v -44.320084 0.015001 95.020409
v -41.670631 0.015000 100.064713
v -43.688683 0.015001 90.591568
v -43.747620 0.015001 91.616760
v -44.320084 0.015001 95.020409
v -41.670631 0.015000 100.064713
v -44.118629 0.015001 94.266220
v -41.670631 0.015000 100.064713
v -43.747620 0.015001 91.616760
v -43.837460 0.015001 92.568283
v -44.118629 0.015001 94.266220
v -41.670631 0.015000 100.064713
v -43.959984 0.015001 93.450058
v -43.959984 0.015001 93.450058
v -41.670631 0.015000 100.064713
v -43.837460 0.015001 92.568283
v -47.273815 0.015001 97.926270
v -47.962639 0.015001 98.095184
v -48.611351 0.015001 98.268021
v -48.611351 0.015001 98.268021
v -49.181801 0.015001 98.481682
v -49.640316 0.015000 98.761406
v -49.640316 0.015000 98.761406
v -49.979836 0.015000 99.132545
v -50.212593 0.015000 99.662582
v -47.273815 0.015001 97.926270
v -48.611351 0.015001 98.268021
v -49.640316 0.015000 98.761406
v -46.578903 0.015001 97.714607
v -47.273815 0.015001 97.926270
v -49.640316 0.015000 98.761406
v -45.057732 0.015001 89.491943
v -45.081100 0.015001 88.305550
v -47.278435 0.015001 88.372849
v -61.491024 0.015000 101.073296
v -51.175697 0.015000 100.440880
v -51.054478 0.015000 99.437973
v -48.165966 0.015001 97.257446
v -47.492027 0.015001 97.091972
v -46.877464 0.015001 96.903549
v -46.360847 0.015001 96.659370
v -45.964714 0.015001 96.336395
v -45.964714 0.015001 96.336395
v -45.626591 0.015001 95.888397
v -45.427170 0.015001 95.371689
v -45.427170 0.015001 95.371689
v -45.243942 0.015001 94.780106
v -45.113564 0.015001 94.108475
v -45.031513 0.015001 93.354401
v -44.993134 0.015001 92.516693
v -44.993134 0.015001 92.516693
v -44.992279 0.015001 91.594414
v -45.019173 0.015001 90.586586
v -45.019173 0.015001 90.586586
v -45.057732 0.015001 89.491943
v -47.278435 0.015001 88.372849
v -47.278435 0.015001 88.372849
v -61.491024 0.015000 101.073296
v -51.054478 0.015000 99.437973
v -48.862129 0.015001 97.442230
v -45.427170 0.015001 95.371689
v -44.993134 0.015001 92.516693
v -45.019173 0.015001 90.586586
v -47.278435 0.015001 88.372849
v -47.278435 0.015001 88.372849
v -51.054478 0.015000 99.437973
v -50.709717 0.015001 98.651924
v -45.427170 0.015001 95.371689
v -44.993134 0.015001 92.516693
v -47.278435 0.015001 88.372849
v -47.278435 0.015001 88.372849
v -50.709717 0.015001 98.651924
v -50.182236 0.015001 98.079865
v -49.546700 0.015001 97.696487
v -47.278435 0.015001 88.372849
v -50.182236 0.015001 98.079865
v -49.546700 0.015001 97.696487
v -47.278435 0.015001 88.372849
v -49.546700 0.015001 97.696487
v -45.427170 0.015001 95.371689
v -44.893936 0.000000 96.348007
v -45.319725 0.000000 96.917755
v -45.319725 0.015001 96.917755
v -45.319725 0.015001 96.917755
v -44.893936 0.015001 96.348015
v -44.893936 0.000000 96.348007
v -43.655323 0.000000 88.305550
v -43.658852 0.000000 89.489006
v -43.658852 0.015001 89.489006
v -43.658852 0.015001 89.489006
v -43.655323 0.015001 88.305550
v -43.655323 0.000000 88.305550
v -44.575493 0.000000 95.714737
v -44.893936 0.000000 96.348007
v -44.893936 0.015001 96.348015
v -44.893936 0.015001 96.348015
v -44.575493 0.015001 95.714760
v -44.575493 0.000000 95.714737
v -43.658852 0.000000 89.489006
v -43.688683 0.000000 90.591568
v -43.688683 0.015001 90.591568
v -43.688683 0.015001 90.591568
v -43.658852 0.015001 89.489006
v -43.658852 0.000000 89.489006
v -44.320084 0.000000 95.020409
v -44.575493 0.000000 95.714737
v -44.575493 0.015001 95.714760
v -44.575493 0.015001 95.714760
v -44.320084 0.015001 95.020409
v -44.320084 0.000000 95.020409
v -43.688683 0.000000 90.591568
v -43.747620 0.000000 91.616760
v -43.747620 0.015001 91.616760
v -43.747620 0.015001 91.616760
v -43.688683 0.015001 90.591568
v -43.688683 0.000000 90.591568
v -44.118629 0.000000 94.266220
v -44.320084 0.000000 95.020409
v -44.320084 0.015001 95.020409
v -44.320084 0.015001 95.020409
v -44.118629 0.015001 94.266220
v -44.118629 0.000000 94.266220
v -43.747620 0.000000 91.616760
v -43.837460 0.000000 92.568268
v -43.837460 0.015001 92.568283
v -43.837460 0.015001 92.568283
v -43.747620 0.015001 91.616760
v -43.747620 0.000000 91.616760
v -43.959984 0.000000 93.450058
v -44.118629 0.000000 94.266220
v -44.118629 0.015001 94.266220
v -44.118629 0.015001 94.266220
v -43.959984 0.015001 93.450058
v -43.959984 0.000000 93.450058
v -43.837460 0.000000 92.568268
v -43.959984 0.000000 93.450058
v -43.959984 0.015001 93.450058
v -43.959984 0.015001 93.450058
v -43.837460 0.015001 92.568283
v -43.837460 0.000000 92.568268
v -47.273815 0.000000 97.926270
v -47.962639 0.000000 98.095184
v -47.962639 0.015001 98.095184
v -47.962639 0.015001 98.095184
v -47.273815 0.015001 97.926270
v -47.273815 0.000000 97.926270
v -47.962639 0.000000 98.095184
v -48.611351 0.000000 98.268021
v -48.611351 0.015001 98.268021
v -48.611351 0.015001 98.268021
v -47.962639 0.015001 98.095184
v -47.962639 0.000000 98.095184
v -48.611351 0.000000 98.268021
v -49.181801 0.000000 98.481682
v -49.181801 0.015001 98.481682
v -48.611351 0.015001 98.268021
v -49.181801 0.000000 98.481682
v -49.640316 0.000000 98.761391
v -49.640316 0.015000 98.761406
v -49.640316 0.015000 98.761406
v -49.181801 0.015001 98.481682
v -49.181801 0.000000 98.481682
v -49.640316 0.000000 98.761391
v -49.979836 0.000000 99.132523
v -49.979836 0.015000 99.132545
v -49.979836 0.015000 99.132545
v -49.640316 0.015000 98.761406
v -49.640316 0.000000 98.761391
v -49.979836 0.000000 99.132523
v -50.212593 0.000000 99.662582
v -50.212593 0.015000 99.662582
v -50.212593 0.015000 99.662582
v -49.979836 0.015000 99.132545
v -49.979836 0.000000 99.132523
v -50.212593 0.000000 99.662582
v -50.309071 0.000000 100.446823
v -50.309071 0.015000 100.446838
v -50.309071 0.015000 100.446838
v -50.212593 0.015000 99.662582
v -50.212593 0.000000 99.662582
v -46.578903 0.000000 97.714584
v -47.273815 0.000000 97.926270
v -47.273815 0.015001 97.926270
v -47.273815 0.015001 97.926270
v -46.578903 0.015001 97.714607
v -46.578903 0.000000 97.714584
v -45.910187 0.000000 97.401901
v -46.578903 0.000000 97.714584
v -46.578903 0.015001 97.714607
v -46.578903 0.015001 97.714607
v -45.910187 0.015001 97.401924
v -45.910187 0.000000 97.401901
v -45.319725 0.000000 96.917755
v -45.910187 0.000000 97.401901
v -45.910187 0.015001 97.401924
v -45.910187 0.015001 97.401924
v -45.319725 0.015001 96.917755
v -45.319725 0.000000 96.917755
v -45.057732 -0.000001 89.491943
v -45.081100 0.000000 88.305550
v -45.081100 0.015001 88.305550
v -45.081100 0.015001 88.305550
v -45.057732 0.015001 89.491943
v -45.057732 -0.000001 89.491943
v -51.175697 -0.000001 100.440865
v -51.054478 -0.000001 99.437958
v -51.054478 0.015000 99.437973
v -51.054478 0.015000 99.437973
v -51.175697 0.015000 100.440880
v -51.175697 -0.000001 100.440865
v -48.165966 -0.000001 97.257431
v -47.492027 -0.000001 97.091957
v -47.492027 0.015001 97.091972
v -47.492027 0.015001 97.091972
v -48.165966 0.015001 97.257446
v -48.165966 -0.000001 97.257431
v -47.492027 -0.000001 97.091957
v -46.877464 -0.000001 96.903549
v -46.877464 0.015001 96.903549
v -46.877464 0.015001 96.903549
v -47.492027 0.015001 97.091972
v -47.492027 -0.000001 97.091957
v -46.877464 -0.000001 96.903549
v -46.360847 -0.000001 96.659348
v -46.360847 0.015001 96.659370
v -46.360847 0.015001 96.659370
v -46.877464 0.015001 96.903549
v -46.877464 -0.000001 96.903549
v -46.360847 -0.000001 96.659348
v -45.964714 -0.000001 96.336380
v -45.964714 0.015001 96.336395
v -45.964714 0.015001 96.336395
v -46.360847 0.015001 96.659370
v -46.360847 -0.000001 96.659348
v -45.964714 -0.000001 96.336380
v -45.626591 -0.000001 95.888374
v -45.626591 0.015001 95.888397
v -45.626591 0.015001 95.888397
v -45.964714 0.015001 96.336395
v -45.964714 -0.000001 96.336380
v -45.626591 -0.000001 95.888374
v -45.427170 -0.000001 95.371674
v -45.427170 0.015001 95.371689
v -45.427170 0.015001 95.371689
v -45.626591 0.015001 95.888397
v -45.626591 -0.000001 95.888374
v -45.427170 -0.000001 95.371674
v -45.243942 -0.000001 94.780106
v -45.243942 0.015001 94.780106
v -45.243942 0.015001 94.780106
v -45.427170 0.015001 95.371689
v -45.427170 -0.000001 95.371674
v -45.243942 -0.000001 94.780106
v -45.113564 -0.000001 94.108475
v -45.113564 0.015001 94.108475
v -45.113564 0.015001 94.108475
v -45.243942 0.015001 94.780106
v -45.243942 -0.000001 94.780106
v -45.113564 -0.000001 94.108475
v -45.031513 -0.000001 93.354401
v -45.031513 0.015001 93.354401
v -45.031513 0.015001 93.354401
v -45.113564 0.015001 94.108475
v -45.113564 -0.000001 94.108475
v -45.031513 -0.000001 93.354401
v -44.993134 -0.000001 92.516678
v -44.993134 0.015001 92.516693
v -44.993134 0.015001 92.516693
v -45.031513 0.015001 93.354401
v -45.031513 -0.000001 93.354401
v -44.993134 -0.000001 92.516678
v -44.992279 -0.000001 91.594414
v -44.992279 0.015001 91.594414
v -44.992279 0.015001 91.594414
v -44.993134 0.015001 92.516693
v -44.993134 -0.000001 92.516678
v -44.992279 -0.000001 91.594414
v -45.019173 0.000000 90.586586
v -45.019173 0.015001 90.586586
v -45.019173 0.015001 90.586586
v -44.992279 0.015001 91.594414
v -44.992279 -0.000001 91.594414
v -45.019173 0.000000 90.586586
v -45.057732 -0.000001 89.491943
v -45.057732 0.015001 89.491943
v -45.057732 0.015001 89.491943
v -45.019173 0.015001 90.586586
v -45.019173 0.000000 90.586586
v -47.278435 0.000000 88.372849
v -61.491024 0.000000 101.073280
v -61.491024 0.015000 101.073296
v -61.491024 0.015000 101.073296
v -47.278435 0.015001 88.372849
v -47.278435 0.000000 88.372849
v -48.862129 -0.000001 97.442207
v -48.165966 -0.000001 97.257431
v -48.165966 0.015001 97.257446
v -48.165966 0.015001 97.257446
v -48.862129 0.015001 97.442230
v -48.862129 -0.000001 97.442207
v -51.054478 -0.000001 99.437958
v -50.709717 -0.000001 98.651901
v -50.709717 0.015001 98.651924
v -50.709717 0.015001 98.651924
v -51.054478 0.015000 99.437973
v -51.054478 -0.000001 99.437958
v -50.709717 -0.000001 98.651901
v -50.182236 -0.000001 98.079865
v -50.182236 0.015001 98.079865
v -50.182236 0.015001 98.079865
v -50.709717 0.015001 98.651924
v -50.709717 -0.000001 98.651901
v -49.546700 -0.000001 97.696472
v -48.862129 -0.000001 97.442207
v -48.862129 0.015001 97.442230
v -48.862129 0.015001 97.442230
v -49.546700 0.015001 97.696487
v -49.546700 -0.000001 97.696472
v -50.182236 -0.000001 98.079865
v -49.546700 -0.000001 97.696472
v -49.546700 0.015001 97.696487
v -49.546700 0.015001 97.696487
v -50.182236 0.015001 98.079865
v -50.182236 -0.000001 98.079865
v -50.309071 0.015000 100.446838
v -41.670631 0.015000 100.064713
v -50.212593 0.015000 99.662582
v -41.670631 0.015000 100.064713
v -45.319725 0.015001 96.917755
v -45.910187 0.015001 97.401924
v -50.212593 0.015000 99.662582
v -41.670631 0.015000 100.064713
v -49.640316 0.015000 98.761406
v -41.670631 0.015000 100.064713
v -45.910187 0.015001 97.401924
v -46.578903 0.015001 97.714607
v -41.670631 0.015000 100.064713
v -46.578903 0.015001 97.714607
v -49.640316 0.015000 98.761406
s 0
f 1833 1834 1835
f 1836 1837 1838
f 1839 1840 1841
f 1842 1843 1844
f 1845 1846 1847
f 1848 1849 1850
f 1851 1852 1853
f 1854 1855 1856
f 1857 1858 1859
f 1860 1861 1862
f 1863 1864 1865
f 1866 1867 1868
f 1869 1870 1871
f 1872 1873 1874
f 1875 1876 1877
f 1878 1879 1880
f 1881 1882 1883
f 1884 1885 1886
f 1887 1888 1889
f 1889 1890 1891
f 1892 1893 1894
f 1895 1896 1897
f 1897 1898 1899
f 1900 1901 1902
f 1903 1904 1905
f 1906 1907 1908
f 1909 1887 1889
f 1889 1891 1910
f 1895 1897 1899
f 1911 1912 1913
f 1914 1915 1916
f 1909 1889 1910
f 1917 1918 1919
f 1920 1921 1922
f 1923 1909 1910
f 1924 1925 1926
f 1927 1928 1929
f 1930 1931 1932
f 1933 1934 1935
f 1936 1937 1938
f 1939 1940 1941
f 1942 1943 1944
f 1945 1946 1947
f 1948 1949 1950
f 1951 1952 1953
f 1954 1955 1956
f 1957 1958 1959
f 1960 1961 1962
f 1963 1964 1965
f 1966 1967 1968
f 1969 1970 1971
f 1972 1973 1974
f 1975 1976 1977
f 1978 1979 1980
f 1981 1982 1983
f 1984 1985 1986
f 1987 1988 1989
f 1990 1991 1992
f 1993 1994 1995
f 1996 1997 1998
f 1999 2000 2001
f 2002 2003 2004
f 2004 2005 2002
f 2006 2007 2008
f 2009 2010 2011
f 2012 2013 2014
f 2015 2016 2017
f 2018 2019 2020
f 2021 2022 2023
f 2024 2025 2026
f 2027 2028 2029
f 2030 2031 2032
f 2033 2034 2035
f 2036 2037 2038
f 2039 2040 2041
f 2042 2043 2044
f 2045 2046 2047
f 2048 2049 2050
f 2051 2052 2053
f 2054 2055 2056
f 2057 2058 2059
f 2060 2061 2062
f 2063 2064 2065
f 2066 2067 2068
f 2069 2070 2071
f 2072 2073 2074
f 2075 2076 2077
f 2078 2079 2080
f 2081 2082 2083
f 2084 2085 2086
f 2087 2088 2089
f 2090 2091 2092
f 2093 2094 2095
f 2096 2097 2098
f 2099 2100 2101
f 2102 2103 2104
f 2105 2106 2107
f 2108 2109 2110
f 2111 2112 2113
f 2114 2115 2116
f 2117 2118 2119
f 2120 2121 2122
f 2123 2124 2125
f 2126 2127 2128
f 2129 2130 2131
f 2132 2133 2134
f 2135 2136 2137
f 2138 2139 2140
f 2141 2142 2143
f 2144 2145 2146
f 2147 2148 2149
f 2150 2151 2152
f 2153 2154 2155
f 2156 2157 2158
f 2159 2160 2161
f 2162 2163 2164
f 2165 2166 2167
f 2168 2169 2170
f 2171 2172 2173
f 2174 2175 2176
f 2177 2178 2179
f 2180 2181 2182
f 2183 2184 2185
f 2186 2187 2188
o MarciapiedeZona06
v -50.239723 0.015000 101.258926
v -50.052410 0.015000 101.815002
v -49.785736 0.015000 102.186150
v -49.785736 0.015000 102.186150
v -49.435879 0.015000 102.451576
v -48.986927 0.015000 102.650200
v -48.986927 0.015000 102.650200
v -48.450619 0.015000 102.801186
v -47.853794 0.015000 102.931389
v -50.239723 0.015000 101.258926
v -49.785736 0.015000 102.186150
v -48.986927 0.015000 102.650200
v -48.986927 0.015000 102.650200
v -47.853794 0.015000 102.931389
v -47.223339 0.015000 103.077568
v -37.735531 0.000000 107.975731
v -41.670635 0.015000 100.064720
v -44.719501 0.015000 105.214798
v -44.229740 0.015000 108.789757
v -44.231255 0.015000 109.537819
v -44.229534 0.015000 110.304626
v -37.735531 0.000000 107.975731
v -44.719501 0.015000 105.214798
v -44.508736 0.015000 105.875237
v -37.735531 0.000000 107.975731
v -44.508736 0.015000 105.875237
v -44.369732 0.015000 106.572525
v -37.735531 0.000000 107.975731
v -44.369732 0.015000 106.572525
v -44.286243 0.015000 107.297012
v -51.091145 0.015000 101.428810
v -51.175701 0.015000 100.440887
v -61.491028 0.015000 101.073303
v -45.093273 0.015000 109.531631
v -45.091816 0.015000 108.794800
v -45.105610 0.015000 108.069580
v -45.105610 0.015000 108.069580
v -45.145710 0.015000 107.368118
v -45.222576 0.015000 106.703026
v -45.222576 0.015000 106.703026
v -45.345684 0.015000 106.087334
v -45.522930 0.015000 105.533768
v -45.522930 0.015000 105.533768
v -45.760387 0.015000 105.053116
v -46.063938 0.015000 104.651299
v -46.063938 0.015000 104.651299
v -46.444347 0.015000 104.328148
v -46.907135 0.015000 104.086876
v -46.907135 0.015000 104.086876
v -47.444298 0.015000 103.911621
v -48.033337 0.015000 103.774551
v -45.522930 0.015000 105.533768
v -45.522930 0.015000 105.533768
v -46.063938 0.015000 104.651299
v -46.907135 0.015000 104.086876
v -46.907135 0.015000 104.086876
v -48.033337 0.015000 103.774551
v -48.648575 0.015000 103.640564
v -46.907135 0.015000 104.086876
v -47.397644 0.015000 110.303322
v -47.397644 0.015000 110.303322
v -45.105610 0.015000 108.069580
v -47.397102 0.015000 105.931641
v -45.093273 0.015000 109.531631
v -47.397644 0.015000 110.303322
v -45.092892 0.015000 110.303322
v -47.397102 0.015000 105.931641
v -47.397102 0.015000 105.931641
v -46.907135 0.015000 104.086876
v -48.648575 0.015000 103.640564
v -61.489620 0.015000 105.931641
v -47.397102 0.015000 105.931641
v -48.648575 0.015000 103.640564
v -50.829170 0.015000 102.210930
v -51.091145 0.015000 101.428810
v -61.489620 0.015000 105.931641
v -61.489620 0.015000 105.931641
v -48.648575 0.015000 103.640564
v -49.266491 0.015000 103.467911
v -50.403812 0.015000 102.801102
v -50.829170 0.015000 102.210930
v -61.489620 0.015000 105.931641
v -61.489620 0.015000 105.931641
v -49.266491 0.015000 103.467911
v -49.863510 0.015000 103.206764
v -49.863510 0.015000 103.206764
v -50.403812 0.015000 102.801102
v -61.489620 0.015000 105.931641
v -61.489620 0.015000 105.931641
v -51.091145 0.015000 101.428810
v -61.491028 0.015000 101.073303
v -50.239723 0.000000 101.258904
v -50.239723 0.015000 101.258926
v -50.309074 0.000000 100.446831
v -50.239723 0.015000 101.258926
v -50.309074 0.015000 100.446846
v -50.309074 0.000000 100.446831
v -50.239723 0.000000 101.258904
v -50.052410 0.000000 101.814980
v -50.052410 0.015000 101.815002
v -50.052410 0.015000 101.815002
v -50.239723 0.015000 101.258926
v -50.239723 0.000000 101.258904
v -50.052410 0.000000 101.814980
v -49.785736 0.000000 102.186134
v -49.785736 0.015000 102.186150
v -49.785736 0.015000 102.186150
v -50.052410 0.015000 101.815002
v -50.052410 0.000000 101.814980
v -49.785736 0.000000 102.186134
v -49.435879 0.000000 102.451576
v -49.435879 0.015000 102.451576
v -49.435879 0.015000 102.451576
v -49.785736 0.015000 102.186150
v -49.785736 0.000000 102.186134
v -49.435879 0.000000 102.451576
v -48.986927 0.000000 102.650200
v -48.986927 0.015000 102.650200
v -48.986927 0.015000 102.650200
v -49.435879 0.015000 102.451576
v -49.435879 0.000000 102.451576
v -48.986927 0.000000 102.650200
v -48.450619 0.000000 102.801186
v -48.450619 0.015000 102.801186
v -48.450619 0.015000 102.801186
v -48.986927 0.015000 102.650200
v -48.986927 0.000000 102.650200
v -48.450619 0.000000 102.801186
v -47.853794 0.000000 102.931389
v -47.853794 0.015000 102.931389
v -47.853794 0.015000 102.931389
v -48.450619 0.015000 102.801186
v -48.450619 0.000000 102.801186
v -45.020546 0.000000 104.603271
v -44.719501 0.000000 105.214798
v -44.719501 0.015000 105.214798
v -44.719501 0.015000 105.214798
v -45.020546 0.015000 104.603271
v -45.020546 0.000000 104.603271
v -47.853794 0.000000 102.931389
v -47.223339 0.000000 103.077568
v -47.223339 0.015000 103.077568
v -47.223339 0.015000 103.077568
v -47.853794 0.015000 102.931389
v -47.853794 0.000000 102.931389
v -45.430626 0.000000 104.058739
v -45.020546 0.000000 104.603271
v -45.020546 0.015000 104.603271
v -45.430626 0.015000 104.058739
v -45.962448 0.000000 103.606789
v -45.430626 0.000000 104.058739
v -45.430626 0.015000 104.058739
v -45.430626 0.015000 104.058739
v -45.962448 0.015000 103.606789
v -45.962448 0.000000 103.606789
v -46.583504 0.000000 103.284721
v -45.962448 0.000000 103.606789
v -45.962448 0.015000 103.606789
v -45.962448 0.015000 103.606789
v -46.583504 0.015000 103.284721
v -46.583504 0.000000 103.284721
v -47.223339 0.000000 103.077568
v -46.583504 0.000000 103.284721
v -46.583504 0.015000 103.284721
v -46.583504 0.015000 103.284721
v -47.223339 0.015000 103.077568
v -47.223339 0.000000 103.077568
v -44.229740 0.000000 108.789757
v -44.231255 0.000000 109.537819
v -44.231255 0.015000 109.537819
v -44.231255 0.015000 109.537819
v -44.229740 0.015000 108.789757
v -44.229740 0.000000 108.789757
v -44.231255 0.000000 109.537819
v -44.229534 0.000000 110.304626
v -44.229534 0.015000 110.304626
v -44.231255 0.015000 109.537819
v -44.719501 0.000000 105.214798
v -44.508736 0.000000 105.875237
v -44.508736 0.015000 105.875237
v -44.508736 0.015000 105.875237
v -44.719501 0.015000 105.214798
v -44.719501 0.000000 105.214798
v -44.508736 0.000000 105.875237
v -44.369732 0.000000 106.572525
v -44.369732 0.015000 106.572525
v -44.508736 0.015000 105.875237
v -44.243946 0.000000 108.039360
v -44.229740 0.000000 108.789757
v -44.229740 0.015000 108.789757
v -44.243946 0.015000 108.039360
v -44.369732 0.000000 106.572525
v -44.286243 0.000000 107.297012
v -44.286243 0.015000 107.297012
v -44.369732 0.015000 106.572525
v -44.286243 0.000000 107.297012
v -44.243946 0.000000 108.039360
v -44.243946 0.015000 108.039360
v -44.286243 0.015000 107.297012
v -51.091145 -0.000001 101.428810
v -51.175701 -0.000001 100.440872
v -51.175701 0.015000 100.440887
v -51.175701 0.015000 100.440887
v -51.091145 0.015000 101.428810
v -51.091145 -0.000001 101.428810
v -45.093273 -0.000001 109.531631
v -45.091816 -0.000001 108.794800
v -45.091816 0.015000 108.794800
v -45.091816 0.015000 108.794800
v -45.093273 0.015000 109.531631
v -45.093273 -0.000001 109.531631
v -45.091816 -0.000001 108.794800
v -45.105610 -0.000001 108.069580
v -45.105610 0.015000 108.069580
v -45.105610 0.015000 108.069580
v -45.091816 0.015000 108.794800
v -45.091816 -0.000001 108.794800
v -45.105610 -0.000001 108.069580
v -45.145710 -0.000001 107.368118
v -45.145710 0.015000 107.368118
v -45.145710 0.015000 107.368118
v -45.105610 0.015000 108.069580
v -45.105610 -0.000001 108.069580
v -45.145710 -0.000001 107.368118
v -45.222576 -0.000001 106.703026
v -45.222576 0.015000 106.703026
v -45.222576 0.015000 106.703026
v -45.145710 0.015000 107.368118
v -45.145710 -0.000001 107.368118
v -45.222576 -0.000001 106.703026
v -45.345684 -0.000001 106.087334
v -45.345684 0.015000 106.087334
v -45.345684 0.015000 106.087334
v -45.222576 0.015000 106.703026
v -45.222576 -0.000001 106.703026
v -45.345684 -0.000001 106.087334
v -45.522930 -0.000001 105.533768
v -45.522930 0.015000 105.533768
v -45.522930 0.015000 105.533768
v -45.345684 0.015000 106.087334
v -45.345684 -0.000001 106.087334
v -45.522930 -0.000001 105.533768
v -45.760387 -0.000001 105.053116
v -45.760387 0.015000 105.053116
v -45.760387 0.015000 105.053116
v -45.522930 0.015000 105.533768
v -45.522930 -0.000001 105.533768
v -45.760387 -0.000001 105.053116
v -46.063938 -0.000001 104.651299
v -46.063938 0.015000 104.651299
v -45.760387 0.015000 105.053116
v -46.063938 -0.000001 104.651299
v -46.444347 -0.000001 104.328148
v -46.444347 0.015000 104.328148
v -46.444347 0.015000 104.328148
v -46.063938 0.015000 104.651299
v -46.063938 -0.000001 104.651299
v -46.444347 -0.000001 104.328148
v -46.907135 -0.000001 104.086876
v -46.907135 0.015000 104.086876
v -46.907135 0.015000 104.086876
v -46.444347 0.015000 104.328148
v -46.444347 -0.000001 104.328148
v -46.907135 -0.000001 104.086876
v -47.444298 -0.000001 103.911621
v -47.444298 0.015000 103.911621
v -47.444298 0.015000 103.911621
v -46.907135 0.015000 104.086876
v -46.907135 -0.000001 104.086876
v -47.444298 -0.000001 103.911621
v -48.033337 -0.000001 103.774551
v -48.033337 0.015000 103.774551
v -47.444298 0.015000 103.911621
v -48.033337 -0.000001 103.774551
v -48.648575 -0.000001 103.640564
v -48.648575 0.015000 103.640564
v -48.648575 0.015000 103.640564
v -48.033337 0.015000 103.774551
v -48.033337 -0.000001 103.774551
v -47.397102 0.000000 105.931641
v -47.397644 0.000000 110.303322
v -47.397644 0.015000 110.303322
v -47.397644 0.015000 110.303322
v -47.397102 0.015000 105.931641
v -47.397102 0.000000 105.931641
v -47.397644 0.000000 110.303322
v -45.092892 0.000000 110.303322
v -45.092892 0.015000 110.303322
v -47.397644 0.015000 110.303322
v -45.092892 0.000000 110.303322
v -45.093273 -0.000001 109.531631
v -45.093273 0.015000 109.531631
v -45.093273 0.015000 109.531631
v -45.092892 0.015000 110.303322
v -45.092892 0.000000 110.303322
v -61.489620 0.000000 105.931641
v -47.397102 0.000000 105.931641
v -47.397102 0.015000 105.931641
v -47.397102 0.015000 105.931641
v -61.489620 0.015000 105.931641
v -61.489620 0.000000 105.931641
v -50.829170 -0.000001 102.210899
v -51.091145 -0.000001 101.428810
v -51.091145 0.015000 101.428810
v -51.091145 0.015000 101.428810
v -50.829170 0.015000 102.210930
v -50.829170 -0.000001 102.210899
v -48.648575 -0.000001 103.640564
v -49.266491 -0.000001 103.467911
v -49.266491 0.015000 103.467911
v -49.266491 0.015000 103.467911
v -48.648575 0.015000 103.640564
v -48.648575 -0.000001 103.640564
v -50.403812 -0.000001 102.801102
v -50.829170 -0.000001 102.210899
v -50.829170 0.015000 102.210930
v -50.829170 0.015000 102.210930
v -50.403812 0.015000 102.801102
v -50.403812 -0.000001 102.801102
v -49.266491 -0.000001 103.467911
v -49.863510 -0.000001 103.206764
v -49.863510 0.015000 103.206764
v -49.863510 0.015000 103.206764
v -49.266491 0.015000 103.467911
v -49.266491 -0.000001 103.467911
v -49.863510 -0.000001 103.206764
v -50.403812 -0.000001 102.801102
v -50.403812 0.015000 102.801102
v -50.403812 0.015000 102.801102
v -49.863510 0.015000 103.206764
v -49.863510 -0.000001 103.206764
v -48.293194 0.000000 106.804253
v -61.489620 0.000000 106.804253
v -61.489620 0.015000 106.804253
v -48.293194 0.015000 106.804253
v -50.309074 0.015000 100.446846
v -50.239723 0.015000 101.258926
v -41.670635 0.015000 100.064720
v -50.239723 0.015000 101.258926
v -48.986927 0.015000 102.650200
v -48.450619 0.015000 102.801186
v -45.020546 0.015000 104.603271
v -44.719501 0.015000 105.214798
v -41.670635 0.015000 100.064720
v -41.670635 0.015000 100.064720
v -50.239723 0.015000 101.258926
v -48.450619 0.015000 102.801186
v -45.430626 0.015000 104.058739
v -45.020546 0.015000 104.603271
v -41.670635 0.015000 100.064720
v -41.670635 0.015000 100.064720
v -48.450619 0.015000 102.801186
v -47.853794 0.015000 102.931389
v -45.962448 0.015000 103.606789
v -41.670635 0.015000 100.064720
v -47.853794 0.015000 102.931389
v -47.223339 0.015000 103.077568
v -46.583504 0.015000 103.284721
v -47.223339 0.015000 103.077568
v -46.583504 0.015000 103.284721
v -41.670635 0.015000 100.064720
v -37.735531 0.000000 107.975731
v -44.286243 0.015000 107.297012
v -44.243946 0.015000 108.039360
v -37.735531 0.000000 107.975731
v -44.243946 0.015000 108.039360
v -44.229740 0.015000 108.789757
v -37.735531 0.000000 107.975731
v -44.229740 0.015000 108.789757
v -44.229534 0.015000 110.304626
v -61.489620 0.015000 106.804253
v -61.504932 0.000000 108.596756
v -48.293194 0.007456 108.564453
v -61.489620 0.015000 106.804253
v -48.293194 0.007456 108.564453
v -48.293194 0.015000 106.804253
v -48.293194 0.007456 108.564453
v -48.293194 0.000000 108.565773
v -48.293194 0.000000 106.804253
v -48.293194 0.007456 108.564453
v -48.293194 0.000000 106.804253
v -48.293194 0.015000 106.804253
s 0
f 2189 2190 2191
f 2192 2193 2194
f 2195 2196 2197
f 2198 2199 2200
f 2201 2202 2203
f 2204 2205 2206
f 2207 2208 2209
f 2210 2211 2212
f 2213 2214 2215
f 2216 2217 2218
f 2219 2220 2221
f 2222 2223 2224
f 2225 2226 2227
f 2228 2229 2230
f 2231 2232 2233
f 2234 2235 2236
f 2237 2238 2239
f 2225 2227 2240
f 2241 2242 2243
f 2244 2245 2246
f 2225 2240 2247
f 2222 2224 2248
f 2249 2250 2251
f 2252 2253 2254
f 2255 2225 2247
f 2256 2257 2258
f 2259 2260 2261
f 2262 2263 2264
f 2265 2266 2267
f 2268 2269 2270
f 2271 2272 2273
f 2274 2275 2276
f 2277 2278 2279
f 2280 2281 2282
f 2283 2284 2285
f 2286 2287 2288
f 2289 2290 2291
f 2292 2293 2294
f 2295 2296 2297
f 2298 2299 2300
f 2301 2302 2303
f 2304 2305 2306
f 2307 2308 2309
f 2310 2311 2312
f 2313 2314 2315
f 2316 2317 2318
f 2319 2320 2321
f 2322 2323 2324
f 2325 2326 2327
f 2328 2329 2330
f 2331 2332 2333
f 2334 2335 2336
f 2336 2337 2334
f 2338 2339 2340
f 2341 2342 2343
f 2344 2345 2346
f 2347 2348 2349
f 2350 2351 2352
f 2353 2354 2355
f 2356 2357 2358
f 2359 2360 2361
f 2362 2363 2364
f 2364 2365 2362
f 2366 2367 2368
f 2369 2370 2371
f 2372 2373 2374
f 2374 2375 2372
f 2376 2377 2378
f 2378 2379 2376
f 2380 2381 2382
f 2382 2383 2380
f 2384 2385 2386
f 2386 2387 2384
f 2388 2389 2390
f 2391 2392 2393
f 2394 2395 2396
f 2397 2398 2399
f 2400 2401 2402
f 2403 2404 2405
f 2406 2407 2408
f 2409 2410 2411
f 2412 2413 2414
f 2415 2416 2417
f 2418 2419 2420
f 2421 2422 2423
f 2424 2425 2426
f 2427 2428 2429
f 2430 2431 2432
f 2433 2434 2435
f 2436 2437 2438
f 2438 2439 2436
f 2440 2441 2442
f 2443 2444 2445
f 2446 2447 2448
f 2449 2450 2451
f 2452 2453 2454
f 2455 2456 2457
f 2458 2459 2460
f 2460 2461 2458
f 2462 2463 2464
f 2465 2466 2467
f 2468 2469 2470
f 2471 2472 2473
f 2474 2475 2476
f 2476 2477 2474
f 2478 2479 2480
f 2481 2482 2483
f 2484 2485 2486
f 2487 2488 2489
f 2490 2491 2492
f 2493 2494 2495
f 2496 2497 2498
f 2499 2500 2501
f 2502 2503 2504
f 2505 2506 2507
f 2508 2509 2510
f 2511 2512 2513
f 2514 2515 2516
f 2517 2518 2519
f 2520 2521 2522
f 2522 2523 2520
f 2524 2525 2526
f 2527 2528 2529
f 2530 2531 2532
f 2533 2534 2535
f 2536 2537 2538
f 2539 2540 2541
f 2542 2536 2538
f 2543 2544 2545
f 2546 2542 2538
f 2547 2548 2549
f 2550 2551 2552
f 2553 2554 2555
f 2556 2557 2558
f 2559 2560 2561
f 2562 2563 2564
f 2565 2566 2567
f 2568 2569 2570
o MarciapiedeZona07
v -39.621208 0.015000 110.886551
v -39.540966 0.015000 111.248062
v -37.735531 0.000000 107.975746
v -39.849728 0.015000 110.580078
v -39.621208 0.015000 110.886551
v -37.735531 0.000000 107.975746
v -40.191727 0.015000 110.375298
v -39.849728 0.015000 110.580078
v -37.735531 0.000000 107.975746
v -40.595146 0.015000 110.303345
v -40.191727 0.015000 110.375298
v -37.735531 0.000000 107.975746
v -37.472866 0.014999 132.109329
v -37.735531 0.000000 107.975746
v -39.540966 0.015000 111.248062
v -40.191727 0.014999 129.176468
v -40.595146 0.014999 129.248367
v -37.472866 0.014999 132.109329
v -37.472866 0.014999 132.109329
v -39.540966 0.015000 111.248062
v -39.540966 0.014999 128.303635
v -39.849728 0.014999 128.971680
v -37.472866 0.014999 132.109329
v -39.540966 0.014999 128.303635
v -39.621208 0.014999 128.665146
v -39.621208 0.014999 128.665146
v -39.849728 0.014999 128.971680
v -37.472866 0.014999 132.109329
v -57.744213 0.014999 130.410339
v -53.847157 0.014999 129.248367
v -54.250576 0.014999 129.176468
v -54.901344 0.014999 128.303619
v -61.504932 0.000000 108.596764
v -57.744213 0.014999 130.410339
v -57.744213 0.014999 130.410339
v -54.250576 0.014999 129.176468
v -54.592579 0.014999 128.971680
v -54.821095 0.014999 128.665146
v -54.901344 0.014999 128.303619
v -57.744213 0.014999 130.410339
v -54.592579 0.014999 128.971680
v -39.621208 0.000000 110.886513
v -39.540966 0.000000 111.248024
v -39.540966 0.015000 111.248062
v -39.540966 0.015000 111.248062
v -39.621208 0.015000 110.886551
v -39.621208 0.000000 110.886513
v -44.229534 0.000000 110.304626
v -40.595146 0.000000 110.303345
v -40.595146 0.015000 110.303345
v -44.229534 0.015000 110.304626
v -39.621208 0.000000 110.886513
v -39.621208 0.015000 110.886551
v -39.849728 0.000000 110.580032
v -39.621208 0.015000 110.886551
v -39.849728 0.015000 110.580078
v -39.849728 0.000000 110.580032
v -40.191727 0.000000 110.375259
v -39.849728 0.000000 110.580032
v -39.849728 0.015000 110.580078
v -39.849728 0.015000 110.580078
v -40.191727 0.015000 110.375298
v -40.191727 0.000000 110.375259
v -40.595146 0.000000 110.303345
v -40.191727 0.000000 110.375259
v -40.191727 0.015000 110.375298
v -40.191727 0.015000 110.375298
v -40.595146 0.015000 110.303345
v -40.595146 0.000000 110.303345
v -40.191727 -0.000001 129.176392
v -40.595146 -0.000001 129.248291
v -40.595146 0.014999 129.248367
v -40.595146 0.014999 129.248367
v -40.191727 0.014999 129.176468
v -40.191727 -0.000001 129.176392
v -39.540966 0.000000 111.248024
v -39.540966 -0.000001 128.303619
v -39.540966 0.014999 128.303635
v -39.540966 0.014999 128.303635
v -39.540966 0.015000 111.248062
v -39.540966 0.000000 111.248024
v -39.849728 -0.000001 128.971603
v -40.191727 -0.000001 129.176392
v -40.191727 0.014999 129.176468
v -40.191727 0.014999 129.176468
v -39.849728 0.014999 128.971680
v -39.849728 -0.000001 128.971603
v -39.540966 -0.000001 128.303619
v -39.621208 -0.000001 128.665146
v -39.621208 0.014999 128.665146
v -39.621208 0.014999 128.665146
v -39.540966 0.014999 128.303635
v -39.540966 -0.000001 128.303619
v -39.621208 -0.000001 128.665146
v -39.849728 -0.000001 128.971603
v -39.849728 0.014999 128.971680
v -39.849728 0.014999 128.971680
v -39.621208 0.014999 128.665146
v -39.621208 -0.000001 128.665146
v -54.901344 -0.000001 128.303619
v -54.901344 0.000000 111.248024
v -54.901344 0.015000 111.248047
v -54.901344 0.015000 111.248047
v -54.901344 0.014999 128.303619
v -54.901344 -0.000001 128.303619
v -53.847157 -0.000001 129.248291
v -54.250576 -0.000001 129.176392
v -54.250576 0.014999 129.176468
v -54.250576 0.014999 129.176468
v -53.847157 0.014999 129.248367
v -53.847157 -0.000001 129.248291
v -54.250576 -0.000001 129.176392
v -54.592579 -0.000001 128.971603
v -54.592579 0.014999 128.971680
v -54.592579 0.014999 128.971680
v -54.250576 0.014999 129.176468
v -54.250576 -0.000001 129.176392
v -54.821095 -0.000001 128.665146
v -54.901344 -0.000001 128.303619
v -54.901344 0.014999 128.303619
v -54.821095 0.014999 128.665146
v -54.592579 -0.000001 128.971603
v -54.821095 -0.000001 128.665146
v -54.821095 0.014999 128.665146
v -54.821095 0.014999 128.665146
v -54.592579 0.014999 128.971680
v -54.592579 -0.000001 128.971603
v -45.068668 0.000000 129.247986
v -53.847157 -0.000001 129.248291
v -53.847157 0.014999 129.248367
v -53.847157 0.014999 129.248367
v -45.068668 0.014999 129.248062
v -45.068668 0.000000 129.247986
v -40.595146 -0.000001 129.248291
v -44.206631 -0.000001 129.248444
v -44.206631 0.014999 129.248520
v -44.206631 0.014999 129.248520
v -40.595146 0.014999 129.248367
v -40.595146 -0.000001 129.248291
v -54.250576 0.000000 110.375259
v -53.847157 0.000000 110.303345
v -53.847157 0.015000 110.303345
v -53.847157 0.015000 110.303345
v -54.250576 0.015000 110.375298
v -54.250576 0.000000 110.375259
v -54.901344 0.000000 111.248024
v -54.821095 0.000000 110.886513
v -54.821095 0.015000 110.886551
v -54.821095 0.015000 110.886551
v -54.901344 0.015000 111.248047
v -54.901344 0.000000 111.248024
v -54.592579 0.000000 110.580032
v -54.250576 0.000000 110.375259
v -54.250576 0.015000 110.375298
v -54.250576 0.015000 110.375298
v -54.592579 0.015000 110.580078
v -54.592579 0.000000 110.580032
v -54.821095 0.000000 110.886513
v -54.592579 0.000000 110.580032
v -54.592579 0.015000 110.580078
v -54.592579 0.015000 110.580078
v -54.821095 0.015000 110.886551
v -54.821095 0.000000 110.886513
v -53.847157 0.000000 110.303345
v -48.293194 0.000000 110.303955
v -48.293194 0.015000 110.303955
v -48.293194 0.015000 110.303955
v -53.847157 0.015000 110.303345
v -53.847157 0.000000 110.303345
v -47.478901 0.000000 131.937485
v -45.068668 0.014999 129.248062
v -53.847157 0.014999 129.248367
v -47.478901 0.000000 131.937485
v -53.847157 0.014999 129.248367
v -57.744213 0.014999 130.410339
v -44.206631 0.014999 129.248520
v -44.229534 0.015000 110.304626
v -40.595146 0.015000 110.303345
v -37.735531 0.000000 107.975746
v -53.847157 0.015000 110.303345
v -48.293194 0.015000 110.303955
v -48.293194 0.007456 108.564453
v -54.250576 0.015000 110.375298
v -53.847157 0.015000 110.303345
v -48.293194 0.007456 108.564453
v -61.504932 0.000000 108.596764
v -54.901344 0.014999 128.303619
v -54.901344 0.015000 111.248047
v -54.250576 0.015000 110.375298
v -48.293194 0.007456 108.564453
v -61.504932 0.000000 108.596764
v -61.504932 0.000000 108.596764
v -54.901344 0.015000 111.248047
v -54.821095 0.015000 110.886551
v -54.592579 0.015000 110.580078
v -54.250576 0.015000 110.375298
v -61.504932 0.000000 108.596764
v -61.504932 0.000000 108.596764
v -54.821095 0.015000 110.886551
v -54.592579 0.015000 110.580078
v -48.293194 0.000000 108.565773
v -48.293194 0.007456 108.564453
v -48.293194 0.015000 110.303955
v -48.293194 0.000000 108.565773
v -48.293194 0.015000 110.303955
v -48.293194 0.000000 110.303955
s 0
f 2571 2572 2573
f 2574 2575 2576
f 2577 2578 2579
f 2580 2581 2582
f 2583 2584 2585
f 2586 2587 2588
f 2589 2590 2591
f 2592 2586 2588
f 2593 2594 2595
f 2596 2597 2598
f 2599 2600 2601
f 2602 2603 2604
f 2605 2606 2607
f 2608 2609 2610
f 2610 2611 2608
f 2612 2613 2614
f 2615 2616 2617
f 2618 2619 2620
f 2620 2621 2618
f 2622 2623 2624
f 2625 2626 2627
f 2628 2629 2630
f 2631 2632 2633
f 2634 2635 2636
f 2637 2638 2639
f 2640 2641 2642
f 2643 2644 2645
f 2646 2647 2648
f 2649 2650 2651
f 2652 2653 2654
f 2655 2656 2657
f 2658 2659 2660
f 2661 2662 2663
f 2664 2665 2666
f 2667 2668 2669
f 2670 2671 2672
f 2673 2674 2675
f 2676 2677 2678
f 2679 2680 2681
f 2682 2683 2684
f 2685 2686 2687
f 2688 2689 2690
f 2690 2691 2688
f 2692 2693 2694
f 2695 2696 2697
f 2698 2699 2700
f 2701 2702 2703
f 2704 2705 2706
f 2707 2708 2709
f 2710 2711 2712
f 2713 2714 2715
f 2716 2717 2718
f 2719 2720 2721
f 2722 2723 2724
f 2725 2726 2727
f 2728 2729 2730
f 2731 2732 2733
f 2734 2735 2736
f 2737 2738 2739
f 2740 2741 2742
f 2743 2744 2745
f 2746 2588 2587
f 2747 2748 2749
f 2750 2751 2752
f 2753 2754 2755
f 2756 2757 2758
f 2759 2760 2761
f 2762 2763 2764
f 2765 2766 2767
f 2768 2769 2770
f 2771 2772 2773
f 2774 2775 2776
o MarciapiedeZona10
v -23.951593 0.020000 127.780167
v -16.016806 0.020000 127.780167
v -16.016806 0.020000 121.210075
v -28.596090 0.020000 121.210075
v -4.991254 0.020000 117.241776
v -28.605738 0.020000 117.357346
v -28.597853 0.020000 120.195793
v -9.009559 0.020000 121.210075
v -14.880135 0.020000 121.210075
v -14.880135 0.020000 127.780167
v -4.986450 0.020000 127.780167
v -23.951593 0.000000 127.780167
v -16.016806 0.000000 127.780167
v -16.016806 0.020000 127.780167
v -23.951593 0.020000 127.780167
v -16.016806 0.000000 127.780167
v -16.016806 0.000000 121.210075
v -16.016806 0.020000 121.210075
v -16.016806 0.020000 127.780167
v -16.016806 0.000000 121.210075
v -28.596090 0.000000 121.210075
v -28.596090 0.020000 121.210075
v -16.016806 0.020000 121.210075
v -9.009559 0.000000 120.195793
v -9.009559 0.000000 121.210075
v -9.009559 0.020000 121.210075
v -9.009559 0.020000 120.195793
v -28.597853 0.000000 120.195793
v -9.009559 0.000000 120.195793
v -9.009559 0.020000 120.195793
v -28.597853 0.020000 120.195793
v -9.009559 0.000000 121.210075
v -14.880135 0.000000 121.210075
v -14.880135 0.020000 121.210075
v -14.880135 0.020000 121.210075
v -9.009559 0.020000 121.210075
v -9.009559 0.000000 121.210075
v -14.880135 0.000000 121.210075
v -14.880135 0.000000 127.780167
v -14.880135 0.020000 127.780167
v -14.880135 0.020000 121.210075
v -28.631062 0.011598 127.477303
v -23.951593 0.020000 127.780167
v -28.596090 0.020000 121.210075
v -9.009559 0.020000 120.195793
v -4.991168 0.000000 127.780167
v -4.986450 0.020000 127.780167
v -14.880135 0.020000 127.780167
v -4.991168 0.000000 127.780167
v -14.880135 0.020000 127.780167
v -14.880135 0.000000 127.780167
s 0
f 2777 2778 2779
f 2777 2779 2780
f 2781 2782 2783
f 2784 2785 2786
f 2784 2786 2787
f 2788 2789 2790
f 2790 2791 2788
f 2792 2793 2794
f 2794 2795 2792
f 2796 2797 2798
f 2798 2799 2796
f 2800 2801 2802
f 2802 2803 2800
f 2804 2805 2806
f 2806 2807 2804
f 2808 2809 2810
f 2811 2812 2813
f 2814 2815 2816
f 2816 2817 2814
f 2818 2819 2820
f 2781 2783 2821
f 2821 2784 2787
f 2821 2787 2781
f 2822 2823 2824
f 2825 2826 2827
o MarciapiedeZona11
v -23.951593 0.020000 128.968399
v -28.664572 0.020000 132.017410
v 4.227463 0.020000 144.000549
v 4.229818 0.020000 128.968399
v -23.951593 0.020000 128.968399
v 4.234558 0.020000 131.077255
v 4.234558 0.020000 131.077255
v -23.951593 0.020000 128.968399
v 4.227463 0.020000 144.000549
v 36.191780 0.020000 123.396584
v 36.191780 0.020000 127.780174
v 54.611633 0.020000 127.780174
v 33.397430 0.000000 138.307571
v 33.397430 0.000000 128.968399
v 23.455814 0.000000 138.307571
v 34.842083 0.020000 128.968399
v 34.842083 0.020000 138.307571
v 65.941544 0.020000 138.307571
v 34.842083 0.020000 128.968399
v 65.941544 0.020000 138.307571
v 56.251411 0.020000 128.968399
v 4.234558 0.000000 131.077255
v 4.229818 0.000000 128.968399
v 4.229818 0.020000 128.968399
v 4.229818 0.020000 128.968399
v 4.234558 0.020000 131.077255
v 4.234558 0.000000 131.077255
v 4.227463 0.000000 144.000000
v 4.234558 0.000000 131.077255
v 4.234558 0.020000 131.077255
v 4.234558 0.020000 131.077255
v 4.227463 0.020000 144.000549
v 4.227463 0.000000 144.000000
v -23.951593 0.000000 128.968399
v -23.951593 0.020000 128.968399
v 4.229818 0.000000 128.968399
v 4.229818 0.020000 128.968399
v -23.951593 0.000000 128.968399
v -23.951593 0.000000 127.780174
v -23.951593 0.020000 127.780174
v -23.951593 0.020000 128.968399
v 54.611969 0.020000 117.566261
v 8.342731 0.020000 113.208702
v 8.326996 0.020000 127.780174
v 34.842083 0.020000 127.780174
v 34.842083 0.020000 123.396584
v 33.397430 0.020000 138.307571
v 33.397430 0.020000 128.968399
v 8.326996 0.020000 128.968399
v 8.346656 0.020000 144.084854
v 23.455814 0.020000 138.307571
v 8.346656 0.020000 144.084854
v 23.455246 0.020000 164.756256
v 23.455814 0.020000 138.307571
v 36.191780 0.000000 123.396584
v 36.191780 0.000000 127.780174
v 36.191780 0.020000 127.780174
v 36.191780 0.020000 123.396584
v 36.191780 0.000000 127.780174
v 54.611809 0.000000 127.780174
v 54.611633 0.020000 127.780174
v 54.611633 0.020000 127.780174
v 36.191780 0.020000 127.780174
v 36.191780 0.000000 127.780174
v 33.397430 0.000000 128.968399
v 8.326996 0.000000 128.968399
v 8.326996 0.020000 128.968399
v 33.397430 0.020000 128.968399
v 33.397430 0.000000 138.307571
v 33.397430 0.000000 128.968399
v 33.397430 0.020000 128.968399
v 33.397430 0.020000 138.307571
v 23.455814 0.000000 138.307571
v 33.397430 0.000000 138.307571
v 33.397430 0.020000 138.307571
v 33.397430 0.020000 138.307571
v 23.455814 0.020000 138.307571
v 23.455814 0.000000 138.307571
v 34.842083 0.000000 128.968399
v 34.842083 0.000000 138.307571
v 34.842083 0.020000 138.307571
v 34.842083 0.020000 128.968399
v 34.842083 0.000000 138.307571
v 65.941544 0.000000 138.307571
v 65.941544 0.020000 138.307571
v 34.842083 0.020000 138.307571
v 56.251411 0.000000 128.968399
v 34.842083 0.000000 128.968399
v 34.842083 0.020000 128.968399
v 56.251411 0.020000 128.968399
v 8.326996 0.000000 128.968399
v 8.346656 0.000000 144.084854
v 8.346656 0.020000 144.084854
v 8.326996 0.020000 128.968399
v 8.342731 0.000000 113.208694
v 8.326996 0.000000 127.780174
v 8.326996 0.020000 127.780174
v 8.326996 0.020000 127.780174
v 8.342731 0.020000 113.208702
v 8.342731 0.000000 113.208694
v 8.326996 0.000000 127.780174
v 34.842083 0.000000 127.780174
v 34.842083 0.020000 127.780174
v 8.326996 0.020000 127.780174
v 34.842083 0.000000 127.780174
v 34.842083 0.000000 123.396584
v 34.842083 0.020000 123.396584
v 34.842083 0.020000 127.780174
v 34.842083 0.000000 123.396584
v 36.191780 0.000000 123.396584
v 36.191780 0.020000 123.396584
v 34.842083 0.020000 123.396584
v 23.455246 0.000000 164.756256
v 23.455814 0.000000 138.307571
v 23.455814 0.020000 138.307571
v 23.455814 0.020000 138.307571
v 23.455246 0.020000 164.756256
v 23.455246 0.000000 164.756256
v -28.664572 0.020000 132.017410
v -23.951593 0.020000 128.968399
v -28.631060 0.011598 127.477310
v -28.631060 0.011598 127.477310
v -23.951593 0.020000 128.968399
v -23.951593 0.020000 127.780174
v 3.085972 0.000000 127.780174
v 3.046494 0.000000 119.980949
v 3.046494 0.020000 119.980949
v 3.046494 0.020000 119.980949
v 3.085972 0.020000 127.780174
v 3.085972 0.000000 127.780174
v -4.991255 0.020000 117.241783
v -4.986450 0.020000 127.780174
v 3.085972 0.020000 127.780174
v 3.046494 0.020000 119.980949
v -4.991255 0.020000 117.241783
v 3.046494 0.020000 119.980949
v 2.986317 0.020000 117.202751
v 3.085972 0.000000 127.780174
v 3.085972 0.020000 127.780174
v -4.986450 0.020000 127.780174
v 3.085972 0.000000 127.780174
v -4.986450 0.020000 127.780174
v -4.991167 0.000000 127.780174
v 4.481537 0.496465 120.252464
v 5.519032 0.505039 120.206093
s 0
f 2828 2829 2830
f 2831 2832 2833
f 2834 2835 2836
f 2837 2838 2839
f 2840 2841 2842
f 2843 2844 2845
f 2846 2847 2848
f 2849 2850 2851
f 2852 2853 2854
f 2855 2856 2857
f 2858 2859 2860
f 2861 2862 2863
f 2862 2864 2863
f 2865 2866 2867
f 2867 2868 2865
f 2869 2870 2871
f 2871 2872 2873
f 2869 2871 2873
f 2837 2839 2869
f 2873 2837 2869
f 2874 2875 2876
f 2876 2877 2878
f 2876 2878 2874
f 2879 2880 2881
f 2882 2883 2884
f 2884 2885 2882
f 2886 2887 2888
f 2889 2890 2891
f 2892 2893 2894
f 2894 2895 2892
f 2896 2897 2898
f 2898 2899 2896
f 2900 2901 2902
f 2903 2904 2905
f 2906 2907 2908
f 2908 2909 2906
f 2910 2911 2912
f 2912 2913 2910
f 2914 2915 2916
f 2916 2917 2914
f 2918 2919 2920
f 2920 2921 2918
f 2922 2923 2924
f 2925 2926 2927
f 2928 2929 2930
f 2930 2931 2928
f 2932 2933 2934
f 2934 2935 2932
f 2936 2937 2938
f 2938 2939 2936
f 2940 2941 2942
f 2943 2944 2945
f 2946 2947 2948
f 2949 2950 2951
f 2952 2953 2954
f 2955 2956 2957
f 2958 2959 2960
f 2958 2960 2961
f 2962 2963 2964
f 2965 2966 2967
f 2968 2969 2970
o Murazz01
v 10.047603 1.087026 72.995712
v 10.047603 2.299087 47.194191
v 10.047603 1.087026 47.194191
v 10.047603 1.087026 47.194191
v -15.805518 2.299087 47.194191
v -15.805518 1.087026 47.194191
v -15.805518 1.087026 47.194191
v -15.805518 2.299087 72.995712
v -15.805518 1.087026 72.995712
v 10.564664 2.299087 73.005478
v 10.047603 2.299087 47.194191
v 10.047603 2.299087 72.995712
v 10.564664 2.299087 46.671852
v -15.805518 2.299087 47.194191
v 10.047603 2.299087 47.194191
v -16.322580 2.299087 73.005478
v -15.805518 2.299087 47.194191
v -16.322582 2.299087 46.671852
v 10.047603 2.299087 72.995712
v 10.047603 2.299087 47.194191
v 10.047603 1.087026 47.194191
v 10.047603 2.299087 47.194191
v -15.805518 2.299087 47.194191
v -15.805518 1.087026 47.194191
v -15.805518 2.299087 47.194191
v -15.805518 2.299087 72.995712
v 10.564664 2.299087 73.005478
v 10.564664 2.299087 46.671852
v 10.047603 2.299087 47.194191
v 10.564664 2.299087 46.671852
v -16.322582 2.299087 46.671852
v -15.805518 2.299087 47.194191
v -16.322580 2.299087 73.005478
v -15.805518 2.299087 72.995712
v -15.805518 2.299087 47.194191
s 1
f 2973 2974 2975
f 2976 2977 2978
f 2979 2980 2981
f 2982 2983 2984
f 2985 2986 2987
f 2988 2989 2990
f 2973 2991 2992
f 2993 2994 2995
f 2996 2997 2998
f 2999 3000 3001
f 3002 3003 3004
f 3005 3006 3007
o Murazz02
v -43.594170 0.000000 129.654984
v -43.594170 0.000000 135.330261
v -43.461842 1.000000 135.327316
v -43.462704 1.000000 129.800323
v -43.594170 0.000000 129.654984
v -43.461842 1.000000 135.327316
v -40.265812 0.000000 129.654984
v -43.594170 0.000000 129.654984
v -43.462704 1.000000 129.800323
v -43.462704 1.000000 129.800323
v -40.152115 1.000000 129.800323
v -40.265812 0.000000 129.654984
v -39.540401 0.000000 129.313614
v -40.265812 0.000000 129.654984
v -40.152115 1.000000 129.800323
v -40.152115 1.000000 129.800323
v -39.404892 1.000000 129.470947
v -39.540401 0.000000 129.313614
v -39.182411 0.000000 128.619827
v -39.540401 0.000000 129.313614
v -39.404892 1.000000 129.470947
v -39.404892 1.000000 129.470947
v -39.015011 1.000000 128.791504
v -39.182411 0.000000 128.619827
v -39.212585 0.000000 110.671646
v -39.182411 0.000000 128.619827
v -39.015011 1.000000 128.791504
v -39.015011 1.000000 128.791504
v -39.016636 1.000000 110.518692
v -39.212585 0.000000 110.671646
v -43.829067 0.000000 105.506790
v -43.829067 0.000000 109.917320
v -43.689510 1.000000 109.732399
v -43.689510 1.000000 109.732399
v -43.689510 1.000000 105.506447
v -43.829067 0.000000 105.506790
v -43.829067 0.000000 109.917320
v -40.027260 0.000000 109.917320
v -39.929916 1.000000 109.724380
v -39.929916 1.000000 109.724380
v -43.689510 1.000000 109.732399
v -43.829067 0.000000 109.917320
v -40.027260 0.000000 109.917320
v -39.635006 0.000000 110.098351
v -39.504978 1.000000 109.906059
v -39.504978 1.000000 109.906059
v -39.929916 1.000000 109.724380
v -40.027260 0.000000 109.917320
v -39.635006 0.000000 110.098351
v -39.212585 0.000000 110.671646
v -39.016636 1.000000 110.518692
v -39.016636 1.000000 110.518692
v -39.504978 1.000000 109.906059
v -39.635006 0.000000 110.098351
s 0
f 3008 3009 3010
f 3011 3012 3013
f 3014 3015 3016
f 3017 3018 3019
f 3020 3021 3022
f 3023 3024 3025
f 3026 3027 3028
f 3029 3030 3031
f 3032 3033 3034
f 3035 3036 3037
f 3038 3039 3040
f 3041 3042 3043
f 3044 3045 3046
f 3047 3048 3049
f 3050 3051 3052
f 3053 3054 3055
f 3056 3057 3058
f 3059 3060 3061
o Murettazz01_
v -0.616193 1.598711 73.045738
v 10.052776 1.598711 73.045738
v 10.052776 1.598711 72.945732
v -0.616193 1.598711 72.945732
v -0.616193 1.498711 73.045738
v 10.052776 1.498711 73.045738
v 10.052776 1.598711 73.045738
v -0.616193 1.598711 73.045738
v 10.052776 1.498711 73.045738
v 10.052776 1.498711 72.945732
v 10.052776 1.598711 72.945732
v 10.052776 1.598711 73.045738
v 10.052776 1.498711 72.945732
v -0.616193 1.498711 72.945732
v -0.616193 1.598711 72.945732
v 10.052776 1.598711 72.945732
v -0.616193 1.498711 73.045738
v -0.616193 1.598711 73.045738
v -0.616193 1.498711 72.945732
v -0.616193 1.598711 72.945732
v -0.716190 1.994622 73.045692
v -0.616190 1.994622 73.045692
v -0.616190 1.994622 72.945694
v -0.716190 1.994622 72.945694
v -0.716190 1.494622 73.045692
v -0.616190 1.494622 73.045692
v -0.616190 1.994622 73.045692
v -0.716190 1.994622 73.045692
v -0.616190 1.494622 73.045692
v -0.616190 1.494622 72.945694
v -0.616190 1.994622 72.945694
v -0.616190 1.994622 73.045692
v -0.616190 1.494622 72.945694
v -0.716190 1.494622 72.945694
v -0.716190 1.994622 72.945694
v -0.616190 1.994622 72.945694
v -0.716190 1.494622 72.945694
v -0.716190 1.494622 73.045692
v -0.716190 1.994622 73.045692
v -0.716190 1.994622 72.945694
v 12.383807 1.597324 72.996849
v -0.616193 1.597324 72.996849
v -0.616193 1.900324 72.996849
v 12.383807 1.900324 72.996849
s 1
f 3062 3063 3064
f 3065 3062 3064
f 3066 3067 3068
f 3068 3069 3066
f 3070 3071 3072
f 3072 3073 3070
f 3074 3075 3076
f 3076 3077 3074
f 3078 3079 3080
f 3079 3081 3080
f 3082 3083 3084
f 3084 3085 3082
f 3086 3087 3088
f 3088 3089 3086
f 3090 3091 3092
f 3092 3093 3090
f 3094 3095 3096
f 3096 3097 3094
f 3098 3099 3100
f 3100 3101 3098
s 0
f 3102 3103 3104
f 3104 3105 3102
o Murettazz02_
v -15.848207 1.598711 73.045738
v -2.848208 1.598711 73.045738
v -2.848208 1.598711 72.945732
v -15.848207 1.598711 72.945732
v -15.848207 1.498711 73.045738
v -2.848208 1.498711 73.045738
v -2.848208 1.598711 73.045738
v -15.848207 1.598711 73.045738
v -2.848208 1.498711 73.045738
v -2.848208 1.498711 72.945732
v -2.848208 1.598711 72.945732
v -2.848208 1.598711 73.045738
v -2.848208 1.498711 72.945732
v -15.848207 1.498711 72.945732
v -15.848207 1.598711 72.945732
v -2.848208 1.598711 72.945732
v -15.848207 1.498711 73.045738
v -15.848207 1.598711 73.045738
v -15.848207 1.498711 72.945732
v -15.848207 1.598711 72.945732
v -2.848267 1.994622 73.045601
v -2.748266 1.994622 73.045601
v -2.748266 1.994622 72.945602
v -2.848267 1.994622 72.945602
v -2.848267 1.494622 73.045601
v -2.748266 1.494622 73.045601
v -2.748266 1.994622 73.045601
v -2.848267 1.994622 73.045601
v -2.748266 1.494622 73.045601
v -2.748266 1.494622 72.945602
v -2.748266 1.994622 72.945602
v -2.748266 1.994622 73.045601
v -2.748266 1.494622 72.945602
v -2.848267 1.494622 72.945602
v -2.848267 1.994622 72.945602
v -2.748266 1.994622 72.945602
v -2.848267 1.494622 72.945602
v -2.848267 1.494622 73.045601
v -2.848267 1.994622 73.045601
v -2.848267 1.994622 72.945602
v -2.848208 1.597324 72.996849
v -15.848207 1.597324 72.996849
v -15.848207 1.900324 72.996849
v -2.848208 1.900324 72.996849
s 1
f 3106 3107 3108
f 3109 3106 3108
f 3110 3111 3112
f 3112 3113 3110
f 3114 3115 3116
f 3116 3117 3114
f 3118 3119 3120
f 3120 3121 3118
f 3122 3123 3124
f 3123 3125 3124
f 3126 3127 3128
f 3128 3129 3126
f 3130 3131 3132
f 3132 3133 3130
f 3134 3135 3136
f 3136 3137 3134
f 3138 3139 3140
f 3140 3141 3138
f 3142 3143 3144
f 3144 3145 3142
s 0
f 3146 3147 3148
f 3148 3149 3146
o Pilastrazz
v -44.306622 0.000000 76.492622
v -43.979519 0.000000 76.254967
v -43.902302 0.000000 76.492622
v -44.181679 0.000000 76.108086
v -44.431561 0.000000 76.108086
v -44.181679 0.000000 76.108086
v -44.633724 0.000000 76.254967
v -44.710938 0.000000 76.492622
v -44.633724 0.000000 76.730278
v -44.431561 0.000000 76.877159
v -44.181679 0.000000 76.877159
v -43.979519 0.000000 76.730278
v -43.979519 0.937600 76.254967
v -43.902302 0.937600 76.492622
v -44.181679 0.937600 76.108086
v -44.431561 0.937600 76.108086
v -44.181679 0.937600 76.108086
v -44.633724 0.937600 76.254967
v -44.710938 0.937600 76.492622
v -44.633724 0.937600 76.730278
v -44.431561 0.937600 76.877159
v -44.181679 0.937600 76.877159
v -43.979519 0.937600 76.730278
v -44.306622 0.937600 76.492622
s 1
f 3150 3151 3152
f 3150 3153 3151
f 3150 3154 3155
f 3150 3156 3154
f 3150 3157 3156
f 3150 3158 3157
f 3150 3159 3158
f 3150 3160 3159
f 3150 3161 3160
f 3150 3152 3161
f 3152 3162 3163
f 3152 3151 3162
f 3151 3164 3162
f 3151 3153 3164
f 3155 3165 3166
f 3155 3154 3165
f 3154 3167 3165
f 3154 3156 3167
f 3156 3168 3167
f 3156 3157 3168
f 3157 3169 3168
f 3157 3158 3169
f 3158 3170 3169
f 3158 3159 3170
f 3159 3171 3170
f 3159 3160 3171
f 3160 3172 3171
f 3160 3161 3172
f 3161 3163 3172
f 3161 3152 3163
f 3173 3163 3162
f 3173 3162 3164
f 3173 3166 3165
f 3173 3165 3167
f 3173 3167 3168
f 3173 3168 3169
f 3173 3169 3170
f 3173 3170 3171
f 3173 3171 3172
f 3173 3172 3163
o Pilastrazz02
v 68.996239 -1.500000 116.226646
v 68.908371 0.400000 116.014519
v 68.996239 0.400000 116.226646
v 68.908371 -1.500000 116.014519
v 68.696236 0.400000 115.926651
v 68.696236 -1.500000 115.926651
v 68.696236 -1.500000 115.926651
v 68.484100 0.400000 116.014519
v 68.696236 0.400000 115.926651
v 68.484100 -1.500000 116.014519
v 68.396233 0.400000 116.226646
v 68.396233 -1.500000 116.226646
v 68.484100 0.400000 116.438782
v 68.484100 -1.500000 116.438782
v 68.696236 0.400000 116.526649
v 68.696236 -1.500000 116.526649
v 68.908371 0.400000 116.438782
v 68.908371 -1.500000 116.438782
s 1
f 3174 3175 3176
f 3174 3177 3175
f 3177 3178 3175
f 3177 3179 3178
f 3180 3181 3182
f 3180 3183 3181
f 3183 3184 3181
f 3183 3185 3184
f 3185 3186 3184
f 3185 3187 3186
f 3187 3188 3186
f 3187 3189 3188
f 3189 3190 3188
f 3189 3191 3190
f 3191 3176 3190
f 3191 3174 3176
o Pilastrazz03
v 72.784492 -1.500000 116.226646
v 72.696625 0.400000 116.014519
v 72.784492 0.400000 116.226646
v 72.696625 -1.500000 116.014519
v 72.484489 0.400000 115.926651
v 72.484489 -1.500000 115.926651
v 72.484489 -1.500000 115.926651
v 72.272362 0.400000 116.014519
v 72.484489 0.400000 115.926651
v 72.272362 -1.500000 116.014519
v 72.184494 0.400000 116.226646
v 72.184494 -1.500000 116.226646
v 72.272362 0.400000 116.438782
v 72.272362 -1.500000 116.438782
v 72.484489 0.400000 116.526649
v 72.484489 -1.500000 116.526649
v 72.696625 0.400000 116.438782
v 72.696625 -1.500000 116.438782
s 1
f 3192 3193 3194
f 3192 3195 3193
f 3195 3196 3193
f 3195 3197 3196
f 3198 3199 3200
f 3198 3201 3199
f 3201 3202 3199
f 3201 3203 3202
f 3203 3204 3202
f 3203 3205 3204
f 3205 3206 3204
f 3205 3207 3206
f 3207 3208 3206
f 3207 3209 3208
f 3209 3194 3208
f 3209 3192 3194
o Pilastrazz04
v 68.996239 -1.500000 56.622314
v 68.908371 0.400000 56.410183
v 68.996239 0.400000 56.622314
v 68.908371 -1.500000 56.410183
v 68.696236 0.400000 56.322315
v 68.696236 -1.500000 56.322315
v 68.696236 -1.500000 56.322315
v 68.484100 0.400000 56.410183
v 68.696236 0.400000 56.322315
v 68.484100 -1.500000 56.410183
v 68.396233 0.400000 56.622314
v 68.396233 -1.500000 56.622314
v 68.484100 0.400000 56.834450
v 68.484100 -1.500000 56.834450
v 68.696236 0.400000 56.922314
v 68.696236 -1.500000 56.922314
v 68.908371 0.400000 56.834450
v 68.908371 -1.500000 56.834450
s 1
f 3210 3211 3212
f 3210 3213 3211
f 3213 3214 3211
f 3213 3215 3214
f 3216 3217 3218
f 3216 3219 3217
f 3219 3220 3217
f 3219 3221 3220
f 3221 3222 3220
f 3221 3223 3222
f 3223 3224 3222
f 3223 3225 3224
f 3225 3226 3224
f 3225 3227 3226
f 3227 3212 3226
f 3227 3210 3212
o Pilastrazz05
v 72.784492 -1.500000 56.622314
v 72.696625 0.400000 56.410183
v 72.784492 0.400000 56.622314
v 72.696625 -1.500000 56.410183
v 72.484489 0.400000 56.322315
v 72.484489 -1.500000 56.322315
v 72.484489 -1.500000 56.322315
v 72.272362 0.400000 56.410183
v 72.484489 0.400000 56.322315
v 72.272362 -1.500000 56.410183
v 72.184494 0.400000 56.622314
v 72.184494 -1.500000 56.622314
v 72.272362 0.400000 56.834450
v 72.272362 -1.500000 56.834450
v 72.484489 0.400000 56.922314
v 72.484489 -1.500000 56.922314
v 72.696625 0.400000 56.834450
v 72.696625 -1.500000 56.834450
s 1
f 3228 3229 3230
f 3228 3231 3229
f 3231 3232 3229
f 3231 3233 3232
f 3234 3235 3236
f 3234 3237 3235
f 3237 3238 3235
f 3237 3239 3238
f 3239 3240 3238
f 3239 3241 3240
f 3241 3242 3240
f 3241 3243 3242
f 3243 3244 3242
f 3243 3245 3244
f 3245 3230 3244
f 3245 3228 3230
o SpondaPonte01
v -45.335114 0.827960 80.028908
v -45.335114 0.827960 73.601051
v -45.076839 0.827960 73.601051
v -45.076839 0.827960 80.028908
v -45.335114 1.127960 80.028908
v -45.076839 1.127960 80.028908
v -45.076839 1.127960 73.601051
v -45.335114 1.127960 73.601051
v -45.335114 0.827960 80.028908
v -45.076839 0.827960 80.028908
v -45.076839 1.127960 80.028908
v -45.335114 1.127960 80.028908
v -45.076839 0.827960 80.028908
v -45.076839 0.827960 73.601051
v -45.076839 1.127960 73.601051
v -45.076839 1.127960 80.028908
v -45.076839 0.827960 73.601051
v -45.335114 0.827960 73.601051
v -45.335114 1.127960 73.601051
v -45.076839 1.127960 73.601051
v -45.335114 0.827960 73.601051
v -45.335114 0.827960 80.028908
v -45.335114 1.127960 80.028908
v -45.335114 1.127960 73.601051
s 1
f 3246 3247 3248
f 3249 3246 3248
f 3250 3251 3252
f 3252 3253 3250
f 3254 3255 3256
f 3257 3254 3256
f 3258 3259 3260
f 3260 3261 3258
f 3262 3263 3264
f 3264 3265 3262
f 3266 3267 3268
f 3268 3269 3266
o SpondaPonte02
v -43.664547 0.827960 80.028908
v -43.664547 0.827960 73.601051
v -43.406277 0.827960 73.601051
v -43.406277 0.827960 80.028908
v -43.664547 1.127960 80.028908
v -43.406277 1.127960 80.028908
v -43.406277 1.127960 73.601051
v -43.664547 1.127960 73.601051
v -43.664547 0.827960 80.028908
v -43.406277 0.827960 80.028908
v -43.406277 1.127960 80.028908
v -43.664547 1.127960 80.028908
v -43.406277 0.827960 80.028908
v -43.406277 0.827960 73.601051
v -43.406277 1.127960 73.601051
v -43.406277 1.127960 80.028908
v -43.406277 0.827960 73.601051
v -43.664547 0.827960 73.601051
v -43.664547 1.127960 73.601051
v -43.406277 1.127960 73.601051
v -43.664547 0.827960 73.601051
v -43.664547 0.827960 80.028908
v -43.664547 1.127960 80.028908
v -43.664547 1.127960 73.601051
s 1
f 3270 3271 3272
f 3273 3270 3272
f 3274 3275 3276
f 3276 3277 3274
f 3278 3279 3280
f 3281 3278 3280
f 3282 3283 3284
f 3284 3285 3282
f 3286 3287 3288
f 3288 3289 3286
f 3290 3291 3292
f 3292 3293 3290
o SterratoZona14
v 75.523460 0.000000 -27.183350
v 65.550880 0.000000 -27.183350
v 65.550880 0.000000 -9.658895
v 65.550880 0.000000 -9.658895
v 75.536301 0.000000 -9.658895
v 75.523460 0.000000 -17.189434
v 75.523460 0.000000 -18.182415
v 75.523460 0.000000 -27.183350
v 65.550880 0.000000 -9.658895
v 65.550880 0.000000 -9.658895
v 75.523460 0.000000 -17.189434
v 75.523460 0.000000 -18.182415
v 65.941521 0.000128 -7.325330
v 65.550880 0.000000 -8.570441
v 64.547989 0.000000 -8.570441
v 64.547989 0.000000 -27.183350
v 64.547989 0.000000 -28.214985
v 63.209663 0.000000 -29.027176
v 63.210651 0.000000 -7.717635
v 65.941521 0.000128 -7.325330
v 64.547989 0.000000 -8.570441
v 64.547989 0.000000 -9.658895
v 64.547989 0.000000 -27.183350
v 63.209663 0.000000 -29.027176
v 63.209663 0.000000 -29.027176
v 63.210651 0.000000 -7.717635
v 64.547989 0.000000 -8.570441
v 64.547989 0.000000 -8.570441
v 64.547989 0.000000 -9.658895
v 63.209663 0.000000 -29.027176
v 75.536301 0.000000 -8.570441
v 65.550880 0.000000 -8.570441
v 65.941521 0.000128 -7.325330
v 65.941521 0.000128 -7.325330
v 74.522850 0.000128 -7.325330
v 77.186455 0.000000 -7.719231
v 77.186455 0.000000 -7.719231
v 76.429588 0.000000 -8.570441
v 75.536301 0.000000 -8.570441
v 65.941521 0.000128 -7.325330
v 77.186455 0.000000 -7.719231
v 75.536301 0.000000 -8.570441
v 76.429588 0.000000 -9.658895
v 77.186455 0.000000 -7.719231
v 77.199341 0.000000 -16.364149
v 76.414688 0.000000 -17.189434
v 77.186455 0.000000 -7.719231
v 76.414688 0.000000 -17.189434
v 76.429588 0.000000 -9.658895
v 76.414688 0.000000 -28.214985
v 77.031578 0.000000 -29.027176
v 63.209663 0.000000 -29.027176
v 63.209663 0.000000 -29.027176
v 64.547989 0.000000 -28.214985
v 65.550880 0.000000 -28.214985
v 75.523460 0.000000 -28.214985
v 65.550880 0.000000 -28.214985
v 76.414688 0.000000 -18.182415
v 77.031578 0.000000 -18.983912
v 77.031578 0.000000 -29.027176
v 76.414688 0.000000 -27.183350
v 77.031578 0.000000 -29.027176
v 76.414688 0.000000 -27.183350
v 76.414688 0.000000 -18.182415
v 76.414688 0.000000 -17.189434
v 77.199341 0.000000 -16.364149
v 83.006340 0.000000 -15.996521
v 76.414688 0.000000 -17.189434
v 83.006340 0.000000 -15.996521
v 94.396233 0.000000 -17.189434
v 77.031578 0.000000 -18.983912
v 76.414688 0.000000 -18.182415
v 94.396233 0.000000 -18.182415
v 77.031578 0.000000 -18.983912
v 94.396233 0.000000 -18.182415
v 83.006340 0.000000 -19.012346
v 83.006340 0.000000 -15.996521
v 94.390213 0.000000 -6.888693
v 94.396233 0.000000 -17.189434
v 83.006340 0.000000 -19.012346
v 94.396233 0.000000 -18.182415
v 94.390213 0.000000 -29.087042
v 97.001785 0.000000 -29.087042
v 97.002129 0.000000 -18.182415
v 114.983665 0.000000 -18.182415
v 114.979980 0.000000 -29.075855
v 97.002129 0.000000 -17.189434
v 97.001785 0.000000 -6.888693
v 114.993202 0.000000 -6.894002
v 97.002129 0.000000 -17.189434
v 114.993202 0.000000 -6.894002
v 114.983665 0.000000 -17.189434
v 77.099876 0.846587 -19.990492
v 77.260429 0.855161 -19.814426
s 0
f 3294 3295 3296
f 3297 3298 3299
f 3300 3301 3302
f 3303 3304 3305
f 3306 3307 3308
f 3309 3310 3311
f 3312 3313 3314
f 3315 3316 3317
f 3318 3319 3320
f 3321 3322 3323
f 3324 3325 3326
f 3327 3328 3329
f 3330 3331 3332
f 3333 3334 3335
f 3336 3331 3330
f 3337 3338 3339
f 3340 3341 3342
f 3343 3344 3345
f 3346 3347 3348
f 3349 3343 3345
f 3345 3350 3349
f 3351 3352 3353
f 3344 3343 3354
f 3355 3356 3357
f 3358 3359 3360
f 3361 3362 3363
f 3364 3365 3366
f 3367 3368 3369
f 3370 3371 3372
f 3373 3374 3375
f 3376 3377 3378
f 3376 3378 3379
f 3380 3381 3382
f 3383 3384 3385
o SterratoZona15
v 10.054926 1.498711 73.000427
v -2.019129 1.553655 72.138000
v -4.606426 1.498866 73.000427
v -7.193723 1.498784 73.000427
v -13.230748 1.461551 71.275574
v -15.818047 1.498711 73.000427
v -5.468858 1.439380 71.275574
v -4.606426 1.566162 71.275574
v 1.430601 1.358972 71.275574
v -13.230748 1.440354 70.413132
v -8.918589 1.302131 68.688263
v -7.193723 1.510817 70.413132
v -6.331291 1.469406 70.413132
v -5.468858 1.434584 70.413132
v -4.606426 1.669381 70.413132
v -1.156696 1.523792 69.550705
v -0.294263 1.203589 70.413132
v -14.093180 1.390210 69.550705
v -11.505884 1.163299 69.550705
v -7.193723 1.445695 69.550705
v -6.331291 1.513682 69.550705
v -5.468858 1.661632 69.550705
v -4.606425 1.837537 69.550705
v -2.881561 1.703815 69.550705
v -2.019128 1.553130 69.550705
v -13.230748 1.170581 68.688263
v -11.505884 1.030870 68.688263
v -10.643452 1.286239 68.688263
v -9.781019 1.306664 68.688263
v -7.193723 1.621587 68.688263
v -5.468858 1.656432 67.825829
v -3.743993 1.852209 68.688263
v -1.156696 1.654202 68.688263
v -14.093182 1.392164 67.825829
v -13.230748 1.162127 67.825829
v -11.505885 1.349109 66.963402
v -10.643452 1.386414 67.825829
v -9.781020 1.436651 67.825829
v -8.918587 1.646856 67.825829
v -8.056155 1.564458 67.825829
v -7.193723 1.632248 67.825829
v -6.331290 1.748292 67.825829
v -2.019128 1.607354 66.963402
v 2.293034 1.245864 66.963402
v 5.742763 1.737405 66.100967
v 10.054926 1.490441 66.963402
v 10.054926 1.469575 67.825829
v -15.818046 1.498518 62.651245
v -13.230748 1.270369 66.963402
v -9.781020 1.664263 66.963402
v -8.918589 1.606302 66.963402
v -7.193723 1.499867 66.963402
v -6.331291 1.520923 66.963402
v -5.468858 1.332114 66.963402
v -4.606426 1.592003 66.963402
v -3.743993 1.684937 66.963402
v 0.568169 1.375954 66.963402
v -10.643452 1.689356 66.100967
v -9.781020 1.768672 66.100967
v -6.331291 1.318689 66.100967
v -5.468858 1.325150 66.100967
v -4.606426 1.469482 66.100967
v -2.019128 1.733243 66.100967
v 0.568169 1.458452 66.100967
v 1.430602 1.537220 66.100967
v 2.293034 1.540889 65.238541
v 3.155466 1.480306 66.100967
v 4.017899 1.587615 66.100967
v -13.230748 1.385000 65.238541
v -10.643452 1.926408 64.376114
v -8.918589 1.763933 64.376099
v -6.331291 1.167868 65.238541
v -4.606426 1.408459 64.376114
v -3.743993 1.446036 65.238541
v -1.156696 1.588540 64.376099
v 3.155466 1.522169 65.238541
v 4.017899 1.694114 65.238541
v 4.880329 1.681437 65.238541
v 6.605194 1.863645 65.238541
v -3.743993 1.431046 61.788811
v 1.430601 1.516646 64.376114
v 2.293034 1.413135 64.376114
v 4.017899 1.522681 63.513676
v 4.017899 1.459350 64.376114
v 4.880329 1.544007 64.376114
v 5.742762 1.774983 64.376114
v -13.230748 1.337628 62.651245
v -12.368317 1.500280 63.513676
v -11.505885 1.643515 63.513676
v -10.643452 1.811910 63.513676
v -8.918589 1.688943 63.513676
v -7.193723 1.467267 63.513676
v 2.293034 1.340919 63.513676
v 6.605194 1.619388 62.651245
v 8.330060 1.442558 61.788811
v 10.054926 1.484684 58.339081
v -13.230748 1.524327 61.788811
v -11.505885 1.502295 62.651245
v -10.643452 1.543500 62.651245
v -6.331291 1.417590 62.651245
v -5.468858 1.505505 62.651245
v -4.606426 1.460088 62.651245
v 1.430601 1.607660 62.651245
v 2.293033 1.455215 62.651245
v 3.155466 1.470786 62.651245
v 7.467628 1.565356 61.788811
v -15.818046 1.517225 61.788811
v -12.368317 1.583569 61.788811
v -11.505885 1.443025 61.788811
v -10.643452 1.315541 61.788811
v -8.918589 1.342326 61.788811
v -7.193723 1.164178 61.788811
v -6.331291 1.319942 61.788811
v -5.468858 1.420465 61.788811
v -4.606426 1.309285 61.788811
v -1.156696 1.480062 61.788811
v -0.294263 1.393338 61.788811
v 0.568168 1.438840 61.788811
v 1.430601 1.620967 61.788811
v 2.293034 1.628672 60.926376
v 6.605194 1.613675 61.788811
v -15.818046 1.499108 59.201511
v -12.368317 1.309446 60.926376
v -11.505885 1.251242 60.926376
v -10.643452 1.249577 60.926376
v -8.918589 1.244668 60.926376
v -6.331291 1.177498 60.926376
v -5.468858 1.415075 60.926376
v -4.606425 1.498246 60.926376
v -3.743993 1.579347 60.926376
v -0.294263 1.501729 60.926376
v 0.568169 1.423785 60.063946
v 5.742763 1.354584 60.926376
v 7.467628 1.593689 60.926376
v -13.230748 1.466759 59.201511
v -12.368316 1.302541 60.063946
v -11.505885 1.158824 60.063946
v -8.918589 1.311123 60.063946
v -7.193723 1.184393 60.063946
v -6.331290 1.218752 60.063946
v -5.468858 1.432478 60.063946
v -4.606426 1.551308 60.063946
v -3.743993 1.527921 60.063946
v 3.155466 1.602623 59.201511
v 5.742763 1.184379 59.201511
v 6.605194 1.194173 59.201511
v 7.467628 1.520481 60.063946
v -11.505885 1.371832 59.201511
v -10.643452 1.311452 59.201511
v -9.781020 1.372721 59.201511
v -8.918587 1.259887 59.201511
v -7.193723 1.178288 59.201511
v -6.331290 1.358110 59.201511
v -5.468858 1.601084 59.201511
v -4.606426 1.678911 59.201511
v -3.743993 1.489239 59.201511
v -2.881561 1.379972 59.201511
v -1.156696 1.528512 59.201511
v -0.294263 1.482363 59.201511
v 0.568169 1.487420 59.201511
v 1.430602 1.699227 58.339081
v -12.368316 1.418490 58.339081
v -10.643452 1.419483 58.339081
v -8.056155 1.376414 58.339081
v -7.193723 1.339612 58.339081
v -6.331291 1.374237 58.339081
v -5.468858 1.587307 58.339081
v -4.606426 1.692432 58.339081
v -3.743993 1.611142 58.339081
v -2.881561 1.508268 58.339081
v -2.019128 1.548599 58.339081
v -0.294263 1.438624 58.339081
v 0.568169 1.602981 58.339081
v 7.467628 1.403740 54.026920
v -13.230748 1.430548 57.476646
v -12.368316 1.392408 57.476646
v -11.505883 1.565388 57.476646
v -10.643452 1.598256 57.476646
v -8.918589 1.381409 57.476646
v -5.468858 1.353913 56.614212
v -2.881561 1.335111 56.614212
v -2.019128 1.387009 57.476646
v -1.156696 1.595034 57.476646
v 1.430602 1.612253 56.614212
v 3.155466 1.524214 57.476646
v 4.880330 1.398567 57.476646
v -15.818046 1.477818 58.339081
v -13.230748 1.410236 56.614212
v -12.368316 1.531730 56.614212
v -10.643452 1.592875 56.614212
v -9.781020 1.486490 56.614212
v -8.056155 1.474459 56.614212
v -2.019129 1.390418 56.614212
v -1.156696 1.459216 56.614212
v -0.294263 1.487638 56.614212
v 2.293034 1.480878 56.614212
v 3.155466 1.510424 56.614212
v 4.880330 1.640170 55.751781
v -11.505883 1.758525 54.889347
v -9.781020 1.655976 55.751781
v -8.918589 1.467249 55.751781
v -6.331291 1.814082 54.889347
v -6.331291 1.552131 55.751781
v -4.606426 1.471393 54.889347
v -1.156696 1.256089 55.751781
v -0.294263 1.475067 55.751781
v 0.568169 1.661296 55.751781
v 1.430601 1.719234 55.751781
v 2.293034 1.510194 55.751781
v -8.918589 1.680766 54.026920
v -5.468858 1.562878 54.889347
v -1.156696 1.189211 54.889347
v -0.294263 1.342869 54.889347
v 1.430601 1.509889 54.889347
v 2.293034 1.407178 54.889347
v 4.880330 1.536443 54.889347
v 5.742763 1.559385 54.889347
v -14.955612 1.477622 52.302055
v -15.818047 1.484804 47.127457
v -13.230746 1.271999 54.026920
v -5.468858 1.565065 54.026920
v -4.606426 1.547942 54.026920
v -3.743993 1.307517 54.026920
v -1.156696 1.229146 54.026920
v -0.294263 1.492350 54.026920
v 0.568168 1.520118 54.026920
v 1.430601 1.346638 54.026920
v 4.017898 1.379594 54.026920
v 5.742763 1.677568 53.164490
v -13.230748 1.366411 52.302055
v -12.368316 1.399347 53.164490
v -11.505884 1.571134 53.164490
v -9.781019 1.576502 53.164490
v -6.331291 1.445198 53.164490
v -5.468858 1.460438 53.164490
v -3.743993 1.356499 53.164490
v -2.019128 1.330165 53.164490
v -0.294263 1.496385 53.164490
v 0.568169 1.530715 52.302055
v 1.430602 1.413306 52.302055
v 3.155466 1.333307 53.164490
v 4.880329 1.629800 53.164490
v 7.467628 1.279993 53.164490
v 10.054926 1.502269 53.164490
v -11.505884 1.368781 52.302055
v -4.606426 1.494037 52.302055
v -3.743993 1.428837 52.302055
v -2.881561 1.348378 52.302055
v -2.019129 1.432358 52.302055
v -1.156696 1.343133 52.302055
v -0.294263 1.449168 52.302055
v -13.230748 1.466725 51.439621
v -12.368317 1.283223 51.439621
v -9.781019 1.127822 51.439621
v -8.056155 1.555307 51.439621
v -5.468858 1.541614 51.439621
v -4.606426 1.418381 51.439621
v -2.881561 1.473459 51.439621
v -1.156696 1.537789 51.439621
v -0.294263 1.630403 51.439621
v 0.568169 1.564587 51.439621
v 3.155466 1.606932 51.439621
v 4.880329 1.538630 51.439621
v 5.742763 1.601210 51.439621
v 8.330060 1.501351 50.577190
v -13.230748 1.505577 50.577190
v -12.368317 1.229447 50.577190
v -11.505884 1.103511 50.577190
v -9.781020 1.099517 50.577190
v -8.918587 1.391909 50.577190
v -8.056155 1.650481 50.577190
v -4.606426 1.378603 50.577190
v -3.743993 1.313698 50.577190
v -2.019129 1.504585 50.577190
v -1.156696 1.667621 50.577190
v -0.294263 1.619966 50.577190
v 1.430602 1.642960 50.577190
v 3.155466 1.742924 50.577190
v 4.017898 1.614854 50.577190
v 4.880329 1.674832 50.577190
v 5.742763 1.554734 50.577190
v 6.605194 1.680704 50.577190
v 10.054923 1.493614 49.714756
v -12.368317 1.355590 49.714756
v -9.781020 1.311504 49.714756
v -8.918587 1.525811 49.714756
v -8.056155 1.630228 49.714756
v -5.468858 1.667783 49.714756
v -4.606426 1.497057 49.714756
v -2.019128 1.399092 49.714756
v 0.568169 1.501135 49.714756
v 2.293034 1.565726 49.714756
v 3.155466 1.691294 49.714756
v 5.742763 1.642651 49.714756
v 6.605194 1.725321 49.714756
v -10.643452 1.501695 47.127457
v -8.918589 1.537453 47.989891
v -5.468858 1.563122 48.852325
v -2.881561 1.403026 47.989891
v -1.156696 1.555018 48.852325
v 0.568169 1.587433 48.852325
v 1.430602 1.586988 48.852325
v 3.155466 1.509165 48.852325
v 4.880329 1.484548 48.852325
v -12.368317 1.464147 47.127457
v -7.193723 1.507873 47.127457
v -5.468858 1.472474 47.127457
v -4.606426 1.471839 47.127457
v -3.743993 1.451251 47.127457
v -1.156696 1.477563 47.127457
v -0.294263 1.466345 47.127457
v 1.430601 1.486657 47.127457
v 10.054923 1.484804 47.127457
s 1
f 3388 3389 3390
f 3391 3392 3393
f 3390 3394 3391
f 3394 3390 3395
f 3389 3395 3390
f 3388 3396 3389
f 3392 3397 3393
f 3398 3391 3399
f 3399 3391 3400
f 3400 3391 3401
f 3394 3401 3391
f 3401 3394 3402
f 3395 3402 3394
f 3389 3403 3395
f 3403 3389 3404
f 3404 3389 3396
f 3397 3405 3393
f 3391 3406 3392
f 3406 3391 3398
f 3399 3407 3398
f 3407 3399 3408
f 3400 3408 3399
f 3408 3400 3409
f 3401 3409 3400
f 3409 3401 3410
f 3402 3410 3401
f 3410 3402 3411
f 3395 3411 3402
f 3411 3395 3412
f 3412 3395 3403
f 3397 3413 3405
f 3413 3397 3414
f 3392 3414 3397
f 3406 3414 3392
f 3414 3406 3415
f 3415 3406 3416
f 3398 3416 3406
f 3407 3417 3398
f 3407 3408 3418
f 3409 3418 3408
f 3410 3418 3409
f 3418 3410 3419
f 3411 3419 3410
f 3419 3411 3412
f 3403 3420 3412
f 3420 3403 3404
f 3405 3421 3393
f 3421 3405 3422
f 3413 3422 3405
f 3422 3413 3423
f 3414 3423 3413
f 3423 3414 3424
f 3415 3424 3414
f 3424 3415 3425
f 3416 3425 3415
f 3425 3416 3426
f 3398 3426 3416
f 3426 3398 3427
f 3427 3398 3428
f 3417 3428 3398
f 3428 3417 3429
f 3407 3429 3417
f 3429 3407 3418
f 3412 3430 3419
f 3430 3412 3420
f 3396 3431 3404
f 3432 3396 3433
f 3388 3434 3396
f 3435 3393 3421
f 3422 3436 3421
f 3423 3436 3422
f 3423 3424 3437
f 3425 3437 3424
f 3437 3425 3438
f 3426 3438 3425
f 3438 3426 3439
f 3427 3439 3426
f 3428 3439 3427
f 3439 3428 3440
f 3429 3440 3428
f 3440 3429 3441
f 3418 3441 3429
f 3441 3418 3442
f 3442 3418 3443
f 3419 3443 3418
f 3443 3419 3430
f 3430 3420 3444
f 3404 3444 3420
f 3444 3404 3431
f 3431 3396 3432
f 3434 3433 3396
f 3435 3421 3436
f 3436 3423 3445
f 3445 3423 3446
f 3437 3446 3423
f 3438 3446 3437
f 3438 3439 3447
f 3440 3447 3439
f 3447 3440 3448
f 3441 3448 3440
f 3448 3441 3449
f 3442 3449 3441
f 3442 3443 3450
f 3430 3450 3443
f 3450 3430 3451
f 3444 3451 3430
f 3451 3444 3452
f 3431 3452 3444
f 3452 3431 3453
f 3453 3431 3454
f 3454 3431 3455
f 3455 3431 3432
f 3436 3456 3435
f 3445 3457 3436
f 3457 3445 3458
f 3446 3458 3445
f 3447 3459 3438
f 3459 3447 3460
f 3448 3460 3447
f 3460 3448 3449
f 3442 3461 3449
f 3450 3461 3442
f 3451 3462 3450
f 3451 3452 3453
f 3454 3463 3453
f 3463 3454 3464
f 3455 3464 3454
f 3464 3455 3465
f 3465 3455 3466
f 3432 3466 3455
f 3433 3466 3432
f 3456 3436 3457
f 3438 3458 3446
f 3460 3449 3467
f 3461 3467 3449
f 3467 3461 3450
f 3468 3451 3469
f 3453 3469 3451
f 3469 3453 3470
f 3463 3470 3453
f 3470 3463 3471
f 3464 3471 3463
f 3471 3464 3472
f 3465 3472 3464
f 3472 3465 3473
f 3466 3473 3465
f 3474 3435 3456
f 3475 3456 3476
f 3457 3476 3456
f 3476 3457 3477
f 3477 3457 3478
f 3458 3478 3457
f 3478 3458 3479
f 3438 3479 3458
f 3479 3438 3459
f 3467 3450 3462
f 3469 3480 3468
f 3480 3469 3470
f 3472 3470 3471
f 3470 3472 3481
f 3473 3481 3472
f 3473 3466 3482
f 3433 3482 3466
f 3482 3433 3483
f 3474 3484 3435
f 3474 3456 3475
f 3476 3485 3475
f 3485 3476 3486
f 3477 3486 3476
f 3486 3477 3478
f 3459 3487 3479
f 3487 3459 3488
f 3488 3459 3489
f 3460 3489 3459
f 3489 3460 3467
f 3462 3451 3490
f 3468 3490 3451
f 3490 3468 3491
f 3480 3491 3468
f 3491 3480 3492
f 3470 3492 3480
f 3481 3473 3493
f 3493 3473 3482
f 3494 3435 3484
f 3484 3474 3495
f 3475 3495 3474
f 3495 3475 3496
f 3485 3496 3475
f 3496 3485 3497
f 3486 3497 3485
f 3497 3486 3498
f 3478 3498 3486
f 3498 3478 3499
f 3479 3499 3478
f 3499 3479 3500
f 3487 3500 3479
f 3500 3487 3501
f 3488 3501 3487
f 3501 3488 3502
f 3489 3502 3488
f 3502 3489 3467
f 3467 3462 3503
f 3503 3462 3504
f 3504 3462 3505
f 3505 3462 3506
f 3490 3506 3462
f 3506 3490 3507
f 3491 3507 3490
f 3507 3491 3492
f 3492 3470 3508
f 3481 3508 3470
f 3508 3481 3493
f 3484 3509 3494
f 3495 3510 3484
f 3510 3495 3511
f 3496 3511 3495
f 3511 3496 3512
f 3497 3512 3496
f 3498 3512 3497
f 3512 3498 3513
f 3500 3514 3499
f 3514 3500 3515
f 3501 3515 3500
f 3515 3501 3516
f 3502 3516 3501
f 3516 3502 3517
f 3467 3517 3502
f 3517 3467 3503
f 3504 3518 3503
f 3518 3504 3505
f 3506 3519 3505
f 3519 3506 3507
f 3507 3492 3520
f 3508 3520 3492
f 3493 3521 3508
f 3521 3493 3482
f 3484 3522 3509
f 3522 3484 3523
f 3510 3523 3484
f 3523 3510 3524
f 3511 3524 3510
f 3512 3524 3511
f 3513 3525 3512
f 3525 3513 3526
f 3498 3526 3513
f 3499 3526 3498
f 3526 3499 3527
f 3514 3527 3499
f 3527 3514 3528
f 3515 3528 3514
f 3528 3515 3529
f 3516 3529 3515
f 3529 3516 3530
f 3517 3530 3516
f 3505 3519 3518
f 3519 3507 3531
f 3531 3507 3520
f 3532 3520 3533
f 3508 3533 3520
f 3533 3508 3534
f 3521 3534 3508
f 3534 3521 3483
f 3482 3483 3521
f 3524 3535 3523
f 3535 3524 3536
f 3536 3524 3537
f 3512 3537 3524
f 3537 3512 3538
f 3525 3538 3512
f 3526 3538 3525
f 3538 3526 3539
f 3539 3526 3540
f 3527 3540 3526
f 3540 3527 3541
f 3528 3541 3527
f 3541 3528 3542
f 3529 3542 3528
f 3542 3529 3543
f 3530 3543 3529
f 3543 3530 3544
f 3517 3544 3530
f 3544 3517 3545
f 3503 3545 3517
f 3545 3503 3546
f 3518 3546 3503
f 3546 3518 3547
f 3519 3547 3518
f 3547 3519 3548
f 3548 3519 3531
f 3531 3520 3532
f 3509 3522 3549
f 3523 3549 3522
f 3535 3549 3523
f 3549 3535 3550
f 3536 3550 3535
f 3550 3536 3537
f 3538 3551 3537
f 3551 3538 3552
f 3539 3552 3538
f 3552 3539 3553
f 3540 3553 3539
f 3553 3540 3554
f 3541 3554 3540
f 3554 3541 3555
f 3542 3555 3541
f 3555 3542 3556
f 3543 3556 3542
f 3556 3543 3557
f 3544 3557 3543
f 3557 3544 3558
f 3558 3544 3545
f 3546 3559 3545
f 3559 3546 3560
f 3547 3560 3546
f 3560 3547 3548
f 3533 3561 3532
f 3534 3561 3533
f 3562 3509 3563
f 3549 3563 3509
f 3563 3549 3564
f 3564 3549 3565
f 3550 3565 3549
f 3565 3550 3566
f 3537 3566 3550
f 3551 3566 3537
f 3552 3553 3567
f 3554 3567 3553
f 3567 3554 3568
f 3555 3568 3554
f 3556 3568 3555
f 3556 3557 3569
f 3558 3569 3557
f 3569 3558 3570
f 3545 3570 3558
f 3570 3545 3559
f 3560 3571 3559
f 3531 3572 3548
f 3572 3531 3573
f 3532 3573 3531
f 3573 3532 3561
f 3574 3509 3575
f 3562 3575 3509
f 3575 3562 3576
f 3563 3576 3562
f 3576 3563 3564
f 3565 3577 3564
f 3577 3565 3578
f 3566 3578 3565
f 3551 3579 3566
f 3552 3579 3551
f 3579 3552 3567
f 3568 3556 3580
f 3569 3580 3556
f 3580 3569 3581
f 3570 3581 3569
f 3581 3570 3582
f 3559 3582 3570
f 3582 3559 3571
f 3571 3560 3583
f 3548 3583 3560
f 3583 3548 3584
f 3572 3584 3548
f 3584 3572 3585
f 3573 3585 3572
f 3561 3534 3483
f 3576 3586 3575
f 3586 3576 3564
f 3578 3587 3577
f 3587 3578 3588
f 3566 3588 3578
f 3579 3588 3566
f 3588 3579 3589
f 3589 3579 3590
f 3567 3590 3579
f 3590 3567 3591
f 3568 3591 3567
f 3591 3568 3592
f 3580 3592 3568
f 3581 3592 3580
f 3592 3581 3593
f 3582 3593 3581
f 3593 3582 3594
f 3571 3594 3582
f 3594 3571 3595
f 3595 3571 3596
f 3583 3596 3571
f 3596 3583 3584
f 3573 3561 3585
f 3577 3586 3564
f 3586 3577 3587
f 3588 3597 3587
f 3597 3588 3589
f 3589 3590 3598
f 3598 3590 3591
f 3591 3592 3599
f 3599 3592 3600
f 3593 3600 3592
f 3600 3593 3594
f 3595 3601 3594
f 3601 3595 3602
f 3596 3602 3595
f 3602 3596 3584
f 3584 3585 3603
f 3603 3585 3604
f 3561 3604 3585
f 3574 3605 3606
f 3605 3574 3607
f 3575 3607 3574
f 3598 3608 3589
f 3608 3598 3609
f 3591 3609 3598
f 3609 3591 3610
f 3610 3591 3611
f 3599 3611 3591
f 3611 3599 3612
f 3600 3612 3599
f 3612 3600 3613
f 3594 3613 3600
f 3613 3594 3614
f 3601 3614 3594
f 3602 3584 3615
f 3603 3615 3584
f 3615 3603 3616
f 3604 3616 3603
f 3616 3604 3561
f 3605 3607 3617
f 3617 3607 3618
f 3575 3618 3607
f 3618 3575 3619
f 3586 3619 3575
f 3619 3586 3620
f 3587 3620 3586
f 3597 3620 3587
f 3589 3621 3597
f 3621 3589 3622
f 3608 3622 3589
f 3609 3622 3608
f 3622 3609 3623
f 3610 3623 3609
f 3611 3623 3610
f 3623 3611 3624
f 3624 3611 3625
f 3612 3625 3611
f 3625 3612 3626
f 3613 3626 3612
f 3626 3613 3627
f 3614 3627 3613
f 3627 3614 3628
f 3601 3628 3614
f 3602 3628 3601
f 3628 3602 3615
f 3629 3615 3616
f 3561 3630 3616
f 3630 3561 3631
f 3483 3631 3561
f 3618 3632 3617
f 3619 3632 3618
f 3620 3597 3621
f 3621 3622 3633
f 3633 3622 3634
f 3623 3634 3622
f 3634 3623 3635
f 3635 3623 3636
f 3624 3636 3623
f 3636 3624 3637
f 3637 3624 3638
f 3625 3638 3624
f 3638 3625 3626
f 3628 3615 3629
f 3605 3617 3639
f 3639 3617 3640
f 3632 3640 3617
f 3632 3619 3641
f 3620 3641 3619
f 3641 3620 3642
f 3621 3642 3620
f 3642 3621 3643
f 3643 3621 3644
f 3633 3644 3621
f 3644 3633 3634
f 3635 3645 3634
f 3645 3635 3636
f 3637 3646 3636
f 3646 3637 3647
f 3638 3647 3637
f 3647 3638 3648
f 3626 3648 3638
f 3648 3626 3627
f 3628 3649 3627
f 3649 3628 3650
f 3629 3650 3628
f 3650 3629 3651
f 3616 3651 3629
f 3651 3616 3652
f 3630 3652 3616
f 3606 3605 3653
f 3639 3653 3605
f 3653 3639 3654
f 3640 3654 3639
f 3654 3640 3655
f 3632 3655 3640
f 3655 3632 3656
f 3641 3656 3632
f 3656 3641 3657
f 3657 3641 3658
f 3642 3658 3641
f 3643 3658 3642
f 3644 3659 3643
f 3659 3644 3660
f 3634 3660 3644
f 3660 3634 3645
f 3636 3661 3645
f 3661 3636 3662
f 3646 3662 3636
f 3662 3646 3663
f 3647 3663 3646
f 3663 3647 3648
f 3627 3664 3648
f 3664 3627 3665
f 3649 3665 3627
f 3665 3649 3666
f 3666 3649 3667
f 3650 3667 3649
f 3667 3650 3668
f 3651 3668 3650
f 3668 3651 3669
f 3669 3651 3652
f 3652 3630 3670
f 3631 3670 3630
f 3654 3671 3653
f 3671 3654 3655
f 3656 3672 3655
f 3672 3656 3673
f 3657 3673 3656
f 3673 3657 3674
f 3658 3674 3657
f 3643 3675 3658
f 3675 3643 3676
f 3659 3676 3643
f 3660 3676 3659
f 3676 3660 3677
f 3645 3677 3660
f 3661 3677 3645
f 3677 3661 3662
f 3662 3663 3678
f 3648 3678 3663
f 3678 3648 3664
f 3665 3679 3664
f 3679 3665 3680
f 3666 3680 3665
f 3680 3666 3681
f 3667 3681 3666
f 3668 3681 3667
f 3681 3668 3682
f 3669 3682 3668
f 3652 3682 3669
f 3682 3652 3670
f 3655 3683 3671
f 3655 3672 3684
f 3673 3684 3672
f 3674 3684 3673
f 3684 3674 3685
f 3658 3685 3674
f 3675 3685 3658
f 3676 3685 3675
f 3685 3676 3686
f 3677 3686 3676
f 3686 3677 3687
f 3662 3687 3677
f 3687 3662 3688
f 3678 3688 3662
f 3688 3678 3689
f 3664 3689 3678
f 3689 3664 3679
f 3680 3690 3679
f 3690 3680 3691
f 3681 3691 3680
f 3682 3691 3681
f 3653 3692 3606
f 3671 3692 3653
f 3692 3671 3683
f 3683 3655 3684
f 3689 3679 3690
f 3683 3684 3693
f 3685 3693 3684
f 3693 3685 3694
f 3694 3685 3695
f 3695 3685 3696
f 3686 3696 3685
f 3696 3686 3697
f 3687 3697 3686
f 3687 3698 3697
f 3698 3687 3699
f 3688 3699 3687
f 3689 3699 3688
f 3690 3699 3689
f 3699 3690 3700
f 3691 3700 3690
f 3682 3700 3691
f 3670 3700 3682
o StradaTunnelBZona09
v -70.415459 -1.499819 105.882614
v -71.506554 -1.499716 106.007248
v -71.341927 -1.499717 106.995377
v -70.350670 -1.499822 106.881363
v -72.801071 -1.499702 106.313080
v -72.500534 -1.499703 107.270340
v -74.174400 -1.499752 106.885078
v -73.697968 -1.499753 107.771072
v -75.494164 -1.499838 107.812653
v -74.813499 -1.499838 108.557968
v -76.610916 -1.499933 109.178474
v -75.743446 -1.499933 109.698105
v -77.369133 -1.500010 111.038589
v -76.390198 -1.500009 111.285233
v -77.636986 -1.500042 113.432358
v -76.632469 -1.500041 113.429764
s 0
f 3701 3702 3703
f 3704 3701 3703
f 3702 3705 3706
f 3706 3703 3702
f 3705 3707 3708
f 3708 3706 3705
f 3707 3709 3710
f 3710 3708 3707
f 3709 3711 3712
f 3712 3710 3709
f 3711 3713 3714
f 3714 3712 3711
f 3713 3715 3716
f 3716 3714 3713
o StradaTunnelBZona18
v -77.636986 -1.500042 113.432365
v -77.453133 -1.500041 115.784668
v -76.462509 -1.500041 115.617065
v -76.632469 -1.500041 113.429771
v -76.943031 -1.500041 117.620461
v -76.012329 -1.500041 117.231995
v -76.129868 -1.500041 119.004166
v -75.345367 -1.500041 118.365715
v -75.061272 -1.500041 119.974686
v -74.500633 -1.500041 119.134827
v -73.820000 -1.500042 120.586891
v -73.482033 -1.500041 119.640053
v -72.479454 -1.500041 120.932022
v -72.302788 -1.500041 119.945694
v -71.087364 -1.500041 121.107079
v -71.001793 -1.500041 120.110306
v -69.668877 -1.500041 121.200829
v -69.640556 -1.500041 120.200684
v -63.915058 -1.500041 121.200699
v -63.915066 -1.500041 120.200699
v -58.304951 -1.500041 121.200645
v -58.304958 -1.500041 120.200645
v -52.953938 -1.500041 121.200615
v -52.953945 -1.500041 120.200615
v -47.991566 -1.500041 121.200577
v -47.991573 -1.500041 120.200577
v -43.547382 -1.500041 121.200562
v -43.547382 -1.500041 120.200562
v -39.750935 -1.500041 121.200554
v -39.750935 -1.500041 120.200554
v -36.731770 -1.500041 121.200562
v -36.731762 -1.500041 120.200562
v -34.617943 -1.500406 121.200600
v -34.617889 -1.500407 120.200600
s 0
f 3717 3718 3719
f 3720 3717 3719
f 3718 3721 3722
f 3722 3719 3718
f 3721 3723 3724
f 3724 3722 3721
f 3723 3725 3726
f 3726 3724 3723
f 3725 3727 3728
f 3728 3726 3725
f 3727 3729 3730
f 3730 3728 3727
f 3729 3731 3732
f 3732 3730 3729
f 3731 3733 3734
f 3734 3732 3731
f 3733 3735 3736
f 3736 3734 3733
f 3735 3737 3738
f 3738 3736 3735
f 3737 3739 3740
f 3740 3738 3737
f 3739 3741 3742
f 3742 3740 3739
f 3741 3743 3744
f 3744 3742 3741
f 3743 3745 3746
f 3746 3744 3743
f 3745 3747 3748
f 3748 3746 3745
f 3747 3749 3750
f 3750 3748 3747
o StradaTunnelZona16
v 4.055810 0.000000 119.992256
v 4.055932 0.000000 117.186325
v 3.047215 0.000000 117.245087
v 3.046493 0.000000 119.980942
v 4.012052 0.000000 116.703110
v 3.009490 0.000000 116.835152
v 3.880362 0.000000 116.088638
v 2.916651 0.000000 116.405731
v 3.717916 0.000000 115.714874
v 2.834277 0.000000 116.224480
v 3.352413 0.000000 115.282036
v 2.708273 0.000000 116.078934
v 2.903338 0.000000 115.025276
v 2.522480 0.000000 115.969490
v 2.286408 0.000000 114.862564
v 2.121606 0.000000 115.861282
v 1.734776 0.000000 114.802422
v 1.667957 0.000000 115.810432
v 0.960202 0.000000 114.780510
v 0.960072 0.000000 115.789993
v -19.974174 0.000000 114.780502
v -19.986347 0.000000 115.790024
v -20.685352 0.000000 114.750725
v -20.756224 0.000000 115.758926
v -21.341005 0.000000 114.655853
v -21.597450 0.000000 115.638138
v -21.611189 0.000000 114.553253
v -22.083147 0.000000 115.459648
v -21.845709 0.000000 114.367264
v -22.629021 0.000000 115.025162
v -21.965443 0.000000 114.186409
v -22.874159 0.000000 114.636139
v -22.041672 0.000000 113.998077
v -23.004196 0.000000 114.313324
v -22.144001 0.000000 113.536690
v -23.145206 0.000000 113.680222
v -22.195148 0.000000 112.979019
v -23.203842 0.000000 113.029778
s 0
f 3751 3752 3753
f 3754 3751 3753
f 3752 3755 3756
f 3756 3753 3752
f 3755 3757 3758
f 3758 3756 3755
f 3757 3759 3760
f 3760 3758 3757
f 3759 3761 3762
f 3762 3760 3759
f 3761 3763 3764
f 3764 3762 3761
f 3763 3765 3766
f 3766 3764 3763
f 3765 3767 3768
f 3768 3766 3765
f 3767 3769 3770
f 3770 3768 3767
f 3769 3771 3772
f 3772 3770 3769
f 3771 3773 3774
f 3774 3772 3771
f 3773 3775 3776
f 3776 3774 3773
f 3775 3777 3778
f 3778 3776 3775
f 3777 3779 3780
f 3780 3778 3777
f 3779 3781 3782
f 3782 3780 3779
f 3781 3783 3784
f 3784 3782 3781
f 3783 3785 3786
f 3786 3784 3783
f 3785 3787 3788
f 3788 3786 3785
o StradaTunnelZona17
v -22.195150 0.000000 112.979027
v -22.209013 0.000000 112.366104
v -23.218533 0.000000 112.366127
v -23.203844 0.000000 113.029785
v -22.157345 0.000000 107.619102
v -23.167410 0.000000 107.603874
v -22.098375 0.000000 106.978592
v -23.095030 0.000000 106.787857
v -21.980547 0.000000 106.592056
v -22.907589 0.000000 106.174278
v -21.846788 0.000000 106.368629
v -22.650688 0.000000 105.743095
v -21.636154 0.000000 106.166824
v -22.228354 0.000000 105.339989
v -21.402687 0.000000 106.033020
v -21.819632 0.000000 105.109154
v -21.058641 0.000000 105.913528
v -21.318768 0.000000 104.934120
v -20.176826 0.000000 105.773392
v -20.263729 0.000000 104.765984
v -18.831787 0.000000 105.720421
v -18.840887 0.000000 104.710838
v -12.558438 0.993365 105.739662
v -12.560493 0.993365 104.730286
s 0
f 3789 3790 3791
f 3792 3789 3791
f 3790 3793 3794
f 3794 3791 3790
f 3793 3795 3796
f 3796 3794 3793
f 3795 3797 3798
f 3798 3796 3795
f 3797 3799 3800
f 3800 3798 3797
f 3799 3801 3802
f 3802 3800 3799
f 3801 3803 3804
f 3804 3802 3801
f 3803 3805 3806
f 3806 3804 3803
f 3805 3807 3808
f 3808 3806 3805
s 1
f 3807 3809 3810
f 3810 3808 3807
f 3809 3811 3812
f 3812 3810 3809
o _BordoStrada01
v -46.764889 0.000000 79.970192
v -45.115025 1.423022 80.051125
v -45.081108 1.000000 80.038528
v -42.064617 0.000000 79.756981
v -45.081108 1.000000 80.038528
v -43.655331 1.000000 80.038528
v -42.064617 0.000000 79.756981
v -43.606018 1.381444 80.012054
v -42.078091 1.481289 79.999306
v -46.764889 0.000000 79.970192
v -46.759109 1.562753 79.969719
v -45.115025 1.423022 80.051125
v -43.655331 1.000000 80.038528
v -43.634422 0.449936 88.323425
v -43.606018 1.381444 80.012054
v -45.081108 1.000000 80.038528
v -45.104458 0.626035 88.325333
v -45.081104 0.000000 88.305557
v -45.115025 1.423022 80.051125
v -46.900818 0.962022 88.360252
v -45.104458 0.626035 88.325333
v -43.606018 1.381444 80.012054
v -42.067066 0.628299 88.322495
v -42.078091 1.481289 79.999306
v -42.064617 0.000000 79.756981
v -46.764889 0.000000 79.970192
v -45.081108 1.000000 80.038528
v -43.606018 1.381444 80.012054
v -42.064617 0.000000 79.756981
v -43.655331 1.000000 80.038528
v -43.655331 1.000000 80.038528
v -43.655327 0.000000 88.305557
v -43.634422 0.449936 88.323425
v -45.081108 1.000000 80.038528
v -45.115025 1.423022 80.051125
v -45.104458 0.626035 88.325333
v -45.115025 1.423022 80.051125
v -46.759109 1.562753 79.969719
v -46.900818 0.962022 88.360252
v -43.606018 1.381444 80.012054
v -43.634422 0.449936 88.323425
v -42.067066 0.628299 88.322495
s 0
f 3831 3832 3833
f 3834 3835 3836
f 3849 3850 3851
f 3852 3853 3854
f 3825 3826 3827
f 3828 3829 3830
f 3843 3844 3845
f 3846 3847 3848
f 3813 3814 3815
f 3816 3817 3818
f 3819 3820 3821
f 3822 3823 3824
f 3837 3838 3839
f 3840 3841 3842
o _MarciapiedeRampaZona04
v -47.280113 1.153199 73.597290
v -45.080502 1.128573 73.601051
v -45.109810 1.148776 73.340103
v -45.080502 1.128573 73.601051
v -45.081108 0.930553 74.074059
v -45.101223 0.998414 73.337280
v -45.109810 1.148776 73.340103
v -43.663670 0.930553 74.070724
v -43.664356 1.151379 73.601051
v -43.666012 1.150021 73.134636
v -43.685715 0.998640 73.140862
v -43.593987 1.151379 73.601051
v -43.596146 1.150032 73.124939
v -43.593987 1.151379 73.601051
v -42.335178 1.563797 73.601051
v -42.313473 1.517924 70.983978
v -43.596146 1.150032 73.124939
v -45.171627 1.143859 73.086647
v -45.154232 0.993518 73.081482
v -45.171627 1.143859 73.086647
v -43.743210 1.145149 72.686478
v -43.777580 0.993787 72.698944
v -43.675266 1.145162 72.667595
v -43.675266 1.145162 72.667595
v -45.269131 1.134756 72.841141
v -45.240276 0.984462 72.834076
v -45.269131 1.134756 72.841141
v -43.891842 1.136081 72.261429
v -43.923607 0.984765 72.279915
v -43.826855 1.136096 72.234077
v -43.826855 1.136096 72.234077
v -45.386448 1.120703 72.605415
v -45.357571 0.970493 72.596825
v -45.386448 1.120703 72.605415
v -44.089745 1.122058 71.863274
v -44.117931 0.970825 71.887390
v -44.028561 1.122074 71.828255
v -44.028561 1.122074 71.828255
v -45.533070 1.100931 72.382347
v -45.503899 0.950857 72.372498
v -45.533070 1.100931 72.382347
v -44.331318 1.102315 71.494995
v -44.355015 0.951217 71.524254
v -44.274616 1.102333 71.453125
v -44.274616 1.102333 71.453125
v -45.706196 1.074673 72.175377
v -45.676392 0.924802 72.164391
v -45.706196 1.074673 72.175377
v -44.611462 1.076089 71.159142
v -44.629795 0.925194 71.192955
v -44.559807 1.076108 71.111198
v -44.559807 1.076108 71.111198
v -45.902321 1.041156 71.988144
v -45.871517 0.891575 71.976036
v -45.902321 1.041156 71.988144
v -44.925606 1.042609 70.858109
v -44.937725 0.892004 70.895805
v -44.879517 1.042630 70.804787
v -44.879517 1.042630 70.804787
v -46.117329 0.999606 71.824203
v -46.085155 0.850423 71.810791
v -46.117329 0.999606 71.824203
v -45.269638 1.001103 70.594406
v -45.274685 0.850898 70.635201
v -45.229641 1.001127 70.536385
v -44.032948 1.384854 69.092796
v -45.229641 1.001127 70.536385
v -46.346596 0.949242 71.686783
v -46.312710 0.800596 71.671730
v -46.346596 0.949242 71.686783
v -45.639816 0.950794 70.370850
v -45.636913 0.801127 70.413803
v -45.606461 0.950820 70.308769
v -45.606461 0.950820 70.308769
v -46.585171 0.889287 71.578636
v -46.549313 0.741343 71.561386
v -46.585171 0.889287 71.578636
v -46.032555 0.890902 70.190727
v -46.020863 0.741938 70.234642
v -46.006474 0.890931 70.125237
v -45.523022 1.176197 68.437408
v -46.006474 0.890931 70.125237
v -46.827965 0.818966 71.501854
v -46.790043 0.671916 71.481628
v -46.827965 0.818966 71.501854
v -46.444241 0.820646 70.057854
v -46.423016 0.672579 70.101250
v -46.426125 0.820679 69.989723
v -46.426125 0.820679 69.989723
v -47.070068 0.737522 71.457771
v -47.030277 0.591570 71.433586
v -47.070068 0.737522 71.457771
v -46.870888 0.739259 69.976700
v -46.839630 0.592295 70.017738
v -46.861477 0.739295 69.906822
v -46.861477 0.739295 69.906822
v -47.307041 0.644745 71.446983
v -47.266300 0.500000 71.417610
v -47.307041 0.644745 71.446983
v -47.307308 0.645717 69.952347
v -47.266296 0.500000 69.988770
v -47.307308 0.645717 69.881828
v -47.307308 0.645717 69.881828
v -47.534275 0.554412 71.467598
v -47.502319 0.408430 71.433586
v -47.534275 0.554412 71.467598
v -47.733932 0.554633 69.986595
v -47.692959 0.407705 70.017738
v -47.743343 0.554597 69.916710
v -48.998932 0.850135 68.462578
v -47.743343 0.554597 69.916710
v -47.765385 0.475161 71.518158
v -47.742554 0.328084 71.481628
v -47.765385 0.475161 71.518158
v -48.149513 0.475454 70.074272
v -48.109577 0.327421 70.101250
v -48.167625 0.475421 70.006142
v -48.167625 0.475421 70.006142
v -47.997406 0.406624 71.598686
v -47.983276 0.258657 71.561386
v -47.997406 0.406624 71.598686
v -48.550365 0.406995 70.210907
v -48.511730 0.258062 70.234642
v -48.576447 0.406966 70.145432
v -48.576447 0.406966 70.145432
v -48.225983 0.348071 71.708397
v -48.219883 0.199403 71.671730
v -48.225983 0.348071 71.708397
v -48.933037 0.348513 70.392609
v -48.895679 0.198873 70.413803
v -48.966393 0.348487 70.330528
v -48.966393 0.348487 70.330528
v -48.446293 0.298778 71.845718
v -48.447441 0.149576 71.810791
v -48.446293 0.298778 71.845718
v -49.294186 0.299282 70.616058
v -49.257908 0.149102 70.635201
v -49.334187 0.299259 70.558037
v -51.062725 0.670972 69.275162
v -49.334187 0.299259 70.558037
v -48.653484 0.258024 72.008331
v -48.661076 0.108425 71.976036
v -48.653484 0.258024 72.008331
v -49.630360 0.258579 70.878426
v -49.594872 0.107996 70.895805
v -49.676449 0.258558 70.825111
v -49.676449 0.258558 70.825111
v -48.842976 0.225086 72.193352
v -48.856201 0.075198 72.164391
v -48.842976 0.225086 72.193352
v -49.937820 0.225681 71.177238
v -49.902798 0.074806 71.192955
v -49.989479 0.225662 71.129295
v -49.989479 0.225662 71.129295
v -49.010632 0.199232 72.397522
v -49.028698 0.049143 72.372498
v -49.010632 0.199232 72.397522
v -50.212460 0.199862 71.510277
v -50.177578 0.048782 71.524254
v -50.269161 0.199844 71.468407
v -52.198219 0.576395 70.933502
v -50.269161 0.199844 71.468407
v -49.152931 0.179731 72.617416
v -49.175022 0.029507 72.596832
v -49.152931 0.179731 72.617416
v -50.449677 0.180391 71.875343
v -50.414661 0.029175 71.887390
v -50.510860 0.180375 71.840332
v -50.510860 0.180375 71.840332
v -49.267040 0.165845 72.849800
v -49.292316 0.015538 72.834076
v -49.267040 0.165845 72.849800
v -50.644356 0.166536 72.270149
v -50.608990 0.015235 72.279915
v -50.709339 0.166521 72.242798
v -50.709339 0.166521 72.242798
v -49.350780 0.156834 73.092041
v -49.378361 0.006482 73.081474
v -49.350780 0.156834 73.092041
v -50.790833 0.157562 72.691910
v -50.755016 0.006213 72.698944
v -50.858780 0.157548 72.673027
v -50.858780 0.157548 72.673027
v -49.402416 0.151957 73.342537
v -49.431370 0.001586 73.337280
v -49.402416 0.151957 73.342537
v -50.883110 0.152730 73.137077
v -50.846878 0.001360 73.140862
v -50.952972 0.152719 73.127388
v -50.952972 0.152719 73.127388
v -49.422176 0.150370 73.601051
v -49.450588 0.000000 73.602409
v -49.422176 0.150370 73.601051
v -50.913612 0.151379 73.601051
v -50.869518 0.000000 73.603783
v -50.983982 0.151379 73.601051
v -52.197414 0.563797 73.601051
v -50.983982 0.151379 73.601051
v -49.450588 0.000000 73.602409
v -49.446453 0.000000 73.969940
v -49.422176 0.150370 73.601051
v -49.422176 0.150370 73.601051
v -49.446453 0.000000 73.969940
v -47.217617 0.000000 75.356697
v -47.280113 1.153199 73.597290
v -45.081108 0.930553 74.074059
v -47.280113 1.153199 73.597290
v -45.081108 0.930553 74.074059
v -45.080502 1.128573 73.601051
v -42.295216 0.000000 75.252518
v -43.663670 0.930553 74.070724
v -42.335178 1.563797 73.601051
v -42.335178 1.563797 73.601051
v -50.983982 0.151379 73.601051
v -52.197414 0.563797 73.601051
v -52.193043 0.000000 73.628563
v -52.193043 0.000000 73.628563
v -50.869518 0.000000 73.603783
v -50.913612 0.151379 73.601051
v -50.983982 0.151379 73.601051
s 1
f 3868 3869 3870
f 3870 3871 3868
f 3870 3878 3871
f 3870 3885 3878
f 3870 3892 3885
f 3870 3899 3892
f 3870 3906 3899
f 3870 3913 3906
f 3913 3870 3920
f 3920 3921 3913
f 3920 3928 3921
f 3928 3920 3935
f 3935 3936 3928
f 3935 3943 3936
f 3935 3950 3943
f 3935 3957 3950
f 3957 3935 3964
f 3964 3965 3957
f 3964 3972 3965
f 3964 3979 3972
f 3964 3986 3979
f 3986 3964 3993
f 3993 3994 3986
f 3993 4001 3994
f 3993 4008 4001
f 4008 3993 4015
f 4015 4016 4008
f 4015 4023 4016
f 4015 4030 4023
f 4015 4037 4030
f 4015 4044 4037
f 4044 4015 4051
f 4051 4052 4044
f 3855 3856 3857
f 3863 3866 3867
f 3867 3864 3863
f 3855 3857 3872
f 3864 3867 3877
f 3877 3875 3864
f 3855 3872 3879
f 3875 3877 3884
f 3884 3882 3875
f 3855 3879 3886
f 3882 3884 3891
f 3891 3889 3882
f 3855 3886 3893
f 3889 3891 3898
f 3898 3896 3889
f 3855 3893 3900
f 3896 3898 3905
f 3905 3903 3896
f 3855 3900 3907
f 3903 3905 3912
f 3912 3910 3903
f 3855 3907 3914
f 3910 3912 3919
f 3919 3917 3910
f 3855 3914 3922
f 3917 3919 3927
f 3927 3925 3917
f 3855 3922 3929
f 3925 3927 3934
f 3934 3932 3925
f 3855 3929 3937
f 3932 3934 3942
f 3942 3940 3932
f 3855 3937 3944
f 3940 3942 3949
f 3949 3947 3940
f 3855 3944 3951
f 3947 3949 3956
f 3956 3954 3947
f 3855 3951 3958
f 3954 3956 3963
f 3963 3961 3954
f 3855 3958 3966
f 3961 3963 3971
f 3971 3969 3961
f 3855 3966 3973
f 3969 3971 3978
f 3978 3976 3969
f 3855 3973 3980
f 3976 3978 3985
f 3985 3983 3976
f 3855 3980 3987
f 3983 3985 3992
f 3992 3990 3983
f 3855 3987 3995
f 3990 3992 4000
f 4000 3998 3990
f 3855 3995 4002
f 3998 4000 4007
f 4007 4005 3998
f 3855 4002 4009
f 4005 4007 4014
f 4014 4012 4005
f 3855 4009 4017
f 4012 4014 4022
f 4022 4020 4012
f 3855 4017 4024
f 4020 4022 4029
f 4029 4027 4020
f 3855 4024 4031
f 4027 4029 4036
f 4036 4034 4027
f 3855 4031 4038
f 4034 4036 4043
f 4043 4041 4034
f 3855 4038 4045
f 4041 4043 4050
f 4050 4048 4041
f 4068 4069 4070
f 4071 4072 4073
f 4071 4073 4074
f 3858 3859 3860
f 3860 3861 3858
f 3862 3863 3864
f 3864 3865 3862
f 3861 3860 3873
f 3873 3874 3861
f 3865 3864 3875
f 3875 3876 3865
f 3874 3873 3880
f 3880 3881 3874
f 3876 3875 3882
f 3882 3883 3876
f 3881 3880 3887
f 3887 3888 3881
f 3883 3882 3889
f 3889 3890 3883
f 3888 3887 3894
f 3894 3895 3888
f 3890 3889 3896
f 3896 3897 3890
f 3895 3894 3901
f 3901 3902 3895
f 3897 3896 3903
f 3903 3904 3897
f 3902 3901 3908
f 3908 3909 3902
f 3904 3903 3910
f 3910 3911 3904
f 3909 3908 3915
f 3915 3916 3909
f 3911 3910 3917
f 3917 3918 3911
f 3916 3915 3923
f 3923 3924 3916
f 3918 3917 3925
f 3925 3926 3918
f 3924 3923 3930
f 3930 3931 3924
f 3926 3925 3932
f 3932 3933 3926
f 3931 3930 3938
f 3938 3939 3931
f 3933 3932 3940
f 3940 3941 3933
f 3939 3938 3945
f 3945 3946 3939
f 3941 3940 3947
f 3947 3948 3941
f 3946 3945 3952
f 3952 3953 3946
f 3948 3947 3954
f 3954 3955 3948
f 3953 3952 3959
f 3959 3960 3953
f 3955 3954 3961
f 3961 3962 3955
f 3960 3959 3967
f 3967 3968 3960
f 3962 3961 3969
f 3969 3970 3962
f 3968 3967 3974
f 3974 3975 3968
f 3970 3969 3976
f 3976 3977 3970
f 3975 3974 3981
f 3981 3982 3975
f 3977 3976 3983
f 3983 3984 3977
f 3982 3981 3988
f 3988 3989 3982
f 3984 3983 3990
f 3990 3991 3984
f 3989 3988 3996
f 3996 3997 3989
f 3991 3990 3998
f 3998 3999 3991
f 3997 3996 4003
f 4003 4004 3997
f 3999 3998 4005
f 4005 4006 3999
f 4004 4003 4010
f 4010 4011 4004
f 4006 4005 4012
f 4012 4013 4006
f 4011 4010 4018
f 4018 4019 4011
f 4013 4012 4020
f 4020 4021 4013
f 4019 4018 4025
f 4025 4026 4019
f 4021 4020 4027
f 4027 4028 4021
f 4026 4025 4032
f 4032 4033 4026
f 4028 4027 4034
f 4034 4035 4028
f 4033 4032 4039
f 4039 4040 4033
f 4035 4034 4041
f 4041 4042 4035
f 4040 4039 4046
f 4046 4047 4040
f 4042 4041 4048
f 4048 4049 4042
f 4053 4054 4055
f 4056 4057 4058
f 4058 4059 4056
f 4059 4058 4060
f 4061 4062 4063
f 4058 4064 4065
f 4058 4065 4060
f 3866 3863 3862
f 4065 4064 4066
f 3862 4067 3866
o _Murazz03
v 23.420324 0.000000 164.948868
v 23.420324 0.000000 164.748871
v 65.832230 0.000000 164.748871
v 65.832230 0.000000 164.948868
v 23.420324 0.800000 164.948868
v 65.832230 0.800000 164.948868
v 65.832230 0.800000 164.748871
v 23.420324 0.800000 164.748871
v 23.420324 0.000000 164.948868
v 65.832230 0.000000 164.948868
v 65.832230 0.800000 164.948868
v 23.420324 0.800000 164.948868
v 65.832230 0.000000 164.948868
v 65.832230 0.000000 164.748871
v 65.832230 0.800000 164.748871
v 65.832230 0.800000 164.948868
v 65.832230 0.000000 164.748871
v 23.420324 0.000000 164.748871
v 23.420324 0.800000 164.748871
v 65.832230 0.800000 164.748871
v 23.420324 0.000000 164.748871
v 23.420324 0.000000 164.948868
v 23.420324 0.800000 164.948868
v 23.420324 0.800000 164.748871
s 1
f 4075 4076 4077
f 4078 4075 4077
f 4079 4080 4081
f 4081 4082 4079
f 4083 4084 4085
f 4086 4083 4085
f 4087 4088 4089
f 4089 4090 4087
f 4091 4092 4093
f 4093 4094 4091
f 4095 4096 4097
f 4097 4098 4095
o _Murazz04
v 65.684105 0.000000 150.265732
v 65.684105 0.000000 138.114700
v 65.884102 0.000000 138.114700
v 65.884102 0.000000 150.265732
v 65.684105 0.800000 150.265732
v 65.884102 0.800000 150.265732
v 65.884102 0.800000 138.114700
v 65.684105 0.800000 138.114700
v 65.684105 0.000000 150.265732
v 65.884102 0.000000 150.265732
v 65.884102 0.800000 150.265732
v 65.684105 0.800000 150.265732
v 65.884102 0.000000 150.265732
v 65.884102 0.000000 138.114700
v 65.884102 0.800000 138.114700
v 65.884102 0.800000 150.265732
v 65.884102 0.000000 138.114700
v 65.684105 0.000000 138.114700
v 65.684105 0.800000 138.114700
v 65.884102 0.800000 138.114700
v 65.684105 0.000000 138.114700
v 65.684105 0.000000 150.265732
v 65.684105 0.800000 150.265732
v 65.684105 0.800000 138.114700
v 65.823166 0.996477 150.225128
v 65.823166 1.010068 150.225128
v 65.823166 1.010069 148.975128
v 65.823166 1.010068 150.225128
v 65.757523 1.010068 150.225128
v 65.823166 0.996478 148.975128
v 65.776794 1.005051 149.187622
v 65.801796 0.406922 149.212631
v 65.776794 0.406922 149.212631
v 65.801796 0.406922 149.187622
v 65.776794 0.406922 149.187622
v 65.801796 0.406922 149.187622
v 65.801796 0.406922 149.212631
v 65.776794 0.406922 149.212631
v 65.776794 0.406922 149.187622
v 65.791588 1.533463 149.000122
v 65.776787 1.005051 149.987625
v 65.801788 0.406922 150.012619
v 65.776787 0.406922 150.012619
v 65.801788 0.406922 149.987625
v 65.776787 0.406922 149.987625
v 65.801788 0.406922 149.987625
v 65.801788 0.406922 150.012619
v 65.776787 0.406922 150.012619
v 65.776787 0.406922 149.987625
s 1
f 4130 4131 4132
f 4133 4132 4131
f 4140 4141 4142
f 4143 4142 4141
f 4099 4100 4101
f 4102 4099 4101
f 4103 4104 4105
f 4105 4106 4103
f 4107 4108 4109
f 4110 4107 4109
f 4111 4112 4113
f 4113 4114 4111
f 4115 4116 4117
f 4117 4118 4115
f 4119 4120 4121
f 4121 4122 4119
o _Murazz05
v 34.890469 0.000000 138.318344
v 34.890469 0.000000 138.118332
v 65.788895 0.000000 138.118332
v 65.788895 0.000000 138.318344
v 34.890469 0.800000 138.318344
v 65.788895 0.800000 138.318344
v 65.788895 0.800000 138.118332
v 34.890469 0.800000 138.118332
v 34.890469 0.000000 138.318344
v 65.788895 0.000000 138.318344
v 65.788895 0.800000 138.318344
v 34.890469 0.800000 138.318344
v 65.788895 0.000000 138.318344
v 65.788895 0.000000 138.118332
v 65.788895 0.800000 138.118332
v 65.788895 0.800000 138.318344
v 65.788895 0.000000 138.118332
v 34.890469 0.000000 138.118332
v 34.890469 0.800000 138.118332
v 65.788895 0.800000 138.118332
v 34.890469 0.000000 138.118332
v 34.890469 0.000000 138.318344
v 34.890469 0.800000 138.318344
v 34.890469 0.800000 138.118332
s 1
f 4148 4149 4150
f 4151 4148 4150
f 4152 4153 4154
f 4154 4155 4152
f 4156 4157 4158
f 4159 4156 4158
f 4160 4161 4162
f 4162 4163 4160
f 4164 4165 4166
f 4166 4167 4164
f 4168 4169 4170
f 4170 4171 4168
o _Murazz06
v 23.204950 0.000000 138.317734
v 23.204950 0.000000 138.117722
v 33.345833 0.000000 138.117722
v 33.345833 0.000000 138.317734
v 23.204950 0.800000 138.317734
v 33.345833 0.800000 138.317734
v 33.345833 0.800000 138.117722
v 23.204950 0.800000 138.117722
v 23.204950 0.000000 138.317734
v 33.345833 0.000000 138.317734
v 33.345833 0.800000 138.317734
v 23.204950 0.800000 138.317734
v 33.345833 0.000000 138.317734
v 33.345833 0.000000 138.117722
v 33.345833 0.800000 138.117722
v 33.345833 0.800000 138.317734
v 33.345833 0.000000 138.117722
v 23.204950 0.000000 138.117722
v 23.204950 0.800000 138.117722
v 33.345833 0.800000 138.117722
v 23.204950 0.000000 138.117722
v 23.204950 0.000000 138.317734
v 23.204950 0.800000 138.317734
v 23.204950 0.800000 138.117722
s 1
f 4172 4173 4174
f 4175 4172 4174
f 4176 4177 4178
f 4178 4179 4176
f 4180 4181 4182
f 4183 4180 4182
f 4184 4185 4186
f 4186 4187 4184
f 4188 4189 4190
f 4190 4191 4188
f 4192 4193 4194
f 4194 4195 4192
o _Murazz07
v 23.269266 0.800000 164.910278
v 23.469267 0.800000 164.910278
v 23.469267 0.800000 137.854416
v 23.269266 0.800000 137.854416
v 23.469267 0.000000 164.910278
v 23.469267 0.000000 137.854416
v 23.469267 0.800000 137.854416
v 23.469267 0.800000 164.910278
v 23.269266 0.800000 137.854416
v 23.469267 0.800000 137.854416
v 23.469267 0.000000 137.854416
s 1
f 4196 4197 4198
f 4199 4196 4198
f 4200 4201 4202
f 4202 4203 4200
f 4204 4205 4206
o _Murazz08
v 65.681755 0.000000 164.909775
v 65.681755 0.000000 152.758759
v 65.881760 0.000000 152.758759
v 65.881760 0.000000 164.909775
v 65.681755 0.800000 164.909775
v 65.881760 0.800000 164.909775
v 65.881760 0.800000 152.758759
v 65.681755 0.800000 152.758759
v 65.681755 0.000000 164.909775
v 65.881760 0.000000 164.909775
v 65.881760 0.800000 164.909775
v 65.681755 0.800000 164.909775
v 65.881760 0.000000 164.909775
v 65.881760 0.000000 152.758759
v 65.881760 0.800000 152.758759
v 65.881760 0.800000 164.909775
v 65.881760 0.000000 152.758759
v 65.681755 0.000000 152.758759
v 65.681755 0.800000 152.758759
v 65.881760 0.800000 152.758759
v 65.681755 0.000000 152.758759
v 65.681755 0.000000 164.909775
v 65.681755 0.800000 164.909775
v 65.681755 0.800000 152.758759
s 1
f 4207 4208 4209
f 4210 4207 4209
f 4211 4212 4213
f 4213 4214 4211
f 4215 4216 4217
f 4218 4215 4217
f 4219 4220 4221
f 4221 4222 4219
f 4223 4224 4225
f 4225 4226 4223
f 4227 4228 4229
f 4229 4230 4227
o _MuriPLFinale
v 63.103004 0.649974 -7.589835
v 65.858116 0.650106 -7.253040
v 65.941521 0.000128 -7.325330
v 63.210651 0.000000 -7.717635
v 63.103004 0.649974 -7.589835
v 65.941521 0.000128 -7.325330
v 63.153694 0.649974 -29.152466
v 63.103004 0.649974 -7.589835
v 63.210651 0.000000 -7.717635
v 63.210651 0.000000 -7.717635
v 63.209663 0.000000 -29.027176
v 63.153694 0.649974 -29.152466
v 74.600906 0.650106 -7.250969
v 77.300972 0.649974 -7.624539
v 77.186455 0.000000 -7.719231
v 77.186455 0.000000 -7.719231
v 74.522850 0.000128 -7.325330
v 74.600906 0.650106 -7.250969
v 77.300972 0.649974 -7.624539
v 77.297417 0.649974 -16.269255
v 77.199341 0.000000 -16.364149
v 77.199341 0.000000 -16.364149
v 77.186455 0.000000 -7.719231
v 77.300972 0.649974 -7.624539
v 77.099869 0.649974 -29.147186
v 63.153694 0.649974 -29.152466
v 63.209663 0.000000 -29.027176
v 63.209663 0.000000 -29.027176
v 77.031578 0.000000 -29.027176
v 77.099869 0.649974 -29.147186
v 77.098740 0.649974 -19.073368
v 77.099869 0.649974 -29.147186
v 77.031578 0.000000 -29.027176
v 77.031578 0.000000 -29.027176
v 77.031578 0.000000 -18.983912
v 77.098740 0.649974 -19.073368
v 77.297417 0.649974 -16.269255
v 83.038750 0.649973 -15.834826
v 83.006340 0.000000 -15.996521
v 83.006340 0.000000 -15.996521
v 77.199341 0.000000 -16.364149
v 77.297417 0.649974 -16.269255
v 83.003708 0.649974 -19.122473
v 77.098740 0.649974 -19.073368
v 77.031578 0.000000 -18.983912
v 77.031578 0.000000 -18.983912
v 83.006340 0.000000 -19.012346
v 83.003708 0.649974 -19.122473
v 83.006340 0.000000 -15.996521
v 83.038750 0.649973 -15.834826
v 94.390213 0.000000 -6.888693
v 83.003708 0.649974 -19.122473
v 83.006340 0.000000 -19.012346
v 94.390213 0.000000 -29.087042
v 65.941521 0.000128 8.230373
v 65.941521 0.000128 -7.325330
v 65.858116 0.650106 -7.253040
v 65.941521 0.000128 8.230373
v 65.858116 0.650106 -7.253040
v 65.730347 0.634217 8.112686
v 74.522835 0.000127 8.166742
v 74.729256 0.634217 8.043421
v 74.600906 0.650106 -7.250969
v 74.522835 0.000127 8.166742
v 74.600906 0.650106 -7.250969
v 74.522850 0.000128 -7.325330
v 75.821999 0.000127 8.166742
v 75.726433 0.634217 8.043421
v 74.729256 0.634217 8.043421
v 74.729256 0.634217 8.043421
v 74.522835 0.000127 8.166742
v 75.821999 0.000127 8.166742
v 64.584251 0.634217 8.112686
v 64.355873 0.000128 8.230373
v 65.941521 0.000128 8.230373
v 65.941521 0.000128 8.230373
v 65.730347 0.634217 8.112686
v 64.584251 0.634217 8.112686
v 94.390213 0.000000 -35.234383
v 83.003708 0.000000 -35.263927
v 83.003708 0.649974 -19.122473
v 83.003708 0.649974 -19.122473
v 94.390213 0.000000 -29.087042
v 94.390213 0.000000 -35.234383
s 0
f 4309 4310 4311
f 4312 4313 4314
f 4231 4232 4233
f 4234 4235 4236
f 4237 4238 4239
f 4240 4241 4242
f 4243 4244 4245
f 4246 4247 4248
f 4249 4250 4251
f 4252 4253 4254
f 4255 4256 4257
f 4258 4259 4260
f 4261 4262 4263
f 4264 4265 4266
f 4267 4268 4269
f 4270 4271 4272
f 4273 4274 4275
f 4276 4277 4278
f 4279 4280 4281
f 4282 4283 4284
f 4285 4286 4287
f 4288 4289 4290
f 4291 4292 4293
f 4294 4295 4296
f 4297 4298 4299
f 4300 4301 4302
f 4303 4304 4305
f 4306 4307 4308
o _Portazz
v -44.879852 0.575352 89.105995
v -46.274334 1.794318 89.106499
v -44.880074 -0.000065 89.106506
v -44.880074 -0.000065 89.106506
v -46.274334 1.794318 89.106499
v -46.274334 -0.000065 89.106499
v -42.436878 1.794318 89.106499
v -43.842190 0.582974 89.105995
v -42.436878 -0.000065 89.106499
v -42.436878 -0.000065 89.106499
v -43.842190 0.582974 89.105995
v -43.847878 -0.000065 89.106506
v -43.842190 0.582974 89.105995
v -42.436878 1.794318 89.106499
v -43.842190 0.823427 89.105995
v -44.879852 0.575352 89.105995
v -44.873943 0.815805 89.105995
v -46.274334 1.794318 89.106499
v -43.842190 0.823427 89.105995
v -42.436878 1.794318 89.106499
v -43.865612 0.957550 89.105995
v -44.873943 0.815805 89.105995
v -44.845341 0.961532 89.105995
v -46.274334 1.794318 89.106499
v -42.436878 1.794318 89.106499
v -46.274334 1.794318 89.106499
v -43.865612 0.957550 89.105995
v -44.845341 0.961532 89.105995
v -43.865612 0.957550 89.105995
v -46.274334 1.794318 89.106499
v -44.879852 0.575417 88.365997
v -44.879852 0.575352 89.105995
v -44.880074 0.000000 88.366508
v -44.879852 0.575352 89.105995
v -44.880074 -0.000065 89.106506
v -44.880074 0.000000 88.366508
v -43.842190 0.583039 88.365997
v -43.847878 0.000000 88.366508
v -43.847878 -0.000065 89.106506
v -43.847878 -0.000065 89.106506
v -43.842190 0.582974 89.105995
v -43.842190 0.583039 88.365997
v -43.842190 0.823492 88.365997
v -43.842190 0.583039 88.365997
v -43.842190 0.582974 89.105995
v -43.842190 0.582974 89.105995
v -43.842190 0.823427 89.105995
v -43.842190 0.823492 88.365997
v -44.879852 0.575417 88.365997
v -44.873943 0.815870 88.365997
v -44.873943 0.815805 89.105995
v -44.873943 0.815805 89.105995
v -44.879852 0.575352 89.105995
v -44.879852 0.575417 88.365997
v -43.865612 0.957615 88.365997
v -43.842190 0.823492 88.365997
v -43.842190 0.823427 89.105995
v -43.842190 0.823427 89.105995
v -43.865612 0.957550 89.105995
v -43.865612 0.957615 88.365997
v -44.873943 0.815870 88.365997
v -44.845341 0.961597 88.365997
v -44.845341 0.961532 89.105995
v -44.845341 0.961532 89.105995
v -44.873943 0.815805 89.105995
v -44.873943 0.815870 88.365997
v -44.845341 0.961597 88.365997
v -43.865612 0.957615 88.365997
v -43.865612 0.957550 89.105995
v -43.865612 0.957550 89.105995
v -44.845341 0.961532 89.105995
v -44.845341 0.961597 88.365997
v -46.274334 1.794383 88.366501
v -44.879852 0.575417 88.365997
v -44.880074 0.000000 88.366508
v -46.274334 1.794383 88.366501
v -44.880074 0.000000 88.366508
v -46.274334 0.000000 88.366508
v -43.842190 0.583039 88.365997
v -42.436878 1.794383 88.366501
v -42.436878 0.000000 88.366508
v -43.842190 0.583039 88.365997
v -42.436878 0.000000 88.366508
v -43.847878 0.000000 88.366508
v -42.436878 1.794383 88.366501
v -43.842190 0.583039 88.365997
v -43.842190 0.823492 88.365997
v -44.873943 0.815870 88.365997
v -44.879852 0.575417 88.365997
v -46.274334 1.794383 88.366501
v -42.436878 1.794383 88.366501
v -43.842190 0.823492 88.365997
v -43.865612 0.957615 88.365997
v -44.845341 0.961597 88.365997
v -44.873943 0.815870 88.365997
v -46.274334 1.794383 88.366501
v -46.274334 1.794383 88.366501
v -42.436878 1.794383 88.366501
v -43.865612 0.957615 88.365997
v -43.865612 0.957615 88.365997
v -44.845341 0.961597 88.365997
v -46.274334 1.794383 88.366501
v -42.436878 -0.000065 89.559341
v -42.436878 1.794318 89.559341
v -42.436878 -0.000065 89.106499
v -42.436878 1.794318 89.106499
s 0
f 4315 4316 4317
f 4318 4319 4320
f 4321 4322 4323
f 4324 4325 4326
f 4327 4328 4329
f 4330 4331 4332
f 4333 4334 4335
f 4336 4337 4338
f 4339 4340 4341
f 4342 4343 4344
f 4345 4346 4347
f 4348 4349 4350
f 4351 4352 4353
f 4354 4355 4356
f 4357 4358 4359
f 4360 4361 4362
f 4363 4364 4365
f 4366 4367 4368
f 4369 4370 4371
f 4372 4373 4374
f 4375 4376 4377
f 4378 4379 4380
f 4381 4382 4383
f 4384 4385 4386
f 4387 4388 4389
f 4390 4391 4392
f 4393 4394 4395
f 4396 4397 4398
f 4399 4400 4401
f 4402 4403 4404
f 4405 4406 4407
f 4408 4409 4410
f 4411 4412 4413
f 4414 4415 4416
f 4417 4418 4419
f 4420 4419 4418
o _StradaPLiv
v 6.714636 0.200000 128.968399
v 6.714636 0.200000 127.780174
v 5.849210 0.200000 127.780174
v 5.849210 0.200000 128.968399
v 6.714636 0.200000 113.192909
v 5.849210 0.200000 113.192909
v 6.714636 0.200000 144.187668
v 5.849210 0.200000 144.187668
v 5.849210 0.200000 113.192909
v 4.055810 0.000000 119.992264
v 4.229819 0.000000 127.780174
v 5.849210 0.200000 113.192909
v 4.229819 0.000000 127.780174
v 5.849210 0.200000 127.780174
v 5.849210 0.200000 128.968399
v 4.229819 0.000000 128.968399
v 4.234558 0.000000 131.077255
v 5.849210 0.200000 128.968399
v 4.234558 0.000000 131.077255
v 4.227463 0.000000 144.000000
v 5.849210 0.200000 128.968399
v 4.227463 0.000000 144.000000
v 5.849210 0.200000 144.187668
v 6.714636 0.200000 128.968399
v 6.714636 0.200000 144.187668
v 8.346656 0.000000 144.084854
v 6.714636 0.200000 128.968399
v 8.346656 0.000000 144.084854
v 8.326996 0.000000 128.968399
v 6.714636 0.200000 127.780174
v 8.326996 0.000000 127.780174
v 8.342731 0.000000 113.208694
v 6.714636 0.200000 127.780174
v 8.342731 0.000000 113.208694
v 6.714636 0.200000 113.192909
s 0
f 4429 4430 4431
f 4432 4433 4434
f 4435 4436 4437
f 4438 4439 4440
f 4441 4442 4443
f 4444 4445 4446
f 4447 4448 4449
f 4450 4451 4452
f 4453 4454 4455
s 1
f 4421 4422 4423
f 4424 4421 4423
f 4425 4426 4423
f 4423 4422 4425
f 4427 4421 4428
f 4421 4424 4428
o _StradaRampaZona04
v -45.081104 1.000000 73.601051
v -43.655327 1.000000 73.601051
v -43.685711 0.998639 73.140862
v -45.101219 0.998414 73.337280
v -43.777576 0.993786 72.698944
v -45.154228 0.993518 73.081482
v -43.923603 0.984765 72.279915
v -45.240273 0.984462 72.834076
v -44.117928 0.970825 71.887398
v -45.357567 0.970492 72.596832
v -44.355011 0.951217 71.524254
v -45.503895 0.950857 72.372498
v -44.629791 0.925193 71.192955
v -45.676388 0.924802 72.164398
v -44.937721 0.892004 70.895805
v -45.871513 0.891575 71.976036
v -45.274681 0.850898 70.635208
v -46.085152 0.850423 71.810791
v -45.636909 0.801126 70.413803
v -46.312706 0.800596 71.671738
v -46.020859 0.741938 70.234642
v -46.549309 0.741343 71.561394
v -46.423012 0.672579 70.101250
v -46.790039 0.671916 71.481628
v -46.839626 0.592295 70.017746
v -47.030273 0.591570 71.433586
v -47.266293 0.500000 69.988777
v -47.266296 0.500000 71.417610
v -47.692955 0.407705 70.017746
v -47.502316 0.408430 71.433586
v -48.109573 0.327421 70.101250
v -47.742550 0.328084 71.481628
v -48.511726 0.258062 70.234642
v -47.983273 0.258657 71.561386
v -48.895676 0.198873 70.413803
v -48.219879 0.199403 71.671730
v -49.257904 0.149102 70.635208
v -48.447437 0.149577 71.810791
v -49.594868 0.107996 70.895805
v -48.661072 0.108425 71.976036
v -49.902794 0.074806 71.192955
v -48.856197 0.075198 72.164398
v -50.177574 0.048783 71.524254
v -49.028694 0.049143 72.372498
v -50.414658 0.029175 71.887390
v -49.175018 0.029507 72.596832
v -50.608986 0.015235 72.279922
v -49.292313 0.015538 72.834076
v -50.755013 0.006213 72.698944
v -49.378357 0.006482 73.081482
v -50.846874 0.001360 73.140862
v -49.431366 0.001586 73.337280
v -50.869514 -0.001000 73.603790
v -49.450584 -0.001000 73.602409
v -43.643852 0.850440 73.601730
v -43.674244 0.849080 73.141541
v -45.062206 0.851199 73.599892
v -45.082325 0.849613 73.336121
v -43.766106 0.844227 72.699623
v -45.135334 0.844718 73.080322
v -43.912132 0.835205 72.280594
v -45.221378 0.835661 72.832916
v -44.106457 0.821265 71.888077
v -45.338676 0.821692 72.595665
v -44.343540 0.801658 71.524933
v -45.484997 0.802056 72.371338
v -44.618324 0.775634 71.193634
v -45.657494 0.776001 72.163231
v -44.926250 0.742444 70.896477
v -45.852623 0.742774 71.974876
v -45.263210 0.701339 70.635887
v -46.066257 0.701623 71.809631
v -45.625443 0.651567 70.414482
v -46.293812 0.651796 71.670570
v -46.009392 0.592379 70.235313
v -46.530415 0.592543 71.560226
v -46.411541 0.523020 70.101929
v -46.771141 0.523116 71.480469
v -46.828159 0.442736 70.018425
v -47.011379 0.442769 71.432426
v -47.254822 0.350441 69.989456
v -47.247398 0.351199 71.416451
v -47.681484 0.258146 70.018425
v -47.483421 0.259629 71.432426
v -48.098103 0.177862 70.101929
v -47.723656 0.179283 71.480469
v -48.500259 0.108503 70.235313
v -47.964378 0.109856 71.560226
v -48.884209 0.049314 70.414482
v -48.200981 0.050603 71.670570
v -49.246437 -0.000458 70.635880
v -48.428539 0.000776 71.809631
v -49.583397 -0.041563 70.896484
v -48.642174 -0.040375 71.974876
v -49.891323 -0.074753 71.193634
v -48.837303 -0.073602 72.163231
v -50.166103 -0.100777 71.524933
v -49.009800 -0.099657 72.371338
v -50.403191 -0.120384 71.888069
v -49.156124 -0.119293 72.595673
v -50.597511 -0.134324 72.280594
v -49.273415 -0.133263 72.832916
v -50.743538 -0.143346 72.699623
v -49.359463 -0.142319 73.080315
v -50.835403 -0.148199 73.141541
v -49.412472 -0.147215 73.336121
v -50.858040 -0.150559 73.604469
v -49.431686 -0.149801 73.601250
s 1
f 4456 4457 4458
f 4459 4456 4458
f 4459 4458 4460
f 4460 4461 4459
f 4461 4460 4462
f 4462 4463 4461
f 4463 4462 4464
f 4464 4465 4463
f 4465 4464 4466
f 4466 4467 4465
f 4467 4466 4468
f 4468 4469 4467
f 4469 4468 4470
f 4470 4471 4469
f 4471 4470 4472
f 4472 4473 4471
f 4473 4472 4474
f 4474 4475 4473
f 4475 4474 4476
f 4476 4477 4475
f 4477 4476 4478
f 4478 4479 4477
f 4479 4478 4480
f 4480 4481 4479
f 4481 4480 4482
f 4482 4483 4481
f 4483 4482 4484
f 4484 4485 4483
f 4485 4484 4486
f 4486 4487 4485
f 4487 4486 4488
f 4488 4489 4487
f 4489 4488 4490
f 4490 4491 4489
f 4491 4490 4492
f 4492 4493 4491
f 4493 4492 4494
f 4494 4495 4493
f 4495 4494 4496
f 4496 4497 4495
f 4497 4496 4498
f 4498 4499 4497
f 4499 4498 4500
f 4500 4501 4499
f 4501 4500 4502
f 4502 4503 4501
f 4503 4502 4504
f 4504 4505 4503
f 4505 4504 4506
f 4506 4507 4505
f 4507 4506 4508
f 4508 4509 4507
f 4510 4511 4458
f 4458 4457 4510
f 4512 4456 4513
f 4456 4459 4513
f 4511 4514 4460
f 4460 4458 4511
f 4515 4513 4459
f 4459 4461 4515
f 4514 4516 4462
f 4462 4460 4514
f 4517 4515 4461
f 4461 4463 4517
f 4516 4518 4464
f 4464 4462 4516
f 4519 4517 4463
f 4463 4465 4519
f 4518 4520 4466
f 4466 4464 4518
f 4521 4519 4465
f 4465 4467 4521
f 4520 4522 4468
f 4468 4466 4520
f 4523 4521 4467
f 4467 4469 4523
f 4522 4524 4470
f 4470 4468 4522
f 4525 4523 4469
f 4469 4471 4525
f 4524 4526 4472
f 4472 4470 4524
f 4527 4525 4471
f 4471 4473 4527
f 4526 4528 4474
f 4474 4472 4526
f 4529 4527 4473
f 4473 4475 4529
f 4528 4530 4476
f 4476 4474 4528
f 4531 4529 4475
f 4475 4477 4531
f 4530 4532 4478
f 4478 4476 4530
f 4533 4531 4477
f 4477 4479 4533
f 4532 4534 4480
f 4480 4478 4532
f 4535 4533 4479
f 4479 4481 4535
f 4534 4536 4482
f 4482 4480 4534
f 4537 4535 4481
f 4481 4483 4537
f 4536 4538 4484
f 4484 4482 4536
f 4539 4537 4483
f 4483 4485 4539
f 4538 4540 4486
f 4486 4484 4538
f 4541 4539 4485
f 4485 4487 4541
f 4540 4542 4488
f 4488 4486 4540
f 4543 4541 4487
f 4487 4489 4543
f 4542 4544 4490
f 4490 4488 4542
f 4545 4543 4489
f 4489 4491 4545
f 4544 4546 4492
f 4492 4490 4544
f 4547 4545 4491
f 4491 4493 4547
f 4546 4548 4494
f 4494 4492 4546
f 4549 4547 4493
f 4493 4495 4549
f 4548 4550 4496
f 4496 4494 4548
f 4551 4549 4495
f 4495 4497 4551
f 4550 4552 4498
f 4498 4496 4550
f 4553 4551 4497
f 4497 4499 4553
f 4552 4554 4500
f 4500 4498 4552
f 4555 4553 4499
f 4499 4501 4555
f 4554 4556 4502
f 4502 4500 4554
f 4557 4555 4501
f 4501 4503 4557
f 4556 4558 4504
f 4504 4502 4556
f 4559 4557 4503
f 4503 4505 4559
f 4558 4560 4506
f 4506 4504 4558
f 4561 4559 4505
f 4505 4507 4561
f 4560 4562 4508
f 4508 4506 4560
f 4563 4561 4507
f 4507 4509 4563
o _StradaTunnelAZona09
v -61.489544 -0.000041 105.858627
v -62.337585 -0.062603 105.858635
v -62.337566 -0.062603 106.858635
v -61.489544 -0.000041 106.858627
v -63.415829 -0.229907 105.858658
v -63.415802 -0.229907 106.858658
v -64.626740 -0.468489 105.858696
v -64.626709 -0.468489 106.858696
v -65.880974 -0.743013 105.858734
v -65.880943 -0.743013 106.858734
v -67.091812 -1.018269 105.858772
v -67.091774 -1.018269 106.858772
v -68.174263 -1.259293 105.858810
v -68.174232 -1.259293 106.858810
v -69.047188 -1.431746 105.858841
v -69.047165 -1.431746 106.858841
v -69.652199 -1.500762 105.858650
v -69.651329 -1.500305 106.858772
v -70.415459 -1.499819 105.882614
v -70.350670 -1.499822 106.881363
s 1
f 4564 4565 4566
f 4567 4564 4566
f 4565 4568 4569
f 4569 4566 4565
f 4568 4570 4571
f 4571 4569 4568
f 4570 4572 4573
f 4573 4571 4570
s 0
f 4572 4574 4575
f 4575 4573 4572
s 1
f 4574 4576 4577
f 4577 4575 4574
f 4576 4578 4579
f 4579 4577 4576
f 4578 4580 4581
f 4581 4579 4578
f 4580 4582 4583
f 4583 4581 4580
o _StradaTunnelCZona18
v -34.617943 -1.500406 121.200600
v -33.923122 -1.431987 121.200684
v -33.922939 -1.431988 120.200684
v -34.617893 -1.500407 120.200600
v -33.084122 -1.257498 121.200882
v -33.083874 -1.257498 120.200882
v -32.154995 -1.014426 121.201103
v -32.154762 -1.014426 120.201103
v -31.201014 -0.737466 121.201294
v -31.200840 -0.737466 120.201294
v -30.290934 -0.461618 121.201393
v -30.290884 -0.461619 120.201393
v -29.495691 -0.222326 121.201332
v -29.495880 -0.222327 120.201332
v -28.890955 -0.056260 121.201050
v -28.891668 -0.056271 120.201050
v -28.594141 -0.000041 121.200600
v -28.597181 -0.000041 120.200600
s 1
f 4584 4585 4586
f 4587 4584 4586
f 4585 4588 4589
f 4589 4586 4585
f 4588 4590 4591
f 4591 4589 4588
f 4590 4592 4593
f 4593 4591 4590
f 4592 4594 4595
f 4595 4593 4592
f 4594 4596 4597
f 4597 4595 4594
f 4596 4598 4599
f 4599 4597 4596
f 4598 4600 4601
f 4601 4599 4598
o _StradaZona02
v -10.604579 1.500010 73.417534
v -10.604849 1.500010 74.964806
v -2.482344 1.500009 74.964386
v -2.482140 1.500009 73.417297
v -2.482140 1.500009 73.417297
v -2.482344 1.500009 74.964386
v -0.934097 1.500009 74.964745
v -0.933836 1.500009 73.417442
v -0.933836 1.500009 73.417442
v -0.934097 1.500009 74.964745
v 7.188394 1.500008 74.964317
v 7.188663 1.500008 73.417023
v 7.188663 1.500008 73.417023
v 7.188394 1.500008 74.964317
v 8.736649 1.500008 74.964661
v 8.736918 1.500008 73.417381
v -2.481426 1.500009 81.153893
v -0.934999 1.500009 81.153679
v -0.934097 1.500009 74.964745
v -2.482344 1.500009 74.964386
v 7.189322 1.500008 81.153816
v 8.735762 1.500008 81.153587
v 8.736649 1.500008 74.964661
v 7.188394 1.500008 74.964317
v -0.933438 1.500009 82.701515
v -0.934999 1.500009 81.153679
v -2.481426 1.500009 81.153893
v -2.481685 1.500009 82.701164
v -2.481685 1.500009 82.701164
v -2.481426 1.500009 81.153893
v -10.603958 1.500010 81.154320
v -10.604189 1.500010 82.701599
v 8.737308 1.500008 82.701439
v 8.735762 1.500008 81.153587
v 7.189322 1.500008 81.153816
v 7.189091 1.500008 82.701096
v 7.189091 1.500008 82.701096
v 7.189322 1.500008 81.153816
v -0.934999 1.500009 81.153679
v -0.933438 1.500009 82.701515
v -0.934088 -0.000010 88.890915
v -0.933438 1.500009 82.701515
v -2.481685 1.500009 82.701164
v -2.481456 -0.000010 88.890930
v 8.736651 -0.000011 88.890816
v 8.737308 1.500008 82.701439
v 7.189091 1.500008 82.701096
v 7.189303 -0.000011 88.890762
v -10.604579 1.500010 73.417534
v -12.624348 1.500009 73.409279
v -12.625220 1.500009 74.959251
v -10.604579 1.500010 73.417534
v -12.625220 1.500009 74.959251
v -10.604849 1.500010 74.964806
v -12.625220 1.500009 81.150726
v -12.624567 1.500009 82.667229
v -10.604189 1.500010 82.701599
v -12.625220 1.500009 81.150726
v -10.604189 1.500010 82.701599
v -10.603958 1.500010 81.154320
v -12.625390 1.500009 77.208862
v -16.800821 1.500009 77.208984
v -16.800817 1.500009 78.699585
v -12.625390 1.500009 77.208862
v -16.800817 1.500009 78.699585
v -12.625388 1.500009 78.706108
v -12.625220 1.500009 74.959251
v -12.625390 1.500009 77.208862
v -10.604270 1.500009 77.207314
v -12.625220 1.500009 74.959251
v -10.604270 1.500009 77.207314
v -10.604849 1.500010 74.964806
v -12.625390 1.500009 77.208862
v -12.625388 1.500009 78.706108
v -10.604270 1.500009 78.708420
v -12.625390 1.500009 77.208862
v -10.604270 1.500009 78.708420
v -10.604270 1.500009 77.207314
v -12.625388 1.500009 78.706108
v -12.625220 1.500009 81.150726
v -10.603958 1.500010 81.154320
v -12.625388 1.500009 78.706108
v -10.603958 1.500010 81.154320
v -10.604270 1.500009 78.708420
v -12.624348 1.500009 73.409279
v -16.798120 1.500009 72.860085
v 12.837143 1.500009 72.872047
v -12.624348 1.500009 73.409279
v 12.837143 1.500009 72.872047
v 8.736918 1.500008 73.417381
v -16.795767 1.500009 82.664391
v -12.624567 1.500009 82.667229
v -2.481685 1.500009 82.701164
v 8.737308 1.500008 82.701439
v 12.995184 1.500009 82.695824
v 12.944853 0.000009 88.923531
v 8.737308 1.500008 82.701439
v 12.944853 0.000009 88.923531
v 8.736651 -0.000011 88.890816
s 1
f 4626 4627 4628
f 4628 4629 4626
s 0
f 4606 4607 4608
f 4608 4609 4606
f 4674 4675 4676
f 4677 4678 4679
f 4602 4603 4604
f 4605 4602 4604
f 4610 4611 4612
f 4612 4613 4610
f 4618 4619 4620
f 4620 4621 4618
f 4622 4623 4624
f 4624 4625 4622
f 4630 4631 4632
f 4632 4633 4630
s 1
f 4638 4639 4640
f 4640 4641 4638
f 4642 4643 4644
f 4644 4645 4642
f 4646 4647 4648
f 4648 4649 4646
s 0
f 4668 4669 4670
f 4671 4672 4673
f 4680 4681 4682
f 4683 4684 4685
f 4686 4687 4688
f 4689 4690 4691
f 4692 4693 4694
f 4695 4696 4697
f 4698 4699 4700
f 4614 4615 4616
s 1
f 4616 4617 4614
s 0
f 4634 4635 4636
s 1
f 4636 4637 4634
s 0
f 4650 4651 4652
f 4653 4654 4655
f 4656 4657 4658
f 4659 4660 4661
f 4662 4663 4664
f 4665 4666 4667
o _SupportoSbarra01
v 4.322604 0.000000 129.297226
v 4.322604 0.000000 129.101364
v 4.432274 0.000000 129.101364
v 4.432274 0.000000 129.297226
v 4.322604 0.314199 129.267303
v 4.432274 0.314199 129.267303
v 4.432274 0.314199 129.128220
v 4.322604 0.314199 129.128220
v 4.322604 0.000000 129.297226
v 4.432274 0.000000 129.297226
v 4.432274 0.314199 129.267303
v 4.322604 0.314199 129.267303
v 4.432274 0.000000 129.297226
v 4.432274 0.000000 129.101364
v 4.432274 0.314199 129.128220
v 4.432274 0.314199 129.267303
v 4.432274 0.000000 129.101364
v 4.322604 0.000000 129.101364
v 4.322604 0.314199 129.128220
v 4.432274 0.314199 129.128220
v 4.322604 0.000000 129.101364
v 4.322604 0.000000 129.297226
v 4.322604 0.314199 129.267303
v 4.322604 0.314199 129.128220
s 1
f 4701 4702 4703
f 4704 4701 4703
f 4705 4706 4707
f 4707 4708 4705
f 4709 4710 4711
f 4712 4709 4711
f 4713 4714 4715
f 4715 4716 4713
f 4717 4718 4719
f 4719 4720 4717
f 4721 4722 4723
f 4723 4724 4721
o _SupportoSbarra02
v 8.219317 0.000000 127.477821
v 8.219317 0.000000 127.673683
v 8.109648 0.000000 127.673683
v 8.109648 0.000000 127.477821
v 8.219317 0.314199 127.507744
v 8.109648 0.314199 127.507744
v 8.109648 0.314199 127.646828
v 8.219317 0.314199 127.646828
v 8.219317 0.000000 127.477821
v 8.109648 0.000000 127.477821
v 8.109648 0.314199 127.507744
v 8.219317 0.314199 127.507744
v 8.109648 0.000000 127.477821
v 8.109648 0.000000 127.673683
v 8.109648 0.314199 127.646828
v 8.109648 0.314199 127.507744
v 8.109648 0.000000 127.673683
v 8.219317 0.000000 127.673683
v 8.219317 0.314199 127.646828
v 8.109648 0.314199 127.646828
v 8.219317 0.000000 127.673683
v 8.219317 0.000000 127.477821
v 8.219317 0.314199 127.507744
v 8.219317 0.314199 127.646828
s 1
f 4725 4726 4727
f 4728 4725 4727
f 4729 4730 4731
f 4731 4732 4729
f 4733 4734 4735
f 4736 4733 4735
f 4737 4738 4739
f 4739 4740 4737
f 4741 4742 4743
f 4743 4744 4741
f 4745 4746 4747
f 4747 4748 4745
o _TuboScolo
v 68.449272 -1.386384 82.430603
v 69.715271 -1.271674 82.478119
v 69.715271 -1.386384 82.430603
v 68.449272 -1.271674 82.478119
v 69.715271 -1.224159 82.592827
v 68.449272 -1.224159 82.592827
v 68.449272 -1.224159 82.592827
v 69.715271 -1.271674 82.707542
v 69.715271 -1.224159 82.592827
v 68.449272 -1.271674 82.707542
v 69.715271 -1.386384 82.755058
v 68.449272 -1.386384 82.755058
v 69.715271 -1.501094 82.707542
v 68.449272 -1.501094 82.707542
v 68.449272 -1.501094 82.478119
v 69.715271 -1.501094 82.478119
v 69.715271 -1.386384 82.430603
v 69.715271 -1.271674 82.478119
v 69.715271 -1.224159 82.592827
v 69.715271 -1.386384 82.430603
v 69.715271 -1.224159 82.592827
v 69.715271 -1.271674 82.707542
v 69.715271 -1.386384 82.430603
v 69.715271 -1.271674 82.707542
v 69.715271 -1.386384 82.755058
v 69.715271 -1.386384 82.430603
v 69.715271 -1.386384 82.755058
v 69.715271 -1.501094 82.707542
v 69.715271 -1.386384 82.430603
v 69.715271 -1.501094 82.707542
v 69.715271 -1.501094 82.478119
s 0
f 4765 4766 4767
f 4768 4769 4770
f 4771 4772 4773
f 4774 4775 4776
f 4777 4778 4779
s 1
f 4749 4750 4751
f 4749 4752 4750
f 4752 4753 4750
f 4752 4754 4753
f 4755 4756 4757
f 4755 4758 4756
f 4758 4759 4756
f 4758 4760 4759
f 4760 4761 4759
f 4760 4762 4761
f 4763 4751 4764
f 4763 4749 4751
o _TuboScolo01
v 68.449272 -1.386384 19.210684
v 69.715271 -1.271674 19.258198
v 69.715271 -1.386384 19.210682
v 68.449272 -1.271674 19.258198
v 69.715271 -1.224159 19.372908
v 68.449272 -1.224159 19.372908
v 68.449272 -1.224159 19.372908
v 69.715271 -1.271674 19.487616
v 69.715271 -1.224159 19.372908
v 68.449272 -1.271674 19.487616
v 69.715271 -1.386384 19.535131
v 68.449272 -1.386384 19.535131
v 69.715271 -1.501094 19.487616
v 68.449272 -1.501094 19.487616
v 68.449272 -1.501094 19.258198
v 69.715271 -1.501094 19.258198
v 69.715271 -1.386384 19.210682
v 69.715271 -1.271674 19.258198
v 69.715271 -1.224159 19.372908
v 69.715271 -1.386384 19.210682
v 69.715271 -1.224159 19.372908
v 69.715271 -1.271674 19.487616
v 69.715271 -1.386384 19.210682
v 69.715271 -1.271674 19.487616
v 69.715271 -1.386384 19.535131
v 69.715271 -1.501094 19.487616
v 69.715271 -1.386384 19.210682
v 69.715271 -1.501094 19.487616
v 69.715271 -1.501094 19.258198
s 0
f 4796 4797 4798
f 4799 4800 4801
f 4802 4803 4804
f 4802 4804 4805
f 4806 4807 4808
s 1
f 4780 4781 4782
f 4780 4783 4781
f 4783 4784 4781
f 4783 4785 4784
f 4786 4787 4788
f 4786 4789 4787
f 4789 4790 4787
f 4789 4791 4790
f 4791 4792 4790
f 4791 4793 4792
f 4794 4782 4795
f 4794 4780 4782
o _TuboScolo02
v 72.128716 -1.386384 44.661484
v 70.862724 -1.271674 44.613968
v 70.862724 -1.386384 44.661484
v 72.128716 -1.271674 44.613968
v 70.862724 -1.224159 44.499260
v 72.128716 -1.224159 44.499260
v 72.128716 -1.224159 44.499260
v 70.862724 -1.271674 44.384552
v 70.862724 -1.224159 44.499260
v 72.128716 -1.271674 44.384552
v 70.862724 -1.386384 44.337036
v 72.128716 -1.386384 44.337036
v 70.862724 -1.501094 44.384552
v 72.128716 -1.501094 44.384552
v 72.128716 -1.501094 44.613968
v 70.862724 -1.501094 44.613968
v 70.862724 -1.386384 44.661484
v 70.862724 -1.271674 44.613968
v 70.862724 -1.224159 44.499260
v 70.862724 -1.386384 44.661484
v 70.862724 -1.224159 44.499260
v 70.862724 -1.271674 44.384552
v 70.862724 -1.386384 44.661484
v 70.862724 -1.271674 44.384552
v 70.862724 -1.386384 44.337036
v 70.862724 -1.501094 44.384552
v 70.862724 -1.501094 44.613968
s 0
f 4825 4826 4827
f 4828 4829 4830
f 4831 4832 4833
f 4831 4833 4834
f 4831 4834 4835
s 1
f 4809 4810 4811
f 4809 4812 4810
f 4812 4813 4810
f 4812 4814 4813
f 4815 4816 4817
f 4815 4818 4816
f 4818 4819 4816
f 4818 4820 4819
f 4820 4821 4819
f 4820 4822 4821
f 4823 4811 4824
f 4823 4809 4811
o _TuboScolo03
v 72.128716 -1.386384 103.161583
v 70.862724 -1.271674 103.114075
v 70.862724 -1.386384 103.161583
v 72.128716 -1.271674 103.114075
v 70.862724 -1.224159 102.999367
v 72.128716 -1.224159 102.999367
v 72.128716 -1.224159 102.999367
v 70.862724 -1.271674 102.884659
v 70.862724 -1.224159 102.999367
v 72.128716 -1.271674 102.884659
v 70.862724 -1.386384 102.837151
v 72.128716 -1.386384 102.837151
v 70.862724 -1.501094 102.884659
v 72.128716 -1.501094 102.884659
v 72.128716 -1.501094 103.114075
v 70.862724 -1.501094 103.114075
v 70.862724 -1.386384 103.161583
v 70.862724 -1.271674 103.114075
v 70.862724 -1.224159 102.999367
v 70.862724 -1.271674 102.884659
v 70.862724 -1.386384 102.837151
v 70.862724 -1.501094 102.884659
v 70.862724 -1.501094 103.114075
s 0
f 4852 4853 4854
f 4852 4854 4855
f 4852 4855 4856
f 4852 4856 4857
f 4852 4857 4858
s 1
f 4836 4837 4838
f 4836 4839 4837
f 4839 4840 4837
f 4839 4841 4840
f 4842 4843 4844
f 4842 4845 4843
f 4845 4846 4843
f 4845 4847 4846
f 4847 4848 4846
f 4847 4849 4848
f 4850 4838 4851
f 4850 4836 4838
o _rampaStrada01
v -2.377675 1.498063 73.416000
v -2.377675 1.525259 73.416000
v -1.100953 1.525259 73.416000
v -1.100953 1.498063 73.416000
v -2.377675 1.525259 73.416000
v -2.377674 1.498063 73.523918
v -1.100953 1.498063 73.523918
v -1.100953 1.525259 73.416000
v -2.377674 1.498063 73.523918
v -2.377675 1.498063 73.416000
v -1.100953 1.498063 73.416000
v -1.100953 1.498063 73.523918
v -2.377675 1.525259 73.416000
v -2.377675 1.498063 73.416000
v -2.377674 1.498063 73.523918
v -1.100953 1.525259 73.416000
v -1.100953 1.498063 73.523918
v -1.100953 1.498063 73.416000
s 1
f 4859 4860 4861
f 4859 4861 4862
f 4863 4864 4865
f 4863 4865 4866
f 4867 4868 4869
f 4867 4869 4870
f 4871 4872 4873
f 4874 4875 4876
o _rampaStrada04
v -44.985146 0.998934 80.031136
v -43.708424 0.998934 80.031136
v -43.708424 1.026129 79.923225
v -44.985146 1.026129 79.923225
v -43.708424 0.998934 79.923225
v -44.985146 0.998934 79.923225
v -43.708424 1.026129 79.923225
v -44.985146 1.026129 79.923225
v -43.708424 0.998934 79.815315
v -44.985146 0.998934 79.815315
s 1
f 4877 4878 4879
f 4880 4877 4879
f 4878 4881 4879
f 4882 4877 4880
f 4883 4884 4881
f 4885 4886 4879
f 4886 4880 4879
f 4881 4885 4879
f 4886 4882 4880
o _rampaStrada05
v -61.491928 -0.008455 105.879204
v -61.491928 -0.008455 106.857208
v -61.384018 0.018740 106.857208
v -61.384018 0.018740 105.879204
v -61.384018 -0.008455 106.857208
v -61.384018 -0.008455 105.879204
v -61.384018 0.018740 106.857208
v -61.384018 0.018740 105.879204
v -61.276108 -0.008455 106.857208
v -61.276108 -0.008455 105.879204
s 1
f 4887 4888 4889
f 4890 4887 4889
f 4888 4891 4889
f 4892 4887 4890
f 4893 4894 4891
f 4895 4896 4889
f 4896 4890 4889
f 4891 4895 4889
f 4896 4892 4890
o _rampaStrada06
v -65.450729 -0.650625 105.879211
v -65.450729 -0.650625 106.857216
v -65.351257 -0.600718 106.857216
v -65.351257 -0.600718 105.879211
v -65.345375 -0.627269 106.857216
v -65.345375 -0.627269 105.879211
v -65.351257 -0.600718 106.857216
v -65.351257 -0.600718 105.879211
v -65.240021 -0.603913 106.857216
v -65.240021 -0.603913 105.879211
s 1
f 4897 4898 4899
f 4900 4897 4899
f 4898 4901 4899
f 4902 4897 4900
f 4903 4904 4901
f 4905 4906 4899
f 4906 4900 4899
f 4901 4905 4899
f 4906 4902 4900
o _rampaStrada07
v -69.803017 -1.501637 105.879204
v -69.803017 -1.501637 106.857208
v -69.695107 -1.474442 106.857208
v -69.695107 -1.474442 105.879204
v -69.695107 -1.501637 106.857208
v -69.695107 -1.501637 105.879204
v -69.695107 -1.474442 106.857208
v -69.695107 -1.474442 105.879204
v -69.587196 -1.501637 106.857208
v -69.587196 -1.501637 105.879204
s 1
f 4907 4908 4909
f 4910 4907 4909
f 4908 4911 4909
f 4912 4907 4910
f 4913 4914 4911
f 4915 4916 4909
f 4916 4910 4909
f 4911 4915 4909
f 4916 4912 4910
o _rampaStrada08
v 66.211113 -1.507363 83.178825
v 68.448448 -1.507363 83.178825
v 68.448448 -1.198189 82.593193
v 66.211113 -1.198189 82.593193
v 68.448448 -1.507363 83.178825
v 68.448448 -1.507363 81.991394
v 68.448448 -1.198189 82.593193
v 68.448448 -1.507363 81.991394
v 66.211113 -1.507363 81.991402
s 1
f 4917 4918 4919
f 4920 4917 4919
f 4921 4922 4923
f 4924 4925 4919
f 4925 4920 4919
o _rampaStrada09
v 66.211113 -1.507363 19.958899
v 68.448448 -1.507363 19.958899
v 68.448448 -1.198189 19.373270
v 66.211121 -1.198189 19.373270
v 68.448448 -1.507363 19.958899
v 68.448448 -1.507363 18.771477
v 68.448448 -1.198189 19.373270
v 68.448448 -1.507363 18.771477
v 66.211113 -1.507363 18.771479
s 1
f 4926 4927 4928
f 4929 4926 4928
f 4930 4931 4932
f 4933 4934 4928
f 4934 4929 4928
o _rampaStrada10
v 74.236595 -1.507363 43.913265
v 72.129539 -1.507363 43.913265
v 72.129539 -1.198189 44.498894
v 74.236595 -1.198189 44.498894
v 72.129539 -1.507363 43.913265
v 72.129539 -1.507363 45.100689
v 72.129539 -1.198189 44.498894
v 72.129539 -1.507363 45.100689
v 74.236595 -1.507363 45.100685
s 1
f 4935 4936 4937
f 4938 4935 4937
f 4939 4940 4941
f 4942 4943 4937
f 4943 4938 4937
o _rampaStrada11
v 74.255211 -1.507363 102.413376
v 72.129539 -1.507363 102.413376
v 72.129539 -1.198189 102.999008
v 74.255211 -1.198189 102.999008
v 72.129539 -1.507363 102.413376
v 72.129539 -1.507363 103.600800
v 72.129539 -1.198189 102.999008
v 72.129539 -1.507363 103.600800
v 74.255211 -1.507363 103.600800
s 1
f 4944 4945 4946
f 4947 4944 4946
f 4948 4949 4950
f 4951 4952 4946
f 4952 4947 4946
o _Tunnelazz01
v -61.489620 0.801210 106.858635
v -62.410641 0.708740 106.858643
v -62.410656 0.708740 105.858643
v -61.489620 0.801210 105.858635
v -62.337585 -0.062603 105.858643
v -61.489544 -0.000041 105.858635
v -61.489544 -0.000041 106.858635
v -62.337566 -0.062603 106.858643
v -62.410641 0.708740 106.858643
v -61.489620 0.801210 106.858635
v -63.522175 0.549332 106.858665
v -63.522205 0.549332 105.858665
v -63.415829 -0.229907 105.858665
v -63.415802 -0.229907 106.858665
v -63.522175 0.549332 106.858665
v -64.750267 0.263838 106.858704
v -64.750298 0.263838 105.858704
v -64.626740 -0.468489 105.858704
v -64.626709 -0.468489 106.858704
v -64.750267 0.263838 106.858704
v -66.012741 -0.038768 106.858742
v -66.012772 -0.038768 105.858742
v -65.880974 -0.743013 105.858742
v -65.880943 -0.743013 106.858742
v -66.012741 -0.038768 106.858742
v -67.224815 -0.338807 106.858788
v -67.224846 -0.338807 105.858788
v -67.091812 -1.018269 105.858780
v -67.091774 -1.018269 106.858780
v -67.224815 -0.338807 106.858788
v -68.299965 -0.602615 106.858826
v -68.299995 -0.602615 105.858826
v -68.174263 -1.259293 105.858818
v -68.174232 -1.259293 106.858818
v -68.299965 -0.602615 106.858826
v -69.147820 -0.806992 106.858849
v -69.147842 -0.806992 105.858849
v -69.047188 -1.431746 105.858849
v -69.047165 -1.431746 106.858849
v -69.147820 -0.806992 106.858849
v -69.655266 -0.854526 106.859062
v -69.656136 -0.854983 105.858940
v -69.652199 -1.500762 105.858658
v -69.651329 -1.500305 106.858780
v -69.655266 -0.854526 106.859062
v -70.350571 -0.879463 106.881363
v -70.415352 -0.879461 105.882607
v -70.415459 -1.499819 105.882622
v -70.350670 -1.499822 106.881371
v -70.350571 -0.879463 106.881363
v -71.341896 -0.899717 106.995377
v -71.506523 -0.899716 106.007240
v -71.506554 -1.499716 106.007256
v -71.341927 -1.499717 106.995384
v -71.341896 -0.899717 106.995377
v -72.500542 -0.899703 107.270348
v -72.801079 -0.899702 106.313087
v -72.801071 -1.499702 106.313087
v -72.500534 -1.499703 107.270348
v -72.500542 -0.899703 107.270348
v -73.697990 -0.899753 107.771095
v -74.174431 -0.899752 106.885094
v -74.174400 -1.499752 106.885086
v -73.697968 -1.499753 107.771080
v -73.697990 -0.899753 107.771095
v -74.813530 -0.899838 108.557999
v -75.494194 -0.899838 107.812683
v -75.494164 -1.499838 107.812660
v -74.813499 -1.499838 108.557976
v -74.813530 -0.899838 108.557999
v -75.743462 -0.899933 109.698135
v -76.610931 -0.899933 109.178520
v -76.610916 -1.499933 109.178482
v -75.743446 -1.499933 109.698112
v -75.743462 -0.899933 109.698135
v -76.390198 -0.900009 111.285255
v -77.369141 -0.900010 111.038612
v -77.369133 -1.500010 111.038597
v -76.390198 -1.500009 111.285240
v -76.390198 -0.900009 111.285255
v -76.632469 -0.900041 113.429771
v -77.636986 -0.900042 113.432365
v -77.636986 -1.500042 113.432365
v -76.632469 -1.500041 113.429771
v -76.632469 -0.900041 113.429771
v -61.491718 1.192464 107.428627
v -61.489620 0.801210 106.858635
v -61.491718 1.192464 105.288635
v -61.489620 0.801210 105.858635
v -61.491646 0.000000 105.288651
v -61.489544 -0.000041 105.858635
v -61.491646 0.000000 107.428642
v -61.489544 -0.000041 106.858635
s 1
f 4953 4954 4955
f 4956 4953 4955
f 4956 4955 4957
f 4957 4958 4956
f 4959 4960 4961
f 4961 4962 4959
f 4954 4963 4964
f 4964 4955 4954
f 4955 4964 4965
f 4965 4957 4955
f 4960 4966 4967
f 4967 4961 4960
f 4963 4968 4969
f 4969 4964 4963
f 4964 4969 4970
f 4970 4965 4964
f 4966 4971 4972
f 4972 4967 4966
f 4968 4973 4974
f 4974 4969 4968
f 4969 4974 4975
f 4975 4970 4969
f 4971 4976 4977
f 4977 4972 4971
f 4973 4978 4979
f 4979 4974 4973
f 4974 4979 4980
f 4980 4975 4974
f 4976 4981 4982
f 4982 4977 4976
f 4978 4983 4984
f 4984 4979 4978
f 4979 4984 4985
f 4985 4980 4979
f 4981 4986 4987
f 4987 4982 4981
f 4983 4988 4989
f 4989 4984 4983
f 4984 4989 4990
f 4990 4985 4984
f 4986 4991 4992
f 4992 4987 4986
f 4988 4993 4994
f 4994 4989 4988
f 4989 4994 4995
f 4995 4990 4989
f 4991 4996 4997
f 4997 4992 4991
f 4993 4998 4999
f 4999 4994 4993
f 4994 4999 5000
f 5000 4995 4994
f 4996 5001 5002
f 5002 4997 4996
f 4998 5003 5004
f 5004 4999 4998
f 4999 5004 5005
f 5005 5000 4999
f 5001 5006 5007
f 5007 5002 5001
f 5003 5008 5009
f 5009 5004 5003
f 5004 5009 5010
f 5010 5005 5004
f 5006 5011 5012
f 5012 5007 5006
f 5008 5013 5014
f 5014 5009 5008
f 5009 5014 5015
f 5015 5010 5009
f 5011 5016 5017
f 5017 5012 5011
f 5013 5018 5019
f 5019 5014 5013
f 5014 5019 5020
f 5020 5015 5014
f 5016 5021 5022
f 5022 5017 5016
f 5018 5023 5024
f 5024 5019 5018
f 5019 5024 5025
f 5025 5020 5019
f 5021 5026 5027
f 5027 5022 5021
f 5023 5028 5029
f 5029 5024 5023
f 5024 5029 5030
f 5030 5025 5024
f 5026 5031 5032
f 5032 5027 5026
f 5028 5033 5034
f 5034 5029 5028
f 5029 5034 5035
f 5035 5030 5029
f 5031 5036 5037
f 5037 5032 5031
f 5038 5039 5040
f 5039 5041 5040
f 5042 5040 5041
f 5041 5043 5042
f 5038 5044 5045
f 5045 5039 5038
o _Tunnelazz01b
v -76.632469 -0.900041 113.429771
v -76.462509 -0.900041 115.617065
v -77.453133 -0.900041 115.784668
v -77.636986 -0.900042 113.432365
v -77.453133 -1.500041 115.784668
v -77.636986 -1.500042 113.432365
v -76.632469 -1.500041 113.429771
v -76.462509 -1.500041 115.617065
v -76.462509 -0.900041 115.617065
v -76.632469 -0.900041 113.429771
v -76.012329 -0.900041 117.231995
v -76.943031 -0.900041 117.620461
v -76.943031 -1.500041 117.620461
v -76.012329 -1.500041 117.231995
v -76.012329 -0.900041 117.231995
v -75.345367 -0.900041 118.365715
v -76.129868 -0.900041 119.004166
v -76.129868 -1.500041 119.004166
v -75.345367 -1.500041 118.365715
v -75.345367 -0.900041 118.365715
v -74.500633 -0.900041 119.134827
v -75.061272 -0.900041 119.974686
v -75.061272 -1.500041 119.974686
v -74.500633 -1.500041 119.134827
v -74.500633 -0.900041 119.134827
v -73.482033 -0.900042 119.640053
v -73.820000 -0.900042 120.586891
v -73.820000 -1.500042 120.586891
v -73.482033 -1.500041 119.640053
v -73.482033 -0.900042 119.640053
v -72.302788 -0.900041 119.945694
v -72.479454 -0.900041 120.932022
v -72.479454 -1.500041 120.932022
v -72.302788 -1.500041 119.945694
v -72.302788 -0.900041 119.945694
v -71.001793 -0.900041 120.110306
v -71.087364 -0.900041 121.107079
v -71.087364 -1.500041 121.107079
v -71.001793 -1.500041 120.110306
v -71.001793 -0.900041 120.110306
v -69.640556 -0.900041 120.200684
v -69.668877 -0.900041 121.200829
v -69.668877 -1.500041 121.200829
v -69.640556 -1.500041 120.200684
v -69.640556 -0.900041 120.200684
v -63.915066 -0.900041 120.200699
v -63.915058 -0.900041 121.200699
v -63.915058 -1.500041 121.200699
v -63.915066 -1.500041 120.200699
v -63.915066 -0.900041 120.200699
v -58.304958 -0.900041 120.200645
v -58.304951 -0.900041 121.200645
v -58.304951 -1.500041 121.200645
v -58.304958 -1.500041 120.200645
v -58.304958 -0.900041 120.200645
v -52.953945 -0.900041 120.200615
v -52.953938 -0.900041 121.200615
v -52.953938 -1.500041 121.200615
v -52.953945 -1.500041 120.200615
v -52.953945 -0.900041 120.200615
v -47.991573 -0.900041 120.200577
v -47.991566 -0.900041 121.200577
v -47.991566 -1.500041 121.200577
v -47.991573 -1.500041 120.200577
v -47.991573 -0.900041 120.200577
v -43.547382 -0.900041 120.200562
v -43.547382 -0.900041 121.200562
v -43.547382 -1.500041 121.200562
v -43.547382 -1.500041 120.200562
v -43.547382 -0.900041 120.200562
v -39.750935 -0.900041 120.200554
v -39.750935 -0.900041 121.200554
v -39.750935 -1.500041 121.200554
v -39.750935 -1.500041 120.200554
v -39.750935 -0.900041 120.200554
v -36.731762 -0.900041 120.200562
v -36.731770 -0.900041 121.200562
v -36.731770 -1.500041 121.200562
v -36.731762 -1.500041 120.200562
v -36.731762 -0.900041 120.200562
v -34.620922 -0.831365 120.200600
v -34.620968 -0.831364 121.200600
v -34.617943 -1.500406 121.200600
v -34.617893 -1.500407 120.200600
v -34.620922 -0.831365 120.200600
v -34.020885 -0.744000 120.200676
v -34.021069 -0.743998 121.200676
v -33.923122 -1.431987 121.200684
v -33.922939 -1.431988 120.200684
v -34.020885 -0.744000 120.200676
v -33.223766 -0.558703 120.200844
v -33.224010 -0.558703 121.200844
v -33.084122 -1.257498 121.200882
v -33.083870 -1.257498 120.200882
v -33.223766 -0.558703 120.200844
v -32.315983 -0.294659 120.201065
v -32.316223 -0.294659 121.201065
v -32.154995 -1.014426 121.201103
v -32.154762 -1.014426 120.201103
v -32.315983 -0.294659 120.201065
v -31.372778 -0.007939 120.201256
v -31.372955 -0.007940 121.201256
v -31.201014 -0.737466 121.201294
v -31.200840 -0.737466 120.201294
v -31.372778 -0.007939 120.201256
v -30.465811 0.253471 120.201378
v -30.465860 0.253471 121.201378
v -30.290934 -0.461618 121.201393
v -30.290884 -0.461619 120.201393
v -30.465811 0.253471 120.201378
v -29.664646 0.487702 120.201370
v -29.664457 0.487703 121.201370
v -29.495691 -0.222326 121.201332
v -29.495880 -0.222327 120.201332
v -29.664646 0.487702 120.201370
v -29.034088 0.680992 120.201164
v -29.033375 0.681003 121.201164
v -28.890957 -0.056260 121.201050
v -28.891668 -0.056271 120.201050
v -29.034088 0.680992 120.201164
v -28.597181 0.792906 120.200600
v -28.594141 0.792906 121.200600
v -28.594141 -0.000041 121.200600
v -28.597181 -0.000041 120.200600
v -28.597181 0.792906 120.200600
v -28.599274 1.180748 119.436012
v -28.596235 1.180748 121.965996
v -28.594141 0.792906 121.200600
v -28.597181 0.792906 120.200600
v -28.596235 0.000000 121.966003
v -28.594141 -0.000041 121.200600
v -28.599274 0.000000 119.436012
v -28.597181 -0.000041 120.200600
s 1
f 5046 5047 5048
f 5049 5046 5048
f 5049 5048 5050
f 5050 5051 5049
f 5052 5053 5054
f 5054 5055 5052
f 5047 5056 5057
f 5057 5048 5047
f 5048 5057 5058
f 5058 5050 5048
f 5053 5059 5060
f 5060 5054 5053
f 5056 5061 5062
f 5062 5057 5056
f 5057 5062 5063
f 5063 5058 5057
f 5059 5064 5065
f 5065 5060 5059
f 5061 5066 5067
f 5067 5062 5061
f 5062 5067 5068
f 5068 5063 5062
f 5064 5069 5070
f 5070 5065 5064
f 5066 5071 5072
f 5072 5067 5066
f 5067 5072 5073
f 5073 5068 5067
f 5069 5074 5075
f 5075 5070 5069
f 5071 5076 5077
f 5077 5072 5071
f 5072 5077 5078
f 5078 5073 5072
f 5074 5079 5080
f 5080 5075 5074
f 5076 5081 5082
f 5082 5077 5076
f 5077 5082 5083
f 5083 5078 5077
f 5079 5084 5085
f 5085 5080 5079
f 5081 5086 5087
f 5087 5082 5081
f 5082 5087 5088
f 5088 5083 5082
f 5084 5089 5090
f 5090 5085 5084
f 5086 5091 5092
f 5092 5087 5086
f 5087 5092 5093
f 5093 5088 5087
f 5089 5094 5095
f 5095 5090 5089
f 5091 5096 5097
f 5097 5092 5091
f 5092 5097 5098
f 5098 5093 5092
f 5094 5099 5100
f 5100 5095 5094
f 5096 5101 5102
f 5102 5097 5096
f 5097 5102 5103
f 5103 5098 5097
f 5099 5104 5105
f 5105 5100 5099
f 5101 5106 5107
f 5107 5102 5101
f 5102 5107 5108
f 5108 5103 5102
f 5104 5109 5110
f 5110 5105 5104
f 5106 5111 5112
f 5112 5107 5106
f 5107 5112 5113
f 5113 5108 5107
f 5109 5114 5115
f 5115 5110 5109
f 5111 5116 5117
f 5117 5112 5111
f 5112 5117 5118
f 5118 5113 5112
f 5114 5119 5120
f 5120 5115 5114
f 5116 5121 5122
f 5122 5117 5116
f 5117 5122 5123
f 5123 5118 5117
f 5119 5124 5125
f 5125 5120 5119
f 5121 5126 5127
f 5127 5122 5121
f 5122 5127 5128
f 5128 5123 5122
f 5124 5129 5130
f 5130 5125 5124
f 5126 5131 5132
f 5132 5127 5126
f 5127 5132 5133
f 5133 5128 5127
f 5129 5134 5135
f 5135 5130 5129
f 5131 5136 5137
f 5137 5132 5131
f 5132 5137 5138
f 5138 5133 5132
f 5134 5139 5140
f 5140 5135 5134
f 5136 5141 5142
f 5142 5137 5136
f 5137 5142 5143
f 5143 5138 5137
f 5139 5144 5145
f 5145 5140 5139
f 5141 5146 5147
f 5147 5142 5141
f 5142 5147 5148
f 5148 5143 5142
f 5144 5149 5150
f 5150 5145 5144
f 5146 5151 5152
f 5152 5147 5146
f 5147 5152 5153
f 5153 5148 5147
f 5149 5154 5155
f 5155 5150 5149
f 5151 5156 5157
f 5157 5152 5151
f 5152 5157 5158
f 5158 5153 5152
f 5154 5159 5160
f 5160 5155 5154
f 5156 5161 5162
f 5162 5157 5156
f 5157 5162 5163
f 5163 5158 5157
f 5159 5164 5165
f 5165 5160 5159
f 5161 5166 5167
f 5167 5162 5161
f 5162 5167 5168
f 5168 5163 5162
f 5164 5169 5170
f 5170 5165 5164
f 5171 5172 5173
f 5173 5174 5171
f 5172 5175 5176
f 5176 5173 5172
f 5177 5171 5174
f 5174 5178 5177
o _Tunnelazz02
v 3.046494 0.600000 119.980949
v 3.047216 0.600000 117.245094
v 4.055932 0.600000 117.186333
v 4.055810 0.600000 119.992264
v 4.055932 0.000000 117.186333
v 4.055810 0.000000 119.992264
v 3.046494 0.000000 119.980949
v 3.047215 0.000000 117.245094
v 3.047216 0.600000 117.245094
v 3.046494 0.600000 119.980949
v 3.009491 0.600000 116.835159
v 4.012051 0.600000 116.703125
v 4.012051 0.000000 116.703117
v 3.009491 0.000000 116.835159
v 3.009491 0.600000 116.835159
v 2.916651 0.600000 116.405739
v 3.880363 0.600000 116.088646
v 3.880363 0.000000 116.088646
v 2.916651 0.000000 116.405739
v 2.916651 0.600000 116.405739
v 2.834277 0.600000 116.224487
v 3.717915 0.600000 115.714882
v 3.717915 0.000000 115.714882
v 2.834277 0.000000 116.224487
v 2.834277 0.600000 116.224487
v 2.708273 0.600000 116.078941
v 3.352413 0.600000 115.282043
v 3.352413 0.000000 115.282043
v 2.708273 0.000000 116.078941
v 2.708273 0.600000 116.078941
v 2.522480 0.600000 115.969498
v 2.903339 0.600000 115.025284
v 2.903339 0.000000 115.025284
v 2.522480 0.000000 115.969498
v 2.522480 0.600000 115.969498
v 2.121606 0.600000 115.861290
v 2.286407 0.600000 114.862587
v 2.286407 0.000000 114.862572
v 2.121606 0.000000 115.861290
v 2.121606 0.600000 115.861290
v 1.667957 0.600000 115.810440
v 1.734777 0.600000 114.802444
v 1.734777 0.000000 114.802429
v 1.667957 0.000000 115.810440
v 1.667957 0.600000 115.810440
v 0.960072 0.600000 115.790001
v 0.960203 0.600000 114.780518
v 0.960203 0.000000 114.780518
v 0.960072 0.000000 115.790001
v 0.960072 0.600000 115.790001
v -19.986351 0.600000 115.790031
v -19.974174 0.600000 114.780510
v -19.974174 0.000000 114.780510
v -19.986351 0.000000 115.790031
v -19.986351 0.600000 115.790031
v -20.756224 0.600000 115.758934
v -20.685352 0.600000 114.750732
v -20.685352 0.000000 114.750732
v -20.756224 0.000000 115.758934
v -20.756224 0.600000 115.758934
v -21.597450 0.600000 115.638145
v -21.341003 0.600000 114.655861
v -21.341003 0.000000 114.655861
v -21.597450 0.000000 115.638145
v -21.597450 0.600000 115.638145
v -22.083147 0.600000 115.459656
v -21.611191 0.600000 114.553261
v -21.611191 0.000000 114.553261
v -22.083147 0.000000 115.459656
v -22.083147 0.600000 115.459656
v -22.629021 0.600000 115.025169
v -21.845709 0.600000 114.367271
v -21.845709 0.000000 114.367271
v -22.629021 0.000000 115.025169
v -22.629021 0.600000 115.025169
v -22.874159 0.600000 114.636147
v -21.965443 0.600000 114.186417
v -21.965443 0.000000 114.186417
v -22.874159 0.000000 114.636147
v -22.874159 0.600000 114.636147
v -23.004196 0.600000 114.313332
v -22.041672 0.600000 113.998085
v -22.041672 0.000000 113.998085
v -23.004196 0.000000 114.313332
v -23.004196 0.600000 114.313332
v -23.145206 0.600000 113.680229
v -22.144001 0.600000 113.536697
v -22.144001 0.000000 113.536697
v -23.145206 0.000000 113.680229
v -23.145206 0.600000 113.680229
v -23.203840 0.600000 113.029785
v -22.195148 0.600000 112.979027
v -22.195148 0.000000 112.979027
v -23.203842 0.000000 113.029785
v -23.203840 0.600000 113.029785
v 2.324830 0.934400 119.993507
v 3.046494 0.600000 119.980949
v 4.867023 0.934400 120.004814
v 4.055810 0.600000 119.992264
v 4.867023 0.000000 120.004814
v 4.055810 0.000000 119.992264
v 2.324830 0.000000 119.993507
v 3.046494 0.000000 119.980949
s 1
f 5179 5180 5181
f 5182 5179 5181
f 5182 5181 5183
f 5183 5184 5182
f 5185 5186 5187
f 5187 5188 5185
f 5180 5189 5190
f 5190 5181 5180
f 5181 5190 5191
f 5191 5183 5181
f 5186 5192 5193
f 5193 5187 5186
f 5189 5194 5195
f 5195 5190 5189
f 5190 5195 5196
f 5196 5191 5190
f 5192 5197 5198
f 5198 5193 5192
f 5194 5199 5200
f 5200 5195 5194
f 5195 5200 5201
f 5201 5196 5195
f 5197 5202 5203
f 5203 5198 5197
f 5199 5204 5205
f 5205 5200 5199
f 5200 5205 5206
f 5206 5201 5200
f 5202 5207 5208
f 5208 5203 5202
f 5204 5209 5210
f 5210 5205 5204
f 5205 5210 5211
f 5211 5206 5205
f 5207 5212 5213
f 5213 5208 5207
f 5209 5214 5215
f 5215 5210 5209
f 5210 5215 5216
f 5216 5211 5210
f 5212 5217 5218
f 5218 5213 5212
f 5214 5219 5220
f 5220 5215 5214
f 5215 5220 5221
f 5221 5216 5215
f 5217 5222 5223
f 5223 5218 5217
f 5219 5224 5225
f 5225 5220 5219
f 5220 5225 5226
f 5226 5221 5220
f 5222 5227 5228
f 5228 5223 5222
f 5224 5229 5230
f 5230 5225 5224
f 5225 5230 5231
f 5231 5226 5225
f 5227 5232 5233
f 5233 5228 5227
f 5229 5234 5235
f 5235 5230 5229
f 5230 5235 5236
f 5236 5231 5230
f 5232 5237 5238
f 5238 5233 5232
f 5234 5239 5240
f 5240 5235 5234
f 5235 5240 5241
f 5241 5236 5235
f 5237 5242 5243
f 5243 5238 5237
f 5239 5244 5245
f 5245 5240 5239
f 5240 5245 5246
f 5246 5241 5240
f 5242 5247 5248
f 5248 5243 5242
f 5244 5249 5250
f 5250 5245 5244
f 5245 5250 5251
f 5251 5246 5245
f 5247 5252 5253
f 5253 5248 5247
f 5249 5254 5255
f 5255 5250 5249
f 5250 5255 5256
f 5256 5251 5250
f 5252 5257 5258
f 5258 5253 5252
f 5254 5259 5260
f 5260 5255 5254
f 5255 5260 5261
f 5261 5256 5255
f 5257 5262 5263
f 5263 5258 5257
f 5259 5264 5265
f 5265 5260 5259
f 5260 5265 5266
f 5266 5261 5260
f 5262 5267 5268
f 5268 5263 5262
f 5264 5269 5270
f 5270 5265 5264
f 5265 5270 5271
f 5271 5266 5265
f 5267 5272 5273
f 5273 5268 5267
f 5274 5275 5276
f 5275 5277 5276
f 5278 5276 5277
f 5277 5279 5278
f 5274 5280 5281
f 5281 5275 5274
o _Tunnelazz02b
v -23.203840 0.600000 113.029785
v -23.218529 0.600000 112.366127
v -22.209009 0.600000 112.366104
v -22.195147 0.600000 112.979027
v -22.209011 0.000000 112.366104
v -22.195148 0.000000 112.979027
v -23.203842 0.000000 113.029785
v -23.218531 0.000000 112.366127
v -23.218529 0.600000 112.366127
v -23.203840 0.600000 113.029785
v -23.167408 0.600000 107.603874
v -22.157343 0.600000 107.619102
v -22.157343 0.000000 107.619102
v -23.167408 0.000000 107.603874
v -23.167408 0.600000 107.603874
v -23.095026 0.600000 106.787857
v -22.098372 0.600000 106.978592
v -22.098373 0.000000 106.978592
v -23.095028 0.000000 106.787857
v -23.095026 0.600000 106.787857
v -22.907585 0.600000 106.174278
v -21.980545 0.600000 106.592064
v -21.980545 0.000000 106.592056
v -22.907587 0.000000 106.174278
v -22.907585 0.600000 106.174278
v -22.650686 0.600000 105.743095
v -21.846786 0.600000 106.368629
v -21.846786 0.000000 106.368629
v -22.650686 0.000000 105.743095
v -22.650686 0.600000 105.743095
v -22.228352 0.600000 105.339989
v -21.636152 0.600000 106.166824
v -21.636152 0.000000 106.166824
v -22.228352 0.000000 105.339989
v -22.228352 0.600000 105.339989
v -21.819630 0.600000 105.109154
v -21.402685 0.600000 106.033020
v -21.402685 0.000000 106.033020
v -21.819630 0.000000 105.109154
v -21.819630 0.600000 105.109154
v -21.318766 0.600000 104.934120
v -21.058640 0.600000 105.913528
v -21.058640 0.000000 105.913528
v -21.318766 0.000000 104.934120
v -21.318766 0.600000 104.934120
v -20.263727 0.600000 104.765984
v -20.176825 0.600000 105.773399
v -20.176825 0.000000 105.773392
v -20.263727 0.000000 104.765984
v -20.263727 0.600000 104.765984
v -18.840885 0.706930 104.710838
v -18.831785 0.706930 105.720421
v -18.831785 0.000000 105.720421
v -18.840885 0.000000 104.710838
v -18.840885 0.706930 104.710838
v -12.560492 1.998788 104.730286
v -12.558436 1.998788 105.739662
v -12.558436 0.993365 105.739662
v -12.560492 0.993365 104.730286
v -12.560492 1.998788 104.730286
s 1
f 5282 5283 5284
f 5285 5282 5284
f 5285 5284 5286
f 5286 5287 5285
f 5288 5289 5290
f 5290 5291 5288
f 5283 5292 5293
f 5293 5284 5283
f 5284 5293 5294
f 5294 5286 5284
f 5289 5295 5296
f 5296 5290 5289
f 5292 5297 5298
f 5298 5293 5292
f 5293 5298 5299
f 5299 5294 5293
f 5295 5300 5301
f 5301 5296 5295
f 5297 5302 5303
f 5303 5298 5297
f 5298 5303 5304
f 5304 5299 5298
f 5300 5305 5306
f 5306 5301 5300
f 5302 5307 5308
f 5308 5303 5302
f 5303 5308 5309
f 5309 5304 5303
f 5305 5310 5311
f 5311 5306 5305
f 5307 5312 5313
f 5313 5308 5307
f 5308 5313 5314
f 5314 5309 5308
f 5310 5315 5316
f 5316 5311 5310
f 5312 5317 5318
f 5318 5313 5312
f 5313 5318 5319
f 5319 5314 5313
f 5315 5320 5321
f 5321 5316 5315
f 5317 5322 5323
f 5323 5318 5317
f 5318 5323 5324
f 5324 5319 5318
f 5320 5325 5326
f 5326 5321 5320
f 5322 5327 5328
f 5328 5323 5322
f 5323 5328 5329
f 5329 5324 5323
f 5325 5330 5331
f 5331 5326 5325
f 5327 5332 5333
f 5333 5328 5327
f 5328 5333 5334
f 5334 5329 5328
f 5330 5335 5336
f 5336 5331 5330
f 5332 5337 5338
f 5338 5333 5332
f 5333 5338 5339
f 5339 5334 5333
f 5335 5340 5341
f 5341 5336 5335
o Alberi01
v -42.329094 3.139652 73.591949
v -42.307384 3.093779 70.974876
v -42.313473 1.517924 70.983978
v -42.335178 1.563797 73.601051
v -44.026863 2.960709 69.083702
v -44.032948 1.384854 69.092796
v -45.516933 2.752052 68.428307
v -45.523022 1.176197 68.437408
v -48.992847 2.425990 68.453468
v -48.998932 0.850135 68.462578
v -51.056637 2.246827 69.266060
v -51.062725 0.670972 69.275162
v -52.192135 2.152251 70.924400
v -52.198219 0.576395 70.933502
v -52.191326 2.139652 73.591949
v -52.197414 0.563797 73.601051
v -50.808880 1.119445 69.367973
v -49.558880 1.119445 69.433617
v -50.808880 1.119445 69.433617
v -49.558880 1.119445 69.367973
v -50.808880 1.133036 69.367973
v -49.558880 1.133036 69.433617
v -49.558880 1.133036 69.367973
v -50.808880 1.133036 69.433617
v -50.808880 1.119445 69.367973
v -49.558880 1.133036 69.367973
v -49.558880 1.119445 69.367973
v -50.808880 1.133036 69.367973
v -49.558880 1.119445 69.367973
v -49.558880 1.133036 69.433617
v -49.558880 1.119445 69.433617
v -49.558880 1.133036 69.367973
v -49.558880 1.119445 69.433617
v -50.808880 1.133036 69.433617
v -50.808880 1.119445 69.433617
v -49.558880 1.133036 69.433617
v -50.808880 1.119445 69.433617
v -50.808880 1.133036 69.367973
v -50.808880 1.119445 69.367973
v -50.808880 1.133036 69.433617
v -50.596382 1.128019 69.414345
v -50.571381 1.128019 69.414345
v -50.596382 1.128019 69.389343
v -50.571381 1.128019 69.389343
v -50.571381 0.529889 69.389343
v -50.571381 0.529889 69.414345
v -50.596382 0.529889 69.389343
v -50.596382 0.529889 69.414345
v -50.571381 1.128019 69.389343
v -50.571381 0.529889 69.389343
v -50.596382 1.128019 69.389343
v -50.596382 0.529889 69.389343
v -50.571381 1.128019 69.414345
v -50.571381 0.529889 69.414345
v -50.571381 1.128019 69.389343
v -50.571381 0.529889 69.389343
v -50.596382 1.128019 69.414345
v -50.596382 0.529889 69.414345
v -50.571381 1.128019 69.414345
v -50.571381 0.529889 69.414345
v -50.596382 1.128019 69.389343
v -50.596382 0.529889 69.389343
v -50.596382 1.128019 69.414345
v -50.596382 0.529889 69.414345
v -49.796379 1.128019 69.414345
v -49.771378 1.128019 69.414345
v -49.796379 1.128019 69.389343
v -49.771378 1.128019 69.389343
v -49.771378 0.529889 69.389343
v -49.771378 0.529889 69.414345
v -49.796379 0.529889 69.389343
v -49.796379 0.529889 69.414345
v -49.771378 1.128019 69.389343
v -49.771378 0.529889 69.389343
v -49.796379 1.128019 69.389343
v -49.796379 0.529889 69.389343
v -49.771378 1.128019 69.414345
v -49.771378 0.529889 69.414345
v -49.771378 1.128019 69.389343
v -49.771378 0.529889 69.389343
v -49.796379 1.128019 69.414345
v -49.796379 0.529889 69.414345
v -49.771378 1.128019 69.414345
v -49.771378 0.529889 69.414345
v -49.796379 1.128019 69.389343
v -49.796379 0.529889 69.389343
v -49.796379 1.128019 69.414345
v -49.796379 0.529889 69.414345
v -50.783882 1.128193 69.399544
v -49.583881 1.656430 69.399544
v -49.583881 1.128193 69.399544
v -50.783882 1.656430 69.399544
s 1
f 5342 5343 5344
f 5345 5342 5344
f 5343 5346 5347
f 5347 5344 5343
f 5346 5348 5349
f 5349 5347 5346
f 5348 5350 5351
f 5351 5349 5348
f 5350 5352 5353
f 5353 5351 5350
f 5352 5354 5355
f 5355 5353 5352
f 5354 5356 5357
f 5357 5355 5354
f 5358 5359 5360
f 5359 5358 5361
f 5362 5363 5364
f 5363 5362 5365
f 5366 5367 5368
f 5367 5366 5369
f 5370 5371 5372
f 5371 5370 5373
f 5374 5375 5376
f 5375 5374 5377
f 5378 5379 5380
f 5379 5378 5381
f 5382 5383 5384
f 5385 5384 5383
f 5386 5387 5388
f 5389 5388 5387
f 5390 5391 5392
f 5393 5392 5391
f 5394 5395 5396
f 5397 5396 5395
f 5398 5399 5400
f 5401 5400 5399
f 5402 5403 5404
f 5405 5404 5403
f 5406 5407 5408
f 5409 5408 5407
f 5410 5411 5412
f 5413 5412 5411
f 5414 5415 5416
f 5417 5416 5415
f 5418 5419 5420
f 5421 5420 5419
f 5422 5423 5424
f 5425 5424 5423
f 5426 5427 5428
f 5429 5428 5427
s 0
f 5430 5431 5432
f 5431 5430 5433
o Alberi02
v -19.409328 2.375409 72.859673
v -33.837498 2.374127 72.859673
v -33.842541 0.749347 72.861794
v -19.414373 0.750629 72.861786
v -19.409328 2.375409 72.859673
v -33.842541 0.749347 72.861794
v -33.837490 2.374127 82.664398
v -19.409323 2.375410 82.664391
v -19.414368 0.750630 82.662186
v -19.414368 0.750630 82.662186
v -33.842541 0.749347 82.662186
v -33.837490 2.374127 82.664398
v -19.409323 2.375410 82.664391
v -16.795769 3.124779 82.664383
v -16.800817 1.500000 82.662170
v -16.800817 1.500000 82.662170
v -19.414368 0.750630 82.662186
v -19.409323 2.375410 82.664391
v -16.795774 3.124779 72.859673
v -19.409328 2.375409 72.859673
v -19.414373 0.750629 72.861786
v -19.414373 0.750629 72.861786
v -16.800823 1.500000 72.861786
v -16.795774 3.124779 72.859673
v -33.837498 2.374127 72.859673
v -36.581615 1.624777 72.859680
v -36.586662 -0.000003 72.861801
v -36.586662 -0.000003 72.861801
v -33.842541 0.749347 72.861794
v -33.837498 2.374127 72.859673
v -36.581615 1.624778 82.664406
v -33.837490 2.374127 82.664398
v -33.842541 0.749347 82.662186
v -33.842541 0.749347 82.662186
v -36.586658 -0.000002 82.662193
v -36.581615 1.624778 82.664406
s 0
f 5434 5435 5436
f 5437 5438 5439
f 5440 5441 5442
f 5443 5444 5445
f 5446 5447 5448
f 5449 5450 5451
f 5452 5453 5454
f 5455 5456 5457
f 5458 5459 5460
f 5461 5462 5463
f 5464 5465 5466
f 5467 5468 5469
o ChiomaAlberoA_01
v 1.413814 2.797856 57.939014
v 1.413814 2.197856 57.939014
v 1.413814 2.797856 58.339016
v 1.413814 2.197856 58.339016
v 1.413814 2.797856 58.739014
v 1.413814 2.197856 58.739014
v 1.013814 2.797856 58.339016
v 1.013814 2.197856 58.339016
v 1.413814 2.797856 58.339016
v 1.413814 2.197856 58.339016
v 1.813814 2.797856 58.339016
v 1.813814 2.197856 58.339016
s 1
f 5470 5471 5472
f 5473 5472 5471
f 5472 5473 5474
f 5475 5474 5473
f 5476 5477 5478
f 5479 5478 5477
f 5478 5479 5480
f 5481 5480 5479
o ChiomaAlberoA_02
v 3.138678 2.841553 50.177124
v 3.138678 2.241554 50.177124
v 3.138678 2.841553 50.577126
v 3.138678 2.241554 50.577126
v 3.138678 2.841553 50.977123
v 3.138678 2.241554 50.977123
v 2.738678 2.841553 50.577126
v 2.738678 2.241554 50.577126
v 3.138678 2.841553 50.577126
v 3.138678 2.241554 50.577126
v 3.538678 2.841553 50.577126
v 3.538678 2.241554 50.577126
s 1
f 5482 5483 5484
f 5485 5484 5483
f 5484 5485 5486
f 5487 5486 5485
f 5488 5489 5490
f 5491 5490 5489
f 5490 5491 5492
f 5493 5492 5491
o ChiomaAlberoA_03
v 4.018110 2.792742 64.821472
v 4.018110 2.192743 64.821472
v 4.018110 2.792742 65.221474
v 4.018110 2.192743 65.221474
v 4.018110 2.792742 65.621475
v 4.018110 2.192743 65.621475
v 3.618110 2.792742 65.221474
v 3.618110 2.192743 65.221474
v 4.018110 2.792742 65.221474
v 4.018110 2.192743 65.221474
v 4.418110 2.792742 65.221474
v 4.418110 2.192743 65.221474
s 1
f 5494 5495 5496
f 5497 5496 5495
f 5496 5497 5498
f 5499 5498 5497
f 5500 5501 5502
f 5503 5502 5501
f 5502 5503 5504
f 5505 5504 5503
o ChiomaAlberoA_04
v -49.545418 1.043776 101.415642
v -49.545418 0.443776 101.415642
v -49.692017 1.043776 101.787811
v -49.692017 0.443776 101.787811
v -49.838619 1.043776 102.159981
v -49.838619 0.443776 102.159981
v -50.064186 1.043776 101.641212
v -50.064186 0.443776 101.641212
v -49.692017 1.043776 101.787811
v -49.692017 0.443776 101.787811
v -49.319851 1.043776 101.934410
v -49.319851 0.443776 101.934410
s 1
f 5506 5507 5508
f 5509 5508 5507
f 5508 5509 5510
f 5511 5510 5509
f 5512 5513 5514
f 5515 5514 5513
f 5514 5515 5516
f 5517 5516 5515
o ChiomaAlberoA_05
v -50.324532 1.043776 102.919792
v -50.324532 0.443776 102.919792
v -50.542385 1.043776 103.255264
v -50.542385 0.443776 103.255264
v -50.760242 1.043776 103.590736
v -50.760242 0.443776 103.590736
v -50.877853 1.043776 103.037407
v -50.877853 0.443776 103.037407
v -50.542385 1.043776 103.255264
v -50.542385 0.443776 103.255264
v -50.206917 1.043776 103.473122
v -50.206917 0.443776 103.473122
s 1
f 5518 5519 5520
f 5521 5520 5519
f 5520 5521 5522
f 5523 5522 5521
f 5524 5525 5526
f 5527 5526 5525
f 5526 5527 5528
f 5529 5528 5527
o ChiomaAlberoA_06
v -49.413696 1.043776 99.137222
v -49.413696 0.443776 99.137222
v -49.560295 1.043776 99.509392
v -49.560295 0.443776 99.509392
v -49.706898 1.043776 99.881561
v -49.706898 0.443776 99.881561
v -49.932465 1.043776 99.362793
v -49.932465 0.443776 99.362793
v -49.560295 1.043776 99.509392
v -49.560295 0.443776 99.509392
v -49.188129 1.043776 99.655991
v -49.188129 0.443776 99.655991
s 1
f 5530 5531 5532
f 5533 5532 5531
f 5532 5533 5534
f 5535 5534 5533
f 5536 5537 5538
f 5539 5538 5537
f 5538 5539 5540
f 5541 5540 5539
o FilaAlberi05
v -39.971195 0.024166 81.953903
v -42.185104 0.024166 91.175507
v -42.185104 1.635377 91.175507
v -39.971195 1.635377 81.953903
s 0
f 5542 5543 5544
f 5545 5542 5544
o _TroncoAlberoA01
v 1.413602 1.699227 58.339077
v 1.413602 1.699227 58.322079
v 1.430602 1.699227 58.339077
v 1.396602 1.699227 58.339077
v 1.413602 1.699227 58.356075
v 1.413602 2.244227 58.322079
v 1.430602 2.244227 58.339077
v 1.396602 2.244227 58.339077
v 1.413602 2.244227 58.356075
v 1.413602 2.244227 58.339077
s 1
f 5546 5547 5548
f 5546 5549 5547
f 5546 5550 5549
f 5546 5548 5550
f 5548 5551 5552
f 5548 5547 5551
f 5547 5553 5551
f 5547 5549 5553
f 5549 5554 5553
f 5549 5550 5554
f 5550 5552 5554
f 5550 5548 5552
f 5555 5552 5551
f 5555 5551 5553
f 5555 5553 5554
f 5555 5554 5552
o _TroncoAlberoA02
v 3.138466 1.742925 50.577187
v 3.138466 1.742925 50.560184
v 3.155466 1.742925 50.577187
v 3.121466 1.742925 50.577187
v 3.138466 1.742925 50.594189
v 3.138466 2.287925 50.560184
v 3.155466 2.287925 50.577187
v 3.121466 2.287925 50.577187
v 3.138466 2.287925 50.594189
v 3.138466 2.287925 50.577187
s 1
f 5556 5557 5558
f 5556 5559 5557
f 5556 5560 5559
f 5556 5558 5560
f 5558 5561 5562
f 5558 5557 5561
f 5557 5563 5561
f 5557 5559 5563
f 5559 5564 5563
f 5559 5560 5564
f 5560 5562 5564
f 5560 5558 5562
f 5565 5562 5561
f 5565 5561 5563
f 5565 5563 5564
f 5565 5564 5562
o _TroncoAlberoA03
v 4.017898 1.694114 65.221535
v 4.017898 1.694114 65.204536
v 4.034898 1.694114 65.221535
v 4.000898 1.694114 65.221535
v 4.017898 1.694114 65.238533
v 4.017898 2.239114 65.204536
v 4.034898 2.239114 65.221535
v 4.000898 2.239114 65.221535
v 4.017898 2.239114 65.238533
v 4.017898 2.239114 65.221535
s 1
f 5566 5567 5568
f 5566 5569 5567
f 5566 5570 5569
f 5566 5568 5570
f 5568 5571 5572
f 5568 5567 5571
f 5567 5573 5571
f 5567 5569 5573
f 5569 5574 5573
f 5569 5570 5574
f 5570 5572 5574
f 5570 5568 5572
f 5575 5572 5571
f 5575 5571 5573
f 5575 5573 5574
f 5575 5574 5572
o _TroncoAlberoA04
v -49.692238 -0.054853 101.787788
v -49.686005 -0.054853 101.771973
v -49.676418 -0.054853 101.794022
v -49.708054 -0.054853 101.781555
v -49.698467 -0.054853 101.803604
v -49.686005 0.490147 101.771973
v -49.676418 0.490147 101.794022
v -49.708054 0.490147 101.781555
v -49.698467 0.490147 101.803604
v -49.692238 0.490147 101.787788
s 1
f 5576 5577 5578
f 5576 5579 5577
f 5576 5580 5579
f 5576 5578 5580
f 5578 5581 5582
f 5578 5577 5581
f 5577 5583 5581
f 5577 5579 5583
f 5579 5584 5583
f 5579 5580 5584
f 5580 5582 5584
f 5580 5578 5582
f 5585 5582 5581
f 5585 5581 5583
f 5585 5583 5584
f 5585 5584 5582
o _TroncoAlberoA05
v -50.542599 -0.054853 103.255203
v -50.533340 -0.054853 103.240944
v -50.528343 -0.054853 103.264458
v -50.556858 -0.054853 103.245949
v -50.551861 -0.054853 103.269463
v -50.533340 0.490147 103.240944
v -50.528343 0.490147 103.264458
v -50.556858 0.490147 103.245949
v -50.551861 0.490147 103.269463
v -50.542599 0.490147 103.255203
s 1
f 5586 5587 5588
f 5586 5589 5587
f 5586 5590 5589
f 5586 5588 5590
f 5588 5591 5592
f 5588 5587 5591
f 5587 5593 5591
f 5587 5589 5593
f 5589 5594 5593
f 5589 5590 5594
f 5590 5592 5594
f 5590 5588 5592
f 5595 5592 5591
f 5595 5591 5593
f 5595 5593 5594
f 5595 5594 5592
o _TroncoAlberoA06
v -49.560520 -0.054853 99.509369
v -49.554287 -0.054853 99.493553
v -49.544701 -0.054853 99.515602
v -49.576336 -0.054853 99.503136
v -49.566750 -0.054853 99.525185
v -49.554287 0.490147 99.493553
v -49.544701 0.490147 99.515602
v -49.576336 0.490147 99.503136
v -49.566750 0.490147 99.525185
v -49.560520 0.490147 99.509369
s 1
f 5596 5597 5598
f 5596 5599 5597
f 5596 5600 5599
f 5596 5598 5600
f 5598 5601 5602
f 5598 5597 5601
f 5597 5603 5601
f 5597 5599 5603
f 5599 5604 5603
f 5599 5600 5604
f 5600 5602 5604
f 5600 5598 5602
f 5605 5602 5601
f 5605 5601 5603
f 5605 5603 5604
f 5605 5604 5602
o grAiuolaAlbero03
v -49.454315 0.019550 99.512901
v -49.560970 0.019550 99.510109
v -49.461704 0.019550 99.549210
v -49.459793 0.019550 99.476250
v -49.477470 0.019550 99.443687
v -49.505222 0.019550 99.419136
v -49.539700 0.019550 99.405556
v -49.576740 0.019550 99.404587
v -49.611881 0.019550 99.416344
v -49.640877 0.019550 99.439407
v -49.660236 0.019550 99.471001
v -49.667625 0.019550 99.507309
v -49.662148 0.019550 99.543961
v -49.644470 0.019550 99.576523
v -49.616718 0.019550 99.601074
v -49.582241 0.019550 99.614655
v -49.545200 0.019550 99.615623
v -49.510059 0.019550 99.603867
v -49.481064 0.019550 99.580803
s 0
f 5606 5607 5608
f 5607 5606 5609
f 5610 5607 5609
f 5611 5607 5610
f 5612 5607 5611
f 5613 5607 5612
f 5614 5607 5613
f 5615 5607 5614
f 5616 5607 5615
f 5617 5607 5616
f 5618 5607 5617
f 5619 5607 5618
f 5620 5607 5619
f 5621 5607 5620
f 5622 5607 5621
f 5623 5607 5622
f 5624 5607 5623
f 5608 5607 5624
o grAiuolaAlbero04
v -49.585152 0.019550 101.789551
v -49.691807 0.019550 101.786758
v -49.592541 0.019550 101.825859
v -49.590630 0.019550 101.752899
v -49.608307 0.019550 101.720337
v -49.636059 0.019550 101.695786
v -49.670536 0.019550 101.682205
v -49.707577 0.019550 101.681236
v -49.742718 0.019550 101.692993
v -49.771713 0.019550 101.716057
v -49.791073 0.019550 101.747650
v -49.798462 0.019550 101.783958
v -49.792984 0.019550 101.820610
v -49.775307 0.019550 101.853172
v -49.747555 0.019550 101.877724
v -49.713078 0.019550 101.891304
v -49.676037 0.019550 101.892273
v -49.640896 0.019550 101.880516
v -49.611900 0.019550 101.857452
s 0
f 5625 5626 5627
f 5626 5625 5628
f 5629 5626 5628
f 5630 5626 5629
f 5631 5626 5630
f 5632 5626 5631
f 5633 5626 5632
f 5634 5626 5633
f 5635 5626 5634
f 5636 5626 5635
f 5637 5626 5636
f 5638 5626 5637
f 5639 5626 5638
f 5640 5626 5639
f 5641 5626 5640
f 5642 5626 5641
f 5643 5626 5642
f 5627 5626 5643
o grAiuolaAlbero05
v -50.438015 0.018532 103.278275
v -50.541973 0.018532 103.254280
v -50.452496 0.018532 103.312386
v -50.436077 0.018532 103.241280
v -50.446911 0.018532 103.205841
v -50.469212 0.018532 103.176254
v -50.500286 0.018532 103.156075
v -50.536388 0.018532 103.147736
v -50.573170 0.018532 103.152252
v -50.606182 0.018532 103.169075
v -50.631454 0.018532 103.196175
v -50.645931 0.018532 103.230278
v -50.647869 0.018532 103.267281
v -50.637035 0.018532 103.302719
v -50.614738 0.018532 103.332306
v -50.583660 0.018532 103.352486
v -50.547558 0.018532 103.360825
v -50.510780 0.018532 103.356308
v -50.477764 0.018532 103.339485
s 0
f 5644 5645 5646
f 5645 5644 5647
f 5648 5645 5647
f 5649 5645 5648
f 5650 5645 5649
f 5651 5645 5650
f 5652 5645 5651
f 5653 5645 5652
f 5654 5645 5653
f 5655 5645 5654
f 5656 5645 5655
f 5657 5645 5656
f 5658 5645 5657
f 5659 5645 5658
f 5660 5645 5659
f 5661 5645 5660
f 5662 5645 5661
f 5646 5645 5662
o Capanazz01
v 46.924465 0.000000 154.986328
v 52.147602 0.000000 154.986328
v 52.147602 2.089257 154.986328
v 46.924465 2.089257 154.986328
v 52.147602 0.000000 154.986328
v 52.147602 0.000000 149.763184
v 52.147602 2.089257 149.763184
v 52.147602 2.089257 154.986328
v 52.147602 0.000000 149.763184
v 46.924465 0.000000 149.763184
v 46.924465 2.089257 149.763184
v 52.147602 2.089257 149.763184
v 46.924465 0.000000 149.763184
v 46.924465 0.000000 154.986328
v 46.924465 2.089257 154.986328
v 46.924465 2.089257 149.763184
s 1
f 5663 5664 5665
f 5666 5663 5665
f 5667 5668 5669
f 5669 5670 5667
f 5671 5672 5673
f 5673 5674 5671
f 5675 5676 5677
f 5677 5678 5675
o Capanazz02
v -28.658710 0.021000 119.608818
v -16.056730 0.021000 119.608818
v -16.056730 1.221000 119.608818
v -28.658710 1.221000 119.608818
v -16.056730 0.021000 119.608818
v -16.056730 0.021000 116.908813
v -16.056730 1.221000 116.908813
v -16.056730 1.221000 119.608818
s 1
f 5679 5680 5681
f 5682 5679 5681
f 5683 5684 5685
f 5685 5686 5683
o Capanazz03
v -28.621794 0.000000 126.955040
v -16.634409 0.000000 126.955040
v -16.634409 1.149091 126.955040
v -28.621794 1.149091 126.955040
v -16.634409 0.000000 126.955040
v -16.634409 0.000000 121.949402
v -16.634409 1.149091 121.949402
v -16.634409 1.149091 126.955040
v -16.634409 0.000000 121.949402
v -28.621794 0.000000 121.949402
v -28.621794 1.149091 121.949402
v -16.634409 1.149091 121.949402
s 1
f 5687 5688 5689
f 5690 5687 5689
f 5691 5692 5693
f 5693 5694 5691
f 5695 5696 5697
f 5697 5698 5695
o Capanazz04
v -24.222679 0.021000 131.227921
v -24.222679 0.021000 125.942101
v -24.222679 4.167130 125.942101
v -24.222679 4.167130 131.227921
v -24.222679 0.021000 125.942101
v -26.103010 0.021000 125.942101
v -26.103010 4.167130 125.942101
v -24.222679 4.167130 125.942101
s 1
f 5699 5700 5701
f 5702 5699 5701
f 5703 5704 5705
f 5705 5706 5703
o Capanazz05
v -17.684202 0.021000 132.365341
v -17.684202 0.021000 130.328323
v -17.684202 1.117860 130.328323
v -17.684202 1.117860 132.365341
v -17.684202 0.021000 130.328323
v -27.347013 0.021000 130.328323
v -27.347013 1.117860 130.328323
v -17.684202 1.117860 130.328323
s 1
f 5707 5708 5709
f 5710 5707 5709
f 5711 5712 5713
f 5713 5714 5711
o Capanazz06
v -2.328874 0.000000 132.378006
v -18.136278 0.000000 132.378006
v -18.136278 0.600000 132.378006
v -2.328874 0.600000 132.378006
s 0
f 5715 5716 5717
f 5717 5718 5715
o Capanazz07
v -6.012508 0.021000 132.444748
v -6.012508 0.021000 129.031097
v -6.012508 1.128996 129.031097
v -6.012508 1.128996 132.444748
v -6.012508 0.021000 129.031097
v -11.798038 0.021000 129.031097
v -11.798038 1.128996 129.031097
v -6.012508 1.128996 129.031097
v -11.798038 0.021000 129.031097
v -11.798038 0.021000 132.444748
v -11.798038 1.128996 132.444748
v -11.798038 1.128996 129.031097
s 1
f 5719 5720 5721
f 5722 5719 5721
f 5723 5724 5725
f 5725 5726 5723
f 5727 5728 5729
f 5729 5730 5727
o Capanazz09
v -16.323544 0.000000 116.920280
v -15.885679 5.003682 117.292046
v -16.100317 5.003682 116.920280
v -15.997291 0.000000 117.485367
v -15.456404 5.003682 117.292046
v -15.344791 0.000000 117.485367
v -15.241764 5.003682 116.920280
v -15.018540 0.000000 116.920280
s 1
f 5731 5732 5733
f 5731 5734 5732
f 5734 5735 5732
f 5734 5736 5735
f 5736 5737 5735
f 5736 5738 5737
o Capanazz10
v -15.085282 0.021000 119.829544
v -1.508771 0.021000 119.829544
v -1.508771 0.961166 119.829544
v -15.085282 0.961166 119.829544
v -15.085282 0.021000 117.009033
v -15.085282 0.021000 119.829544
v -15.085282 0.961166 119.829544
v -15.085282 0.961166 117.009033
s 1
f 5739 5740 5741
f 5742 5739 5741
f 5743 5744 5745
f 5745 5746 5743
o Capanazz11
v -1.805853 0.021000 123.037392
v 2.320429 0.021000 123.037392
v 2.320429 2.005794 123.037392
v -1.805853 2.005794 123.037392
v 2.320429 0.021000 123.037392
v 2.320429 0.021000 118.314941
v 2.320429 2.005794 118.314941
v 2.320429 2.005794 123.037392
v -1.805853 0.021000 118.314941
v -1.805853 0.021000 123.037392
v -1.805853 2.005794 123.037392
v -1.805853 2.005794 118.314941
s 1
f 5747 5748 5749
f 5750 5747 5749
f 5751 5752 5753
f 5753 5754 5751
f 5755 5756 5757
f 5757 5758 5755
o Capanazz12
v -1.858085 0.021000 127.298744
v 2.477123 0.021000 127.298744
v 2.477123 1.535711 127.298744
v -1.858085 1.535711 127.298744
v 2.477123 0.021000 127.298744
v 2.477123 0.021000 123.015762
v 2.477123 1.535711 123.015762
v 2.477123 1.535711 127.298744
v 2.477123 0.021000 123.015762
v -1.858085 0.021000 123.015762
v -1.858085 1.535711 123.015762
v 2.477123 1.535711 123.015762
v -1.858085 0.021000 123.015762
v -1.858085 0.021000 127.298744
v -1.858085 1.535711 127.298744
v -1.858085 1.535711 123.015762
s 1
f 5759 5760 5761
f 5762 5759 5761
f 5763 5764 5765
f 5765 5766 5763
f 5767 5768 5769
f 5769 5770 5767
f 5771 5772 5773
f 5773 5774 5771
o Capanazz13
v 4.229928 0.021000 136.005005
v 4.229928 0.021000 129.763306
v 4.229928 1.904593 129.763306
v 4.229928 1.904593 136.005005
v 4.229928 0.021000 129.763306
v -2.344181 0.021000 129.763306
v -2.344181 1.904593 129.763306
v 4.229928 1.904593 129.763306
v -2.344181 0.021000 129.763306
v -2.344181 0.021000 136.005005
v -2.344181 1.904593 136.005005
v -2.344181 1.904593 129.763306
s 1
f 5775 5776 5777
f 5778 5775 5777
f 5779 5780 5781
f 5781 5782 5779
f 5783 5784 5785
f 5785 5786 5783
o Capanazz14
v -8.369345 0.021000 122.286690
v -5.392155 0.021000 122.286690
v -5.392155 2.423645 122.286690
v -8.369345 2.423645 122.286690
v -5.392155 0.021000 122.286690
v -5.392155 0.021000 119.779587
v -5.392155 2.423645 119.779587
v -5.392155 2.423645 122.286690
s 1
f 5787 5788 5789
f 5790 5787 5789
f 5791 5792 5793
f 5793 5794 5791
o Capanazz15
v 8.319025 0.021000 127.269867
v 13.855555 0.021000 127.269867
v 13.855555 1.901331 127.269867
v 8.319025 1.901331 127.269867
v 13.855555 0.021000 127.269867
v 13.855555 0.021000 123.430855
v 13.855555 1.901331 123.430855
v 13.855555 1.901331 127.269867
v 8.319025 0.021000 123.430855
v 8.319025 0.021000 127.269867
v 8.319025 1.901331 127.269867
v 8.319025 1.901331 123.430855
s 1
f 5795 5796 5797
f 5798 5795 5797
f 5799 5800 5801
f 5801 5802 5799
f 5803 5804 5805
f 5805 5806 5803
o Capanazz16
v -13.662384 0.021000 127.719437
v -7.282726 0.021000 127.719437
v -7.282726 3.677199 127.719437
v -13.662384 3.677199 127.719437
v -7.282726 0.021000 127.719437
v -7.282726 0.021000 122.281067
v -7.282726 3.677199 122.281067
v -7.282726 3.677199 127.719437
v -7.282726 0.021000 122.281067
v -13.662384 0.021000 122.281067
v -13.662384 3.677199 122.281067
v -7.282726 3.677199 122.281067
v -13.662384 0.021000 122.281067
v -13.662384 0.021000 127.719437
v -13.662384 3.677199 127.719437
v -13.662384 3.677199 122.281067
s 1
f 5807 5808 5809
f 5810 5807 5809
f 5811 5812 5813
f 5813 5814 5811
f 5815 5816 5817
f 5817 5818 5815
f 5819 5820 5821
f 5821 5822 5819
o Capanazz17
v 18.342457 0.021000 126.678482
v 23.043283 0.021000 126.678482
v 23.043283 2.528108 126.678482
v 18.342457 2.528108 126.678482
v 23.043283 0.021000 126.678482
v 23.043283 0.021000 123.753532
v 23.043283 2.528108 123.753532
v 23.043283 2.528108 126.678482
v 18.342457 0.021000 123.753532
v 18.342457 0.021000 126.678482
v 18.342457 2.528108 126.678482
v 18.342457 2.528108 123.753532
s 1
f 5823 5824 5825
f 5826 5823 5825
f 5827 5828 5829
f 5829 5830 5827
f 5831 5832 5833
f 5833 5834 5831
o Capanazz18
v 23.147743 0.021000 124.589233
v 29.937830 0.021000 124.589233
v 29.937830 3.677199 124.589233
v 23.147743 3.677199 124.589233
v 23.147743 0.021000 121.873222
v 23.147743 0.021000 124.589233
v 23.147743 3.677199 124.589233
v 23.147743 3.677199 121.873222
s 1
f 5835 5836 5837
f 5838 5835 5837
f 5839 5840 5841
f 5841 5842 5839
o Capanazz19
v 29.624441 0.021000 127.641411
v 34.791447 0.021000 127.641411
v 34.791447 2.737034 127.641411
v 29.624441 2.737034 127.641411
v 34.791447 0.021000 127.641411
v 34.791447 0.021000 123.440140
v 34.791447 2.737034 123.440140
v 34.791447 2.737034 127.641411
v 29.624441 0.021000 123.440140
v 29.624441 0.021000 127.641411
v 29.624441 2.737034 127.641411
v 29.624441 2.737034 123.440140
s 1
f 5843 5844 5845
f 5846 5843 5845
f 5847 5848 5849
f 5849 5850 5847
f 5851 5852 5853
f 5853 5854 5851
o Capanazz20
v 27.105387 0.021000 133.468002
v 32.139187 0.021000 133.468002
v 32.139187 4.518125 133.468002
v 27.105387 4.518125 133.468002
v 32.139187 0.021000 133.468002
v 32.139187 0.021000 130.125168
v 32.139187 4.518125 130.125168
v 32.139187 4.518125 133.468002
v 32.139187 0.021000 130.125168
v 27.105387 0.021000 130.125168
v 27.105387 4.518125 130.125168
v 32.139187 4.518125 130.125168
v 27.105387 0.021000 130.125168
v 27.105387 0.021000 133.468002
v 27.105387 4.518125 133.468002
v 27.105387 4.518125 130.125168
s 1
f 5855 5856 5857
f 5858 5855 5857
f 5859 5860 5861
f 5861 5862 5859
f 5863 5864 5865
f 5865 5866 5863
f 5867 5868 5869
f 5869 5870 5867
o Capanazz21
v 24.397192 0.021000 137.976425
v 27.130249 0.021000 137.976425
v 27.130249 1.480478 137.976410
v 24.397192 1.480478 137.976425
v 27.130249 0.021000 137.976425
v 27.130249 0.021000 129.671265
v 27.130249 1.480478 129.671265
v 27.130249 1.480478 137.976410
v 27.130249 0.021000 129.671265
v 24.397192 0.021000 129.671265
v 24.397192 1.480478 129.671265
v 27.130249 1.480478 129.671265
v 24.397192 0.021000 129.671265
v 24.397192 0.021000 137.976425
v 24.397192 1.480478 137.976425
v 24.397192 1.480478 129.671265
s 1
f 5871 5872 5873
f 5874 5871 5873
f 5875 5876 5877
f 5877 5878 5875
f 5879 5880 5881
f 5881 5882 5879
f 5883 5884 5885
f 5885 5886 5883
o Capanazz22
v 24.397196 0.021000 130.896683
v 13.982037 0.021000 130.896683
v 13.982037 1.200710 130.896683
v 24.397196 1.200710 130.896683
s 0
f 5887 5888 5889
f 5889 5890 5887
o Capanazz23
v 13.906250 0.021000 134.227005
v 13.906250 0.021000 129.868896
v 13.906250 2.163125 129.868896
v 13.906250 2.163125 134.227005
v 13.906250 0.021000 129.868896
v 8.329339 0.021000 129.868896
v 8.329339 2.163125 129.868896
v 13.906250 2.163125 129.868896
v 8.329339 0.021000 129.868896
v 8.329339 0.021000 134.227005
v 8.329339 2.163125 134.227005
v 8.329339 2.163125 129.868896
s 1
f 5891 5892 5893
f 5894 5891 5893
f 5895 5896 5897
f 5897 5898 5895
f 5899 5900 5901
f 5901 5902 5899
o Capanazz24
v 35.090191 0.021000 138.036926
v 42.159981 0.021000 138.036926
v 42.159981 2.266951 138.036926
v 35.090191 2.266951 138.036926
v 42.159981 0.021000 138.036926
v 42.159981 0.021000 129.018723
v 42.159981 2.266951 129.018723
v 42.159981 2.266951 138.036926
v 42.159981 0.021000 129.018723
v 35.090191 0.021000 129.018723
v 35.090191 2.266951 129.018723
v 42.159981 2.266951 129.018723
v 35.090191 0.021000 129.018723
v 35.090191 0.021000 138.036926
v 35.090191 2.266951 138.036926
v 35.090191 2.266951 129.018723
s 1
f 5903 5904 5905
f 5906 5903 5905
f 5907 5908 5909
f 5909 5910 5907
f 5911 5912 5913
f 5913 5914 5911
f 5915 5916 5917
f 5917 5918 5915
o Capanazz25
v 13.834305 0.021000 126.169243
v 18.266287 0.021000 126.169243
v 18.266287 4.600715 126.169243
v 13.834305 4.600715 126.169243
v 13.834305 0.021000 123.362305
v 13.834305 0.021000 126.169243
v 13.834305 4.600715 126.169243
v 13.834305 4.600715 123.362305
s 1
f 5919 5920 5921
f 5922 5919 5921
f 5923 5924 5925
f 5925 5926 5923
o Capanazz26
v -8.611423 0.021000 119.779587
v -8.611423 0.021000 122.286690
v -8.611423 2.423645 122.286690
v -8.611423 2.423645 119.779587
s 0
f 5927 5928 5929
f 5930 5927 5929
o CasazzA01
v -43.464001 1.025783 89.555954
v -43.464001 1.025783 90.614594
v -43.190468 1.450520 90.614594
v -43.190468 1.450520 89.555954
v -43.464001 -0.000281 89.555954
v -43.464001 -0.000281 90.614594
v -43.190468 -0.000281 90.614594
v -43.190468 -0.000281 89.555954
v -42.212036 0.000000 90.614594
v -42.212036 1.450125 90.614594
v -42.212036 1.450125 89.555954
v -42.212036 0.000000 89.555954
s 1
f 5931 5932 5933
f 5934 5931 5933
f 5935 5936 5932
f 5932 5931 5935
f 5936 5937 5933
f 5933 5932 5936
f 5935 5931 5938
f 5931 5934 5938
f 5939 5940 5933
f 5933 5937 5939
s 0
f 5941 5942 5938
s 1
f 5938 5934 5941
o CasazzA02
v -45.358402 -0.000281 97.279556
v -45.211433 -0.000281 97.510246
v -46.104279 -0.000281 98.079056
v -46.251247 -0.000281 97.848358
v -45.358402 1.025783 97.279556
v -46.251247 1.025783 97.848358
v -46.104279 1.450520 98.079056
v -45.211433 1.450520 97.510246
v -45.578571 0.000000 98.904259
v -45.578571 1.450125 98.904259
v -44.685722 1.450125 98.335449
v -44.685722 0.000000 98.335449
s 1
f 5943 5944 5945
f 5946 5943 5945
f 5947 5948 5949
f 5949 5950 5947
f 5943 5946 5948
f 5947 5943 5948
f 5946 5945 5949
f 5949 5948 5946
f 5944 5943 5947
f 5947 5950 5944
f 5951 5952 5949
f 5949 5945 5951
f 5953 5954 5944
f 5944 5950 5953
o CasazzA03
v -43.917099 1.025783 94.850433
v -44.217770 1.025783 95.865479
v -43.955502 1.450520 95.943169
v -43.654831 1.450520 94.928123
v -43.917099 -0.000281 94.850433
v -44.217770 -0.000281 95.865479
v -43.955502 -0.000281 95.943169
v -43.654831 -0.000281 94.928123
v -43.017361 0.000000 96.221054
v -43.017361 1.450125 96.221054
v -42.716694 1.450125 95.206009
v -42.716694 0.000000 95.206009
s 1
f 5955 5956 5957
f 5958 5955 5957
f 5959 5960 5956
f 5956 5955 5959
f 5960 5961 5957
f 5957 5956 5960
f 5959 5955 5962
f 5955 5958 5962
f 5963 5964 5957
f 5957 5961 5963
s 0
f 5965 5966 5962
s 1
f 5962 5958 5965
o CasazzA04
v -44.576099 0.807703 97.010269
v -45.117458 0.807703 97.644127
v -44.953686 1.142142 97.784004
v -44.412323 1.142142 97.150146
v -44.576099 -0.000221 97.010269
v -45.117458 -0.000221 97.644127
v -44.412323 -0.000221 97.150146
v -43.826492 1.141830 97.650497
v -43.826492 0.000000 97.650497
s 1
f 5967 5968 5969
f 5970 5967 5969
f 5971 5972 5968
f 5968 5967 5971
f 5971 5967 5973
f 5967 5970 5973
s 0
f 5974 5975 5973
s 1
f 5973 5970 5974
o CasazzA05
v -44.573029 -0.000281 104.758118
v -44.318531 -0.000281 104.657875
v -43.930538 -0.000281 105.642845
v -44.185040 -0.000281 105.743095
v -44.573029 1.025783 104.758118
v -44.185040 1.025783 105.743095
v -43.930538 1.450520 105.642845
v -44.318531 1.450520 104.657875
v -43.020191 0.000000 105.284256
v -43.020191 1.450125 105.284256
v -43.408184 1.450125 104.299271
v -43.408184 0.000000 104.299271
s 1
f 5976 5977 5978
f 5979 5976 5978
f 5980 5981 5982
f 5982 5983 5980
f 5976 5979 5981
f 5980 5976 5981
f 5979 5978 5982
f 5982 5981 5979
f 5977 5976 5980
f 5980 5983 5977
f 5984 5985 5982
f 5982 5978 5984
f 5986 5987 5977
f 5977 5983 5986
o CasazzA06
v -47.166237 -0.000281 106.806168
v -46.892704 -0.000281 106.806168
v -46.892704 -0.000281 108.043999
v -47.166237 -0.000281 108.043999
v -47.166237 1.025783 106.806168
v -47.166237 1.025783 108.043999
v -46.892704 1.450520 108.043999
v -46.892704 1.450520 106.806168
v -45.914272 0.000000 108.043999
v -45.914272 1.450125 108.043999
v -45.914272 1.450125 106.806168
v -45.914272 0.000000 106.806168
s 1
f 5988 5989 5990
f 5991 5988 5990
f 5992 5993 5994
f 5994 5995 5992
f 5988 5991 5993
f 5992 5988 5993
f 5991 5990 5994
f 5994 5993 5991
f 5989 5988 5992
f 5992 5995 5989
f 5996 5997 5994
f 5994 5990 5996
f 5998 5999 5989
f 5989 5995 5998
o CasazzA07
v -48.474171 1.025783 109.146622
v -48.474171 1.025783 108.087982
v -48.747704 1.450520 108.087982
v -48.747704 1.450520 109.146622
v -48.474171 -0.000281 109.146622
v -48.474171 -0.000281 108.087982
v -48.747704 -0.000281 108.087982
v -48.747704 -0.000281 109.146622
v -49.726131 0.000000 108.087982
v -49.726131 1.450125 108.087982
v -49.726131 1.450125 109.146622
v -49.726131 0.000000 109.146622
s 1
f 6000 6001 6002
f 6003 6000 6002
f 6004 6005 6001
f 6001 6000 6004
f 6005 6006 6002
f 6002 6001 6005
f 6004 6000 6007
f 6000 6003 6007
f 6008 6009 6002
f 6002 6006 6008
s 0
f 6010 6011 6007
s 1
f 6007 6003 6010
o CasazzA08
v -53.920891 -0.000281 110.138992
v -53.920891 -0.000281 109.865456
v -52.862247 -0.000281 109.865456
v -52.862247 -0.000281 110.138992
v -53.920891 1.025783 110.138992
v -52.862247 1.025783 110.138992
v -52.862247 1.450520 109.865456
v -53.920891 1.450520 109.865456
v -52.862247 0.000000 108.887024
v -52.862247 1.450125 108.887024
v -53.920891 1.450125 108.887024
v -53.920891 0.000000 108.887024
s 1
f 6012 6013 6014
f 6015 6012 6014
f 6016 6017 6018
f 6018 6019 6016
f 6012 6015 6017
f 6016 6012 6017
f 6015 6014 6018
f 6018 6017 6015
f 6013 6012 6016
f 6016 6019 6013
f 6020 6021 6018
f 6018 6014 6020
f 6022 6023 6013
f 6013 6019 6022
o CasazzA09
v -55.243988 1.025783 111.509087
v -54.838863 1.025783 110.531029
v -55.091572 1.450520 110.426353
v -55.496700 1.450520 111.404411
v -55.243988 -0.000281 111.509087
v -54.838863 -0.000281 110.531029
v -55.091572 -0.000281 110.426353
v -55.496700 -0.000281 111.404411
v -55.995525 0.000000 110.051933
v -55.995525 1.450125 110.051933
v -56.400646 1.450125 111.029984
v -56.400646 0.000000 111.029984
s 1
f 6024 6025 6026
f 6027 6024 6026
f 6028 6029 6025
f 6025 6024 6028
f 6029 6030 6026
f 6026 6025 6029
f 6028 6024 6031
f 6024 6027 6031
f 6032 6033 6026
f 6026 6030 6032
s 0
f 6034 6035 6031
s 1
f 6031 6027 6034
o CasazzA11
v -51.455906 -0.000281 100.743355
v -51.729435 -0.000281 100.743355
v -51.729435 -0.000281 99.684715
v -51.455906 -0.000281 99.684715
v -51.455906 1.025783 100.743355
v -51.455906 1.025783 99.684715
v -51.729435 1.450520 99.684715
v -51.729435 1.450520 100.743355
v -52.707867 0.000000 99.684715
v -52.707867 1.450125 99.684715
v -52.707867 1.450125 100.743355
v -52.707867 0.000000 100.743355
s 1
f 6036 6037 6038
f 6039 6036 6038
f 6040 6041 6042
f 6042 6043 6040
f 6036 6039 6041
f 6040 6036 6041
f 6039 6038 6042
f 6042 6041 6039
f 6037 6036 6040
f 6040 6043 6037
f 6044 6045 6042
f 6042 6038 6044
f 6046 6047 6037
f 6037 6043 6046
o CasazzA12
v -51.770882 1.450520 98.066452
v -51.593239 1.025782 98.274445
v -50.788242 1.025782 97.586914
v -50.965889 1.450520 97.378922
v -51.593239 -0.000281 98.274445
v -50.788242 -0.000281 97.586914
v -51.770882 -0.000281 98.066452
v -50.965889 -0.000281 97.378922
v -52.406322 1.450124 97.322449
v -52.406322 0.000000 97.322449
v -51.601326 0.000000 96.634918
v -51.601326 1.450124 96.634918
s 1
f 6048 6049 6050
f 6051 6048 6050
f 6049 6052 6053
f 6053 6050 6049
f 6048 6054 6052
f 6049 6048 6052
f 6050 6053 6055
f 6055 6051 6050
f 6048 6056 6057
f 6054 6048 6057
s 0
f 6055 6058 6059
s 1
f 6059 6051 6055
o CasazzA13
v -49.674232 1.450520 96.774948
v -49.626732 1.025782 97.044327
v -48.584175 1.025782 96.860497
v -48.631676 1.450520 96.591118
v -49.626732 -0.000281 97.044327
v -48.584175 -0.000281 96.860497
v -49.674232 -0.000281 96.774948
v -48.631676 -0.000281 96.591118
v -49.844135 1.450124 95.811378
v -49.844135 0.000000 95.811386
v -48.801579 0.000000 95.627556
v -48.801579 1.450124 95.627556
s 1
f 6060 6061 6062
f 6063 6060 6062
f 6061 6064 6065
f 6065 6062 6061
f 6060 6066 6064
f 6061 6060 6064
f 6062 6065 6067
f 6067 6063 6062
f 6060 6068 6069
f 6066 6060 6069
s 0
f 6067 6070 6071
s 1
f 6071 6063 6067
o CasazzA14
v -45.246803 1.025783 92.590393
v -45.246803 1.025783 91.531754
v -45.520336 1.450520 91.531754
v -45.520336 1.450520 92.590393
v -45.246803 -0.000281 92.590393
v -45.246803 -0.000281 91.531754
v -45.520336 -0.000281 91.531754
v -45.520336 -0.000281 92.590393
v -46.498764 0.000000 91.531754
v -46.498764 1.450125 91.531754
v -46.498764 1.450125 92.590393
v -46.498764 0.000000 92.590393
s 1
f 6072 6073 6074
f 6075 6072 6074
f 6076 6077 6073
f 6073 6072 6076
f 6077 6078 6074
f 6074 6073 6077
f 6076 6072 6079
f 6072 6075 6079
f 6080 6081 6074
f 6074 6078 6080
s 0
f 6082 6083 6079
s 1
f 6079 6075 6082
o CasazzA15
v -50.950714 1.025783 105.320251
v -49.892078 1.025783 105.320251
v -49.892075 1.450323 105.045670
v -50.950714 1.450323 105.045670
v -50.950714 -0.000281 105.320251
v -49.892078 -0.000281 105.320251
v -50.950714 -0.000140 105.045670
v -49.892075 1.025783 103.792656
v -50.950714 1.025783 103.792656
v -50.950714 1.450520 104.066185
v -49.892075 1.450520 104.066185
v -49.892075 -0.000281 103.792656
v -50.950714 -0.000281 103.792656
v -50.950714 -0.000281 104.066185
v -49.892075 -0.000281 104.066185
v -50.950714 -0.000140 105.045670
v -50.950714 1.450323 105.045670
v -49.892075 1.450323 105.045670
v -49.892075 -0.000140 105.045670
s 1
f 6084 6085 6086
f 6087 6084 6086
f 6088 6089 6085
f 6085 6084 6088
f 6088 6084 6090
f 6084 6087 6090
f 6091 6092 6093
f 6093 6094 6091
f 6095 6096 6092
f 6092 6091 6095
f 6096 6097 6093
f 6093 6092 6096
f 6098 6095 6091
f 6091 6094 6098
f 6099 6100 6093
f 6093 6097 6099
f 6101 6102 6098
f 6098 6094 6101
o CasazzA16
v -53.582783 -0.000281 105.344254
v -53.582783 -0.000281 105.070724
v -52.524139 -0.000281 105.070724
v -52.524139 -0.000281 105.344254
v -53.582783 1.025783 105.344254
v -52.524139 1.025783 105.344254
v -52.524139 1.450520 105.070724
v -53.582783 1.450520 105.070724
v -52.524139 0.000000 104.092293
v -52.524139 1.450125 104.092293
v -53.582783 1.450125 104.092293
v -53.582783 0.000000 104.092293
s 1
f 6103 6104 6105
f 6106 6103 6105
f 6107 6108 6109
f 6109 6110 6107
f 6103 6106 6108
f 6107 6103 6108
f 6106 6105 6109
f 6109 6108 6106
f 6104 6103 6107
f 6107 6110 6104
f 6111 6112 6109
f 6109 6105 6111
f 6113 6114 6104
f 6104 6110 6113
o CasazzA17
v -45.243450 1.025783 132.309860
v -45.243450 1.025783 131.255188
v -45.516983 1.450520 131.255188
v -45.516983 1.450520 132.309860
v -45.243450 -0.000281 132.309860
v -45.243450 -0.000281 131.255188
v -45.516983 -0.000281 131.255188
v -45.516983 -0.000281 132.309860
v -46.495415 0.000000 131.255188
v -46.495415 1.450125 131.255188
v -46.495415 1.450125 132.309860
v -46.495415 0.000000 132.309860
s 1
f 6115 6116 6117
f 6118 6115 6117
f 6119 6120 6116
f 6116 6115 6119
f 6120 6121 6117
f 6117 6116 6120
f 6119 6115 6122
f 6115 6118 6122
f 6123 6124 6117
f 6117 6121 6123
s 0
f 6125 6126 6122
s 1
f 6122 6118 6125
o CasazzA18
v -45.243450 1.025783 134.671661
v -45.243450 1.025783 133.616989
v -45.516983 1.450520 133.616989
v -45.516983 1.450520 134.671661
v -45.243450 -0.000281 134.671661
v -45.243450 -0.000281 133.616989
v -45.516983 -0.000281 133.616989
v -45.516983 -0.000281 134.671661
v -46.495415 0.000000 133.616989
v -46.495415 1.450125 133.616989
v -46.495415 1.450125 134.671661
v -46.495415 0.000000 134.671661
s 1
f 6127 6128 6129
f 6130 6127 6129
f 6131 6132 6128
f 6128 6127 6131
f 6132 6133 6129
f 6129 6128 6132
f 6131 6127 6134
f 6127 6130 6134
f 6135 6136 6129
f 6129 6133 6135
s 0
f 6137 6138 6134
s 1
f 6134 6130 6137
o CasazzA19
v -43.845848 1.025783 139.516785
v -43.845848 1.025783 140.575424
v -43.572315 1.450520 140.575424
v -43.572315 1.450520 139.516785
v -43.845848 -0.000281 139.516785
v -43.845848 -0.000281 140.575424
v -43.572315 -0.000281 140.575424
v -43.572315 -0.000281 139.516785
v -42.593884 0.000000 140.575424
v -42.593884 1.450125 140.575424
v -42.593884 1.450125 139.516785
v -42.593884 0.000000 139.516785
s 1
f 6139 6140 6141
f 6142 6139 6141
f 6143 6144 6140
f 6140 6139 6143
f 6144 6145 6141
f 6141 6140 6144
f 6143 6139 6146
f 6139 6142 6146
f 6147 6148 6141
f 6141 6145 6147
s 0
f 6149 6150 6146
s 1
f 6146 6142 6149
o CasazzA20
v -43.817177 1.025783 142.526428
v -43.817177 1.025783 143.668198
v -43.543644 1.450520 143.668198
v -43.543644 1.450520 142.526428
v -43.817177 -0.000281 142.526428
v -43.817177 -0.000281 143.668198
v -43.543644 -0.000281 142.526428
v -42.565212 1.450125 142.526428
v -42.565212 0.000000 142.526428
s 1
f 6151 6152 6153
f 6154 6151 6153
f 6155 6156 6152
f 6152 6151 6155
f 6155 6151 6157
f 6151 6154 6157
s 0
f 6158 6159 6157
s 1
f 6157 6154 6158
o CasazzA21
v -45.421368 1.025783 141.452072
v -45.421368 1.025783 140.279968
v -45.694901 1.450520 140.279968
v -45.694901 1.450520 141.452072
v -45.421368 -0.000281 141.452072
v -45.421368 -0.000281 140.279968
v -45.694901 -0.000281 140.279968
v -45.694901 -0.000281 141.452072
v -46.673332 0.000000 140.279968
v -46.673332 1.450125 140.279968
v -46.673332 1.450125 141.452072
v -46.673332 0.000000 141.452072
s 1
f 6160 6161 6162
f 6163 6160 6162
f 6164 6165 6161
f 6161 6160 6164
f 6165 6166 6162
f 6162 6161 6165
f 6164 6160 6167
f 6160 6163 6167
f 6168 6169 6162
f 6162 6166 6168
s 0
f 6170 6171 6167
s 1
f 6167 6163 6170
o CasazzA22
v -47.396900 1.025783 129.524170
v -48.451580 1.025783 129.524170
v -48.451580 1.450520 129.797699
v -47.396900 1.450520 129.797699
v -47.396900 -0.000281 129.524170
v -48.451580 -0.000281 129.524170
v -48.451580 -0.000281 129.797699
v -47.396900 -0.000281 129.797699
v -48.451580 0.000000 130.776123
v -48.451580 1.450125 130.776123
v -47.396900 1.450125 130.776123
v -47.396900 0.000000 130.776123
s 1
f 6172 6173 6174
f 6175 6172 6174
f 6176 6177 6173
f 6173 6172 6176
f 6177 6178 6174
f 6174 6173 6177
f 6176 6172 6179
f 6172 6175 6179
f 6180 6181 6174
f 6174 6178 6180
s 0
f 6182 6183 6179
s 1
f 6179 6175 6182
o CasazzA23
v -49.748631 1.025783 129.524170
v -50.803310 1.025783 129.524170
v -50.803310 1.450520 129.797699
v -49.748631 1.450520 129.797699
v -49.748631 -0.000281 129.524170
v -50.803310 -0.000281 129.524170
v -50.803310 -0.000281 129.797699
v -49.748631 -0.000281 129.797699
v -50.803310 0.000000 130.776123
v -50.803310 1.450125 130.776123
v -49.748631 1.450125 130.776123
v -49.748631 0.000000 130.776123
s 1
f 6184 6185 6186
f 6187 6184 6186
f 6188 6189 6185
f 6185 6184 6188
f 6189 6190 6186
f 6186 6185 6189
f 6188 6184 6191
f 6184 6187 6191
f 6192 6193 6186
f 6186 6190 6192
s 0
f 6194 6195 6191
s 1
f 6191 6187 6194
o CasazzA24
v -55.306973 1.025783 114.655022
v -55.306973 1.025783 113.430199
v -55.580502 1.450520 113.430199
v -55.580502 1.450520 114.655022
v -55.306973 -0.000281 114.655022
v -55.306973 -0.000281 113.430199
v -55.580502 -0.000281 113.430199
v -56.558933 0.000000 113.430199
v -56.558933 1.450125 113.430199
s 1
f 6196 6197 6198
f 6199 6196 6198
f 6200 6201 6197
f 6197 6196 6200
f 6201 6202 6198
f 6198 6197 6201
f 6203 6204 6198
f 6198 6202 6203
o CasazzA25
v -55.369209 -0.000281 128.586197
v -55.642738 -0.000281 128.586197
v -55.642738 -0.000281 127.361382
v -55.369209 -0.000281 127.361382
v -55.369209 1.025783 128.586197
v -55.369209 1.025783 127.361382
v -55.642738 1.450520 127.361382
v -55.642738 1.450520 128.586197
v -56.621166 0.000000 127.361382
v -56.621166 1.450125 127.361382
v -56.621166 1.450125 128.586197
v -56.621166 0.000000 128.586197
s 1
f 6205 6206 6207
f 6208 6205 6207
f 6209 6210 6211
f 6211 6212 6209
f 6205 6208 6210
f 6209 6205 6210
f 6208 6207 6211
f 6211 6210 6208
f 6206 6205 6209
f 6209 6212 6206
f 6213 6214 6211
f 6211 6207 6213
f 6215 6216 6206
f 6206 6212 6215
o CasazzA26
v -53.942543 -0.000281 129.970291
v -54.073063 -0.000281 130.210678
v -55.003414 -0.000281 129.705536
v -54.872898 -0.000281 129.465149
v -53.942543 1.025783 129.970291
v -54.872898 1.025783 129.465149
v -55.003414 1.450520 129.705536
v -54.073063 1.450520 130.210678
v -55.470280 0.000000 130.565399
v -55.470280 1.450125 130.565399
v -54.539932 1.450125 131.070541
v -54.539932 0.000000 131.070541
s 1
f 6217 6218 6219
f 6220 6217 6219
f 6221 6222 6223
f 6223 6224 6221
f 6217 6220 6222
f 6221 6217 6222
f 6220 6219 6223
f 6223 6222 6220
f 6218 6217 6221
f 6221 6224 6218
f 6225 6226 6223
f 6223 6219 6225
f 6227 6228 6218
f 6218 6224 6227
o CasazzB03
v -50.013058 0.001354 100.021873
v -50.013058 0.001354 101.247604
v -50.013058 1.019399 101.247604
v -50.013058 1.260966 100.793411
v -50.013058 1.565528 100.611938
v -50.013058 1.260034 100.411331
v -50.013058 1.023843 100.021873
v -48.964489 0.001354 101.247604
v -48.964489 1.019399 101.247604
v -50.013058 1.019399 101.247604
v -50.013058 0.001354 101.247604
v -48.964489 1.260966 100.793411
v -48.964489 1.565528 100.611938
v -48.964489 1.260034 100.411331
v -48.964489 1.019399 101.247604
v -48.964489 1.023843 100.021873
v -48.964489 0.001354 100.021873
v -50.013058 0.001354 100.021873
v -48.964489 1.023843 100.021873
v -50.013058 1.023843 100.021873
s 1
f 6229 6230 6231
f 6232 6233 6234
f 6231 6232 6234
f 6229 6231 6234
f 6229 6234 6235
f 6236 6237 6238
f 6238 6239 6236
f 6240 6241 6233
f 6233 6232 6240
f 6241 6242 6234
f 6234 6233 6241
f 6243 6240 6232
f 6232 6231 6243
f 6242 6244 6235
f 6235 6234 6242
f 6245 6246 6247
f 6246 6248 6247
o CasazzB04
v -46.218704 0.001354 97.917877
v -47.390877 0.001354 98.276245
v -47.390877 1.019399 98.276245
v -46.956524 1.260966 98.143456
v -46.782986 1.565528 98.090393
v -46.591141 1.260034 98.031746
v -46.218704 1.023843 97.917877
v -47.084301 0.001354 99.278999
v -47.084301 1.019399 99.278999
v -47.390877 1.019399 98.276245
v -47.390877 0.001354 98.276245
v -46.649952 1.260966 99.146202
v -46.476414 1.565528 99.093147
v -46.284573 1.260034 99.034492
v -47.084301 1.019399 99.278999
v -45.912136 1.023843 98.920631
v -45.912136 0.001354 98.920631
v -46.218704 0.001354 97.917877
v -45.912136 1.023843 98.920631
v -46.218704 1.023843 97.917877
s 1
f 6249 6250 6251
f 6252 6253 6254
f 6251 6252 6254
f 6249 6251 6254
f 6249 6254 6255
f 6256 6257 6258
f 6258 6259 6256
f 6260 6261 6253
f 6253 6252 6260
f 6261 6262 6254
f 6254 6253 6261
f 6263 6260 6252
f 6252 6251 6263
f 6262 6264 6255
f 6255 6254 6262
f 6265 6266 6267
f 6266 6268 6267
o CasazzB05
v -43.226269 0.001354 90.610382
v -43.226269 0.001354 91.836113
v -43.226269 1.019399 91.836113
v -43.226269 1.260966 91.381920
v -43.226269 1.565528 91.200447
v -43.226269 1.260034 90.999840
v -43.226269 1.023843 90.610382
v -42.177700 0.001354 91.836113
v -42.177700 1.019399 91.836113
v -43.226269 1.019399 91.836113
v -43.226269 0.001354 91.836113
v -42.177700 1.260966 91.381920
v -42.177700 1.565528 91.200447
v -42.177700 1.260034 90.999840
v -42.177700 1.019399 91.836113
v -42.177700 1.023843 90.610382
s 1
f 6269 6270 6271
f 6272 6273 6274
f 6271 6272 6274
f 6269 6271 6274
f 6269 6274 6275
f 6276 6277 6278
f 6278 6279 6276
f 6280 6281 6273
f 6273 6272 6280
f 6281 6282 6274
f 6274 6273 6281
f 6283 6280 6272
f 6272 6271 6283
f 6282 6284 6275
f 6275 6274 6282
o CasazzB06
v -46.309639 0.001354 103.196831
v -45.281658 0.001354 103.864403
v -45.281658 1.019399 103.864403
v -45.662579 1.260966 103.617027
v -45.814770 1.565528 103.518204
v -45.983013 1.260034 103.408936
v -46.309639 1.023843 103.196831
v -44.710567 0.001354 102.985001
v -44.710567 1.019399 102.985001
v -45.281658 1.019399 103.864403
v -45.281658 0.001354 103.864403
v -45.091488 1.260966 102.737625
v -45.243679 1.565528 102.638794
v -45.411922 1.260034 102.529533
v -44.710567 1.019399 102.985001
v -45.738548 1.023843 102.317421
v -45.738548 0.001354 102.317421
v -46.309639 0.001354 103.196831
v -45.738548 1.023843 102.317421
v -46.309639 1.023843 103.196831
s 1
f 6285 6286 6287
f 6288 6289 6290
f 6287 6288 6290
f 6285 6287 6290
f 6285 6290 6291
f 6292 6293 6294
f 6294 6295 6292
f 6296 6297 6289
f 6289 6288 6296
f 6297 6298 6290
f 6290 6289 6297
f 6299 6296 6288
f 6288 6287 6299
f 6298 6300 6291
f 6291 6290 6298
f 6301 6302 6303
f 6302 6304 6303
o CasazzB07
v -45.374214 0.001354 107.986900
v -45.374214 0.001354 106.761185
v -45.374214 1.019399 106.761185
v -45.374214 1.260966 107.215385
v -45.374214 1.565528 107.396843
v -45.374214 1.260034 107.597450
v -45.374214 1.023843 107.986900
v -46.422783 0.001354 106.761185
v -46.422783 1.019399 106.761185
v -45.374214 1.019399 106.761185
v -45.374214 0.001354 106.761185
v -46.422783 1.260966 107.215385
v -46.422783 1.565528 107.396843
v -46.422783 1.260034 107.597450
v -46.422783 1.019399 106.761185
v -46.422783 1.023843 107.986900
v -46.422783 0.001354 107.986900
v -45.374214 0.001354 107.986900
v -46.422783 1.023843 107.986900
v -45.374214 1.023843 107.986900
s 1
f 6305 6306 6307
f 6308 6309 6310
f 6307 6308 6310
f 6305 6307 6310
f 6305 6310 6311
f 6312 6313 6314
f 6314 6315 6312
f 6316 6317 6309
f 6309 6308 6316
f 6317 6318 6310
f 6310 6309 6317
f 6319 6316 6308
f 6308 6307 6319
f 6318 6320 6311
f 6311 6310 6318
f 6321 6322 6323
f 6322 6324 6323
o CasazzB08
v -50.907600 0.001354 110.108086
v -49.681870 0.001354 110.108086
v -49.681870 1.019399 110.108086
v -50.136066 1.260966 110.108086
v -50.317535 1.565528 110.108086
v -50.518147 1.260034 110.108086
v -50.907600 1.023843 110.108086
v -49.681870 0.001354 109.059509
v -49.681870 1.019399 109.059509
v -49.681870 1.019399 110.108086
v -49.681870 0.001354 110.108086
v -50.136066 1.260966 109.059509
v -50.317535 1.565528 109.059509
v -50.518147 1.260034 109.059509
v -49.681870 1.019399 109.059509
v -50.907600 1.023843 109.059509
v -50.907600 0.001354 109.059509
v -50.907600 0.001354 110.108086
v -50.907600 1.023843 109.059509
v -50.907600 1.023843 110.108086
s 1
f 6325 6326 6327
f 6328 6329 6330
f 6327 6328 6330
f 6325 6327 6330
f 6325 6330 6331
f 6332 6333 6334
f 6334 6335 6332
f 6336 6337 6329
f 6329 6328 6336
f 6337 6338 6330
f 6330 6329 6337
f 6339 6336 6328
f 6328 6327 6339
f 6338 6340 6331
f 6331 6330 6338
f 6341 6342 6343
f 6342 6344 6343
o CasazzB09
v -49.818642 1.019399 106.897942
v -49.818642 0.001354 106.897942
v -51.044369 0.001354 106.897942
v -50.654919 1.260034 106.897942
v -50.454308 1.565528 106.897942
v -50.272839 1.260966 106.897942
v -51.044369 1.023843 106.897942
v -49.818642 1.019399 106.897942
v -49.818642 1.019399 107.946518
v -49.818642 0.001354 107.946518
v -49.818642 0.001354 106.897942
v -50.454308 1.565528 107.946518
v -50.272839 1.260966 107.946518
v -50.654919 1.260034 107.946518
v -49.818642 1.019399 107.946518
v -51.044369 1.023843 107.946518
v -51.044369 0.001354 106.897942
v -51.044369 0.001354 107.946518
v -51.044369 1.023843 107.946518
v -51.044369 1.023843 106.897942
s 1
f 6345 6346 6347
f 6348 6349 6350
f 6350 6345 6348
f 6348 6345 6347
f 6351 6348 6347
f 6352 6353 6354
f 6355 6352 6354
f 6349 6356 6357
f 6357 6350 6349
f 6348 6358 6356
f 6356 6349 6348
f 6350 6357 6359
f 6359 6345 6350
f 6351 6360 6358
f 6358 6348 6351
f 6361 6362 6363
f 6363 6364 6361
o CasazzB10
v -53.926929 0.001354 110.012184
v -53.926929 1.019399 110.012184
v -54.830410 1.019399 110.544373
v -54.830410 0.001354 110.544373
v -54.157448 1.260966 109.620842
v -54.249554 1.565528 109.464478
v -55.153027 1.565528 109.996666
v -55.060925 1.260966 110.153030
v -53.926929 1.019399 110.012184
v -54.830410 1.019399 110.544373
s 1
f 6365 6366 6367
f 6368 6365 6367
f 6369 6370 6371
f 6371 6372 6369
f 6373 6369 6372
f 6372 6374 6373
o CasazzB11
v -50.693848 0.001354 97.734375
v -49.565559 0.001354 97.255447
v -49.565559 1.019399 97.255447
v -49.983650 1.260966 97.432915
v -50.150692 1.565528 97.503815
v -50.335354 1.260034 97.582207
v -50.693848 1.023843 97.734375
v -49.975269 0.001354 96.290230
v -49.975269 1.019399 96.290230
v -49.565559 1.019399 97.255447
v -49.565559 0.001354 97.255447
v -50.393360 1.260966 96.467705
v -50.560402 1.565528 96.538605
v -50.745064 1.260034 96.616989
v -49.975269 1.019399 96.290230
v -51.103558 1.023843 96.769157
v -51.103558 0.001354 96.769157
v -50.693848 0.001354 97.734375
v -51.103558 1.023843 96.769157
v -50.693848 1.023843 97.734375
s 1
f 6375 6376 6377
f 6378 6379 6380
f 6377 6378 6380
f 6375 6377 6380
f 6375 6380 6381
f 6382 6383 6384
f 6384 6385 6382
f 6386 6387 6379
f 6379 6378 6386
f 6387 6388 6380
f 6380 6379 6387
f 6389 6386 6378
f 6378 6377 6389
f 6388 6390 6381
f 6381 6380 6388
f 6391 6392 6393
f 6392 6394 6393
o CasazzB12
v -47.547794 0.001354 96.767883
v -47.633297 0.001354 95.545143
v -47.633297 1.019399 95.545143
v -47.601616 1.260966 95.998230
v -47.588955 1.565528 96.179253
v -47.574959 1.260034 96.379379
v -47.547794 1.023843 96.767883
v -48.679314 0.001354 95.618286
v -48.679314 1.019399 95.618286
v -47.633297 1.019399 95.545143
v -47.633297 0.001354 95.545143
v -48.647629 1.260966 96.071373
v -48.634972 1.565528 96.252403
v -48.620975 1.260034 96.452522
v -48.679314 1.019399 95.618286
v -48.593807 1.023843 96.841026
v -48.593807 0.001354 96.841026
v -47.547794 0.001354 96.767883
v -48.593807 1.023843 96.841026
v -47.547794 1.023843 96.767883
s 1
f 6395 6396 6397
f 6398 6399 6400
f 6397 6398 6400
f 6395 6397 6400
f 6395 6400 6401
f 6402 6403 6404
f 6404 6405 6402
f 6406 6407 6399
f 6399 6398 6406
f 6407 6408 6400
f 6400 6399 6407
f 6409 6406 6398
f 6398 6397 6409
f 6408 6410 6401
f 6401 6400 6408
f 6411 6412 6413
f 6412 6414 6413
o CasazzB13
v -43.817928 0.001354 143.667465
v -45.038013 0.001354 143.784958
v -45.038013 1.019399 143.784958
v -44.585907 1.260966 143.741425
v -44.405273 1.565528 143.724030
v -44.205589 1.260034 143.704803
v -43.817928 1.023843 143.667465
s 0
f 6415 6416 6417
f 6418 6419 6420
f 6417 6418 6420
f 6415 6417 6420
f 6415 6420 6421
o CasazzB14
v -43.888645 0.001354 135.347260
v -43.877949 0.001354 136.572952
v -43.877949 1.019399 136.572952
v -43.881912 1.260966 136.118774
v -43.883495 1.565528 135.937302
v -43.885242 1.260034 135.736710
v -43.888645 1.023843 135.347260
v -42.829418 0.001354 136.563797
v -42.829418 1.019399 136.563797
v -43.877949 1.019399 136.572952
v -43.877949 0.001354 136.572952
v -42.833382 1.260966 136.109619
v -42.834965 1.565528 135.928162
v -42.836720 1.260034 135.727554
v -42.829418 1.019399 136.563797
v -42.840115 1.023843 135.338120
v -42.840115 0.001354 135.338120
v -43.888645 0.001354 135.347260
v -42.840115 1.023843 135.338120
v -43.888645 1.023843 135.347260
s 1
f 6422 6423 6424
f 6425 6426 6427
f 6424 6425 6427
f 6422 6424 6427
f 6422 6427 6428
f 6429 6430 6431
f 6431 6432 6429
f 6433 6434 6426
f 6426 6425 6433
f 6434 6435 6427
f 6427 6426 6434
f 6436 6433 6425
f 6425 6424 6436
f 6435 6437 6428
f 6428 6427 6435
f 6438 6439 6440
f 6439 6441 6440
o CasazzB15
v -45.169155 0.001354 142.672836
v -45.179852 0.001354 141.447144
v -45.179852 1.019399 141.447144
v -45.175888 1.260966 141.901321
v -45.174305 1.565528 142.082794
v -45.172558 1.260034 142.283386
v -45.169155 1.023843 142.672836
v -46.228382 0.001354 141.456299
v -46.228382 1.019399 141.456299
v -45.179852 1.019399 141.447144
v -45.179852 0.001354 141.447144
v -46.224419 1.260966 141.910477
v -46.222836 1.565528 142.091934
v -46.221081 1.260034 142.292542
v -46.228382 1.019399 141.456299
v -46.217686 1.023843 142.681976
v -46.217686 0.001354 142.681976
v -45.169155 0.001354 142.672836
v -46.217686 1.023843 142.681976
v -45.169155 1.023843 142.672836
s 1
f 6442 6443 6444
f 6445 6446 6447
f 6444 6445 6447
f 6442 6444 6447
f 6442 6447 6448
f 6449 6450 6451
f 6451 6452 6449
f 6453 6454 6446
f 6446 6445 6453
f 6454 6455 6447
f 6447 6446 6454
f 6456 6453 6445
f 6445 6444 6456
f 6455 6457 6448
f 6448 6447 6455
f 6458 6459 6460
f 6459 6461 6460
o CasazzB16
v -45.270935 0.001354 138.986816
v -45.281631 0.001354 137.761124
v -45.281631 1.019399 137.761124
v -45.277668 1.260966 138.215302
v -45.276085 1.565528 138.396774
v -45.274338 1.260034 138.597366
v -45.270935 1.023843 138.986816
v -46.330162 0.001354 137.770279
v -46.330162 1.019399 137.770279
v -45.281631 1.019399 137.761124
v -45.281631 0.001354 137.761124
v -46.326199 1.260966 138.224457
v -46.324615 1.565528 138.405914
v -46.322861 1.260034 138.606522
v -46.330162 1.019399 137.770279
v -46.319466 1.023843 138.995956
v -46.319466 0.001354 138.995956
v -45.270935 0.001354 138.986816
v -46.319466 1.023843 138.995956
v -45.270935 1.023843 138.986816
s 1
f 6462 6463 6464
f 6465 6466 6467
f 6464 6465 6467
f 6462 6464 6467
f 6462 6467 6468
f 6469 6470 6471
f 6471 6472 6469
f 6473 6474 6466
f 6466 6465 6473
f 6474 6475 6467
f 6467 6466 6474
f 6476 6473 6465
f 6465 6464 6476
f 6475 6477 6468
f 6468 6467 6475
f 6478 6479 6480
f 6479 6481 6480
o CasazzB17
v -56.434608 0.001354 126.131485
v -55.208881 0.001354 126.131485
v -55.208881 1.019399 126.131485
v -55.663074 1.260966 126.131485
v -55.844543 1.565528 126.131485
v -56.045155 1.260034 126.131485
v -56.434608 1.023843 126.131485
v -55.208881 0.001354 125.082909
v -55.208881 1.019399 125.082909
v -55.208881 1.019399 126.131485
v -55.208881 0.001354 126.131485
v -55.663074 1.260966 125.082909
v -55.844543 1.565528 125.082909
v -55.208881 1.019399 125.082909
s 1
f 6482 6483 6484
f 6485 6486 6487
f 6484 6485 6487
f 6482 6484 6487
s 0
f 6482 6487 6488
s 1
f 6489 6490 6491
f 6491 6492 6489
f 6493 6494 6486
f 6486 6485 6493
f 6495 6493 6485
f 6485 6484 6495
o CasazzB18
v -55.297462 0.001354 127.353172
v -55.297462 0.001354 126.127457
v -55.297462 1.019399 126.127457
v -55.297462 1.260966 126.581657
v -55.297462 1.565528 126.763115
v -55.297462 1.260034 126.963722
v -55.297462 1.023843 127.353172
v -56.346035 1.260966 126.581657
v -56.346035 1.565528 126.763115
v -56.346035 1.260034 126.963722
v -56.346035 1.019399 126.127457
v -56.346035 1.023843 127.353172
v -56.346035 0.001354 127.353172
v -55.297462 0.001354 127.353172
v -56.346035 1.023843 127.353172
v -55.297462 1.023843 127.353172
s 1
f 6496 6497 6498
f 6499 6500 6501
f 6498 6499 6501
f 6496 6498 6501
f 6496 6501 6502
f 6503 6504 6500
f 6500 6499 6503
f 6504 6505 6501
f 6501 6500 6504
f 6506 6503 6499
f 6499 6498 6506
f 6505 6507 6502
f 6502 6501 6505
f 6508 6509 6510
f 6509 6511 6510
o CasazzB19
v -54.952698 0.001354 129.586884
v -55.664486 0.001354 128.589020
v -55.664486 1.019399 128.589020
v -55.400734 1.260966 128.958771
v -55.295357 1.565528 129.106522
v -55.178860 1.260034 129.269836
v -54.952698 1.023843 129.586884
v -56.254391 1.260966 129.567688
v -56.149014 1.565528 129.715424
v -56.032513 1.260034 129.878754
v -56.518139 1.019399 129.197906
v -55.806355 1.023843 130.195801
s 1
f 6512 6513 6514
f 6515 6516 6517
f 6514 6515 6517
f 6512 6514 6517
f 6512 6517 6518
f 6519 6520 6516
f 6516 6515 6519
f 6520 6521 6517
f 6517 6516 6520
f 6522 6519 6515
f 6515 6514 6522
f 6521 6523 6518
f 6518 6517 6521
o CasazzC01
v -43.379147 0.890402 92.394112
v -43.343994 0.404288 91.819412
v -43.343994 0.000000 91.819412
v -43.413883 0.000000 92.962082
v -43.413883 0.413250 92.962082
v -41.965317 0.890402 92.480583
v -41.930168 0.404288 91.905884
v -43.379147 0.890402 92.394112
v -41.930168 0.000000 91.905884
v -42.000057 0.413250 93.048553
v -43.413883 0.413250 92.962082
s 1
f 6524 6525 6526
f 6526 6527 6528
f 6528 6524 6526
f 6529 6530 6525
f 6525 6531 6529
f 6530 6532 6526
f 6526 6525 6530
f 6529 6531 6533
f 6531 6534 6533
o CasazzC02
v -44.612720 0.890402 96.311661
v -44.307606 0.404288 95.823380
v -44.307606 0.000000 95.823380
v -44.914257 0.000000 96.794220
v -44.914257 0.413250 96.794220
v -43.411484 0.890402 97.062279
v -43.106369 0.404288 96.573997
v -44.612720 0.890402 96.311661
v -43.106369 0.000000 96.573997
v -43.713024 0.000000 97.544838
v -43.713024 0.413250 97.544838
s 1
f 6535 6536 6537
f 6537 6538 6539
f 6539 6535 6537
f 6540 6541 6536
f 6536 6542 6540
f 6541 6543 6537
f 6537 6536 6541
f 6544 6545 6539
f 6539 6538 6544
f 6540 6542 6545
f 6542 6539 6545
o CasazzC03
v -48.794865 0.890402 102.537758
v -49.359299 0.404288 102.332329
v -49.359299 0.000000 102.332329
v -48.260155 0.000000 102.732376
v -48.260155 0.413250 102.732376
v -48.310406 0.890402 101.206711
v -48.874832 0.404288 101.001282
v -48.874832 0.000000 101.001282
v -47.775692 0.000000 101.401329
v -47.775692 0.413250 101.401329
s 1
f 6546 6547 6548
f 6548 6549 6550
f 6550 6546 6548
f 6551 6552 6547
f 6547 6546 6551
f 6552 6553 6548
f 6548 6547 6552
f 6554 6555 6550
f 6550 6549 6554
f 6551 6546 6555
f 6546 6550 6555
o CasazzC04
v -44.968395 0.890402 104.330574
v -45.286186 0.404288 103.850449
v -45.286186 0.000000 103.850449
v -44.654327 0.000000 104.805069
v -44.654327 0.413250 104.805069
v -43.787220 0.890402 103.548775
v -44.105011 0.404288 103.068634
v -44.105011 0.000000 103.068634
v -43.473156 0.000000 104.023270
v -43.473156 0.413250 104.023270
s 1
f 6556 6557 6558
f 6558 6559 6560
f 6560 6556 6558
f 6561 6562 6557
f 6557 6556 6561
f 6562 6563 6558
f 6558 6557 6562
f 6564 6565 6560
f 6560 6559 6564
f 6561 6556 6565
f 6556 6560 6565
o CasazzC05
v -49.103725 0.890402 110.086304
v -49.679501 0.404288 110.086304
v -49.679501 0.000000 110.086304
v -48.534702 0.000000 110.086304
v -48.534702 0.413250 110.086304
v -49.103725 0.890402 108.789261
v -49.679501 0.404288 108.789261
v -48.534702 0.000000 108.789261
v -48.534702 0.413250 108.789261
v -48.534702 0.413250 110.086304
v -48.534702 0.000000 110.086304
v -48.534702 0.413250 108.789261
s 1
f 6566 6567 6568
f 6568 6569 6570
f 6570 6566 6568
f 6571 6572 6567
f 6567 6566 6571
f 6571 6566 6577
f 6566 6570 6577
f 6573 6574 6575
f 6575 6576 6573
o CasazzC06
v -48.411190 0.890402 107.514557
v -48.411190 0.404288 108.090324
v -48.411190 0.000000 108.090324
v -48.411190 0.000000 106.945526
v -48.411190 0.413250 106.945526
v -49.827663 0.890402 107.514557
v -49.827663 0.404288 108.090324
v -49.827663 0.404288 108.090324
v -49.827663 0.000000 108.090324
v -48.411190 0.000000 108.090324
v -48.411190 0.404288 108.090324
v -49.827663 0.000000 106.945526
v -49.827663 0.413250 106.945526
v -48.411190 0.413250 106.945526
v -48.411190 0.000000 106.945526
v -49.827663 0.413250 106.945526
s 1
f 6578 6579 6580
f 6580 6581 6582
f 6582 6578 6580
f 6583 6584 6579
f 6579 6578 6583
f 6583 6578 6593
f 6578 6582 6593
f 6585 6586 6587
f 6587 6588 6585
f 6589 6590 6591
f 6591 6592 6589
o CasazzC07
v -52.459408 0.000000 108.090332
v -52.459408 0.404288 108.090332
v -52.459408 0.890402 107.514565
v -52.459408 0.000000 106.945534
v -52.459408 0.413250 106.945534
v -52.459408 0.413250 106.945534
v -51.042934 0.413250 106.945534
v -51.042934 0.000000 106.945534
v -52.459408 0.000000 106.945534
v -51.042934 0.890402 107.514565
v -51.042934 0.413250 106.945534
s 1
f 6594 6595 6596
f 6597 6594 6598
f 6598 6594 6596
f 6596 6603 6604
f 6604 6598 6596
f 6599 6600 6601
f 6601 6602 6599
o CasazzC07.001
v -50.950718 0.413250 105.308151
v -52.524139 0.413250 105.308151
v -52.524139 0.000000 105.308151
v -50.950718 0.000000 105.308151
v -50.950718 0.890402 104.739120
v -52.524139 0.890402 104.739120
v -52.524139 0.413250 105.308151
v -50.950718 0.413250 105.308151
s 1
f 6609 6610 6611
f 6611 6612 6609
f 6605 6606 6607
f 6607 6608 6605
o CasazzC08
v -46.407894 0.890402 105.345757
v -45.832119 0.404288 105.345757
v -45.832119 0.000000 105.345757
v -46.976921 0.000000 105.345757
v -46.976921 0.413250 105.345757
v -46.407894 0.890402 106.762222
v -45.832119 0.404288 106.762222
v -45.832119 0.404288 106.762222
v -45.832119 0.000000 106.762222
v -45.832119 0.000000 105.345757
v -45.832119 0.404288 105.345757
v -46.976921 0.000000 106.762222
v -46.976921 0.413250 106.762222
v -46.976921 0.413250 105.345757
v -46.976921 0.000000 105.345757
v -46.976921 0.413250 106.762222
s 1
f 6613 6614 6615
f 6615 6616 6617
f 6617 6613 6615
f 6618 6619 6614
f 6614 6613 6618
f 6618 6613 6628
f 6613 6617 6628
f 6620 6621 6622
f 6622 6623 6620
f 6624 6625 6626
f 6626 6627 6624
o CasazzC09
v -51.376839 0.890402 101.339523
v -51.376839 0.404288 101.915298
v -51.376839 0.000000 101.915298
v -51.376839 0.000000 100.770500
v -51.376839 0.413250 100.770500
v -52.793312 0.890402 101.339523
v -52.793312 0.404288 101.915298
v -52.793312 0.000000 100.770500
v -52.793312 0.413250 100.770500
v -51.376839 0.413250 100.770500
v -51.376839 0.000000 100.770500
v -52.793312 0.413250 100.770500
s 1
f 6629 6630 6631
f 6631 6632 6633
f 6633 6629 6631
f 6634 6635 6630
f 6630 6629 6634
f 6634 6629 6640
f 6629 6633 6640
f 6636 6637 6638
f 6638 6639 6636
o CasazzC10
v -52.038097 0.890402 98.268906
v -51.462322 0.404288 98.268906
v -51.462322 0.000000 98.268906
v -52.607124 0.000000 98.268906
v -52.607124 0.413250 98.268906
v -52.038097 0.890402 99.685379
v -51.462322 0.404288 99.685379
v -51.462322 0.404288 98.268906
v -52.038097 0.890402 98.268906
v -51.462322 0.404288 99.685379
v -51.462322 0.000000 99.685379
v -51.462322 0.000000 98.268906
v -51.462322 0.404288 98.268906
s 1
f 6641 6642 6643
f 6643 6644 6645
f 6645 6641 6643
f 6646 6647 6648
f 6648 6649 6646
f 6650 6651 6652
f 6652 6653 6650
o CasazzC11
v -45.430206 0.890402 93.236237
v -45.475380 0.404288 93.810234
v -45.475380 0.000000 93.810234
v -45.385563 0.000000 92.668968
v -45.385563 0.413250 92.668968
v -46.842308 0.890402 93.125099
v -46.887486 0.404288 93.699104
v -45.430206 0.890402 93.236237
v -46.887486 0.000000 93.699104
v -46.797665 0.413250 92.557823
v -45.385563 0.413250 92.668968
s 1
f 6654 6655 6656
f 6656 6657 6658
f 6658 6654 6656
f 6659 6660 6655
f 6655 6661 6659
f 6660 6662 6656
f 6656 6655 6660
f 6659 6661 6663
f 6661 6664 6663
o CasazzC12
v -45.333790 0.000000 132.309860
v -45.333790 0.413250 132.309860
v -45.333790 0.413250 133.606903
v -45.333790 0.000000 133.606903
v -45.333790 0.413250 132.309860
v -45.902813 0.890402 132.309860
v -45.902813 0.890402 133.606903
v -45.333790 0.413250 133.606903
s 1
f 6669 6670 6671
f 6671 6672 6669
f 6665 6666 6667
f 6668 6665 6667
o CasazzC13
v -45.280460 0.890402 135.240692
v -45.280460 0.404288 135.816452
v -45.280460 0.000000 135.816452
v -45.280460 0.000000 134.671661
v -45.280460 0.413250 134.671661
v -46.577511 0.890402 135.240692
v -46.577511 0.404288 135.816452
v -46.577511 0.404288 135.816452
v -46.577511 0.000000 135.816452
v -45.280460 0.000000 135.816452
v -45.280460 0.404288 135.816452
v -46.577511 0.413250 134.671661
s 1
f 6673 6674 6675
f 6675 6676 6677
f 6677 6673 6675
f 6678 6679 6674
f 6674 6673 6678
f 6678 6673 6684
f 6673 6677 6684
f 6680 6681 6682
f 6682 6683 6680
o CasazzC14
v -43.713375 0.000000 139.516876
v -43.713375 0.413250 139.516876
v -43.713375 0.413250 138.219833
v -43.713375 0.000000 138.219833
v -43.713375 0.413250 139.516876
v -43.144352 0.890402 139.516876
v -43.144352 0.890402 138.219833
v -43.713375 0.413250 138.219833
s 1
f 6689 6690 6691
f 6691 6692 6689
f 6685 6686 6687
f 6688 6685 6687
o CasazzC15
v -45.081280 0.890402 143.212387
v -45.036110 0.404288 143.786407
v -45.036110 0.000000 143.786407
v -45.125927 0.000000 142.645126
v -45.125927 0.413250 142.645126
v -46.418980 0.000000 142.746887
v -46.418980 0.413250 142.746887
v -45.125927 0.413250 142.645126
v -45.125927 0.000000 142.645126
v -46.374332 0.890402 143.314163
v -46.418980 0.413250 142.746887
s 1
f 6693 6694 6695
f 6695 6696 6697
f 6697 6693 6695
f 6702 6693 6703
f 6693 6697 6703
f 6698 6699 6700
f 6700 6701 6698
o CasazzC16
v -45.457592 0.000000 138.991135
v -45.457592 0.413250 138.991135
v -45.457592 0.413250 140.288177
v -45.457592 0.000000 140.288177
v -45.457592 0.413250 138.991135
v -46.026615 0.890402 138.991135
v -46.026615 0.890402 140.288177
v -45.457592 0.413250 140.288177
s 1
f 6708 6709 6710
f 6710 6711 6708
f 6704 6705 6706
f 6707 6704 6706
o CasazzC17
v -49.748631 0.000000 129.599396
v -49.748631 0.413250 129.599396
v -48.451588 0.413250 129.599396
v -48.451588 0.000000 129.599396
v -49.748631 0.413250 129.599396
v -49.748631 0.890402 130.168411
v -48.451588 0.890402 130.168411
v -48.451588 0.413250 129.599396
s 1
f 6716 6717 6718
f 6718 6719 6716
f 6712 6713 6714
f 6715 6712 6714
o CasazzC18
v -53.942547 0.000000 129.970291
v -53.942547 0.413250 129.970291
v -52.738106 0.413250 129.970291
v -52.738106 0.000000 129.970291
v -53.942547 0.413250 129.970291
v -53.942547 0.709068 130.539307
v -52.738106 0.709068 130.539307
v -52.738106 0.413250 129.970291
s 1
f 6724 6725 6726
f 6726 6727 6724
f 6720 6721 6722
f 6723 6720 6722
o CasazzD01
v -42.788090 1.520928 94.031219
v -42.102283 0.709068 95.096657
v -41.848259 0.709068 93.167137
v -43.463825 0.709068 92.954453
v -42.788090 1.520928 94.031219
v -41.848259 0.709068 93.167137
v -41.848259 0.000000 93.167137
v -43.463825 0.000000 92.954453
v -43.463825 0.709068 92.954453
v -41.848259 0.709068 93.167137
v -43.463825 0.000000 92.954453
v -43.717850 0.000000 94.883957
v -43.717850 0.709068 94.883957
v -43.463825 0.709068 92.954453
v -42.788090 1.520928 94.031219
v -43.463825 0.709068 92.954453
v -43.717850 0.709068 94.883957
v -42.102283 0.709068 95.096657
v -42.788090 1.520928 94.031219
v -43.717850 0.709068 94.883957
s 1
f 6734 6735 6736
f 6736 6737 6734
f 6738 6739 6740
f 6740 6741 6738
f 6728 6729 6730
f 6731 6732 6733
f 6742 6743 6744
f 6745 6746 6747
o CasazzD02
v -46.586399 1.520928 130.288376
v -45.366203 0.709068 131.255188
v -45.366203 0.709068 129.524155
v -47.396900 0.709068 129.524155
v -46.586399 1.520928 130.288376
v -45.366203 0.709068 129.524155
v -45.366203 0.000000 131.255188
v -45.366203 0.000000 129.524155
v -45.366203 0.709068 129.524155
v -45.366203 0.709068 131.255188
v -45.366203 0.000000 129.524155
v -47.396900 0.000000 129.524155
v -47.396900 0.709068 129.524155
v -45.366203 0.709068 129.524155
v -47.396900 0.000000 129.524155
v -47.396900 0.000000 131.255188
v -47.396900 0.709068 131.255188
v -47.396900 0.709068 129.524155
v -46.586399 1.520928 130.288376
v -47.396900 0.709068 129.524155
v -47.396900 0.709068 131.255188
v -45.366203 0.709068 131.255188
v -46.586399 1.520928 130.288376
v -47.396900 0.709068 131.255188
s 1
f 6754 6755 6756
f 6756 6757 6754
f 6758 6759 6760
f 6760 6761 6758
f 6762 6763 6764
f 6764 6765 6762
f 6748 6749 6750
f 6751 6752 6753
f 6766 6767 6768
f 6769 6770 6771
o CasazzD03
v -46.951309 1.520928 102.110603
v -45.766922 0.709068 101.660355
v -47.646935 0.709068 100.996300
v -48.189651 0.709068 102.532776
v -46.951309 1.520928 102.110603
v -47.646935 0.709068 100.996300
v -47.646935 0.000000 100.996300
v -48.189651 0.000000 102.532776
v -48.189651 0.709068 102.532776
v -47.646935 0.709068 100.996300
v -48.189651 0.000000 102.532776
v -46.309639 0.000000 103.196831
v -46.309639 0.709068 103.196831
v -48.189651 0.709068 102.532776
v -46.951309 1.520928 102.110603
v -48.189651 0.709068 102.532776
v -46.309639 0.709068 103.196831
v -45.766922 0.709068 101.660355
v -46.951309 1.520928 102.110603
v -46.309639 0.709068 103.196831
s 1
f 6778 6779 6780
f 6780 6781 6778
f 6782 6783 6784
f 6784 6785 6782
f 6772 6773 6774
f 6775 6776 6777
f 6786 6787 6788
f 6789 6790 6791
o CasazzD04
v -46.141197 1.520928 109.038666
v -45.322189 0.709068 110.005478
v -45.322189 0.709068 108.059311
v -46.951698 0.709068 108.059311
v -46.141197 1.520928 109.038666
v -45.322189 0.709068 108.059311
v -46.951698 0.000000 110.005478
v -45.322189 0.000000 110.005478
v -45.322189 0.709068 110.005478
v -46.951698 0.709068 110.005478
v -45.322189 0.000000 110.005478
v -45.322189 0.000000 108.059311
v -45.322189 0.709068 108.059311
v -45.322189 0.709068 110.005478
v -45.322189 0.000000 108.059311
v -46.951698 0.000000 108.059311
v -46.951698 0.709068 108.059311
v -45.322189 0.709068 108.059311
v -46.951698 0.000000 108.059311
v -46.951698 0.000000 110.005478
v -46.951698 0.709068 110.005478
v -46.951698 0.709068 108.059311
v -46.141197 1.520928 109.038666
v -46.951698 0.709068 108.059311
v -46.951698 0.709068 110.005478
v -45.322189 0.709068 110.005478
v -46.141197 1.520928 109.038666
v -46.951698 0.709068 110.005478
s 1
f 6798 6799 6800
f 6800 6801 6798
f 6802 6803 6804
f 6804 6805 6802
f 6806 6807 6808
f 6808 6809 6806
f 6810 6811 6812
f 6812 6813 6810
f 6792 6793 6794
f 6795 6796 6797
f 6814 6815 6816
f 6817 6818 6819
o CasazzD04.001
v -51.769726 1.520928 102.894653
v -50.950718 0.709068 103.792656
v -50.950718 0.709068 101.915298
v -52.580227 0.709068 101.915298
v -51.769726 1.520928 102.894653
v -50.950718 0.709068 101.915298
v -50.950718 0.000000 103.792656
v -50.950718 0.000000 101.915298
v -50.950718 0.709068 101.915298
v -50.950718 0.709068 103.792656
v -50.950718 0.000000 101.915298
v -52.580227 0.000000 101.915298
v -52.580227 0.709068 101.915298
v -50.950718 0.709068 101.915298
v -50.950718 0.709068 103.792656
v -51.769726 1.520928 102.894653
v -52.580227 0.709068 103.792656
s 1
f 6826 6827 6828
f 6828 6829 6826
f 6830 6831 6832
f 6832 6833 6830
f 6820 6821 6822
f 6823 6824 6825
f 6834 6835 6836
o CasazzD05
v -56.125980 1.520928 112.463387
v -55.306973 0.709068 113.430199
v -55.243984 0.709068 111.509087
v -56.936481 0.709068 111.484032
v -56.125980 1.520928 112.463387
v -55.243984 0.709068 111.509087
v -55.306973 0.000000 113.430199
v -55.243984 0.000000 111.509087
v -55.243984 0.709068 111.509087
v -55.306973 0.709068 113.430199
v -55.306973 0.709068 113.430199
v -56.125980 1.520928 112.463387
v -56.936481 0.709068 113.430199
s 1
f 6843 6844 6845
f 6845 6846 6843
f 6837 6838 6839
f 6840 6841 6842
f 6847 6848 6849
o CasazzD06
v -51.895435 1.520928 109.289078
v -52.862247 0.709068 110.108086
v -50.916080 0.709068 110.108086
v -50.916080 0.709068 108.478577
v -51.895435 1.520928 109.289078
v -50.916080 0.709068 110.108086
v -52.862247 0.000000 110.108086
v -50.916080 0.000000 110.108086
v -50.916080 0.709068 110.108086
v -52.862247 0.709068 110.108086
v -52.862247 0.709068 110.108086
v -51.895435 1.520928 109.289078
v -52.862247 0.709068 108.478577
s 1
f 6856 6857 6858
f 6858 6859 6856
f 6850 6851 6852
f 6853 6854 6855
f 6860 6861 6862
o CasazzD07
v -46.709953 1.520928 94.701309
v -47.639717 0.709068 95.554047
v -46.024147 0.709068 95.766747
v -47.385689 0.709068 93.624535
v -47.639717 0.709068 95.554047
v -46.709953 1.520928 94.701309
v -46.024147 0.000000 95.766747
v -47.639717 0.709068 95.554047
v -47.639717 0.000000 95.554047
v -45.770123 0.000000 93.837227
v -46.024147 0.709068 95.766747
v -46.024147 0.000000 95.766747
v -47.385689 0.000000 93.624535
v -45.770123 0.709068 93.837227
v -45.770123 0.000000 93.837227
v -45.770123 0.709068 93.837227
v -47.385689 0.709068 93.624535
v -46.709953 1.520928 94.701309
v -45.770123 0.709068 93.837227
v -46.709953 1.520928 94.701309
v -46.024147 0.709068 95.766747
v -46.024147 0.000000 95.766747
v -46.024147 0.709068 95.766747
v -47.639717 0.709068 95.554047
v -45.770123 0.000000 93.837227
v -45.770123 0.709068 93.837227
v -46.024147 0.709068 95.766747
v -47.385689 0.000000 93.624535
v -47.385689 0.709068 93.624535
v -45.770123 0.709068 93.837227
s 1
f 6863 6864 6865
f 6866 6867 6868
f 6878 6879 6880
f 6881 6882 6883
f 6869 6870 6871
f 6872 6873 6874
f 6875 6876 6877
f 6884 6885 6886
f 6887 6888 6889
f 6890 6891 6892
o CasazzD07.001
v -48.068359 1.520928 99.354286
v -46.907696 0.709068 99.848732
v -47.381393 0.709068 98.289597
v -48.838837 0.709068 100.435455
v -46.907696 0.709068 99.848732
v -48.068359 1.520928 99.354286
v -49.312538 0.000000 98.876320
v -47.381393 0.709068 98.289597
v -47.381393 0.000000 98.289597
v -48.838837 0.000000 100.435455
v -49.312538 0.709068 98.876320
v -49.312538 0.000000 98.876320
v -49.312538 0.709068 98.876320
v -48.838837 0.709068 100.435455
v -48.068359 1.520928 99.354286
v -49.312538 0.709068 98.876320
v -48.068359 1.520928 99.354286
v -47.381393 0.709068 98.289597
v -49.312538 0.000000 98.876320
v -49.312538 0.709068 98.876320
v -47.381393 0.709068 98.289597
v -48.838837 0.000000 100.435455
v -48.838837 0.709068 100.435455
v -49.312538 0.709068 98.876320
s 1
f 6893 6894 6895
f 6896 6897 6898
f 6905 6906 6907
f 6908 6909 6910
f 6899 6900 6901
f 6902 6903 6904
f 6911 6912 6913
f 6914 6915 6916
o CasazzD08
v -45.303047 0.709068 91.531036
v -45.303047 0.709068 89.120232
v -46.113548 1.520928 90.392899
v -45.303047 0.000000 89.120232
v -45.303047 0.709068 91.531036
v -45.303047 0.000000 91.531036
v -46.932552 0.709068 91.531029
v -45.303047 0.709068 91.531036
v -46.113548 1.520928 90.392899
v -45.303047 0.709068 89.120232
s 0
f 6917 6918 6919
f 6923 6924 6925
f 6920 6921 6922
f 6920 6926 6921
o CasazzD12
v -46.328178 1.520928 136.795609
v -45.509171 0.709068 137.762421
v -45.509171 0.709068 135.816254
v -47.138680 0.709068 135.816254
v -46.328178 1.520928 136.795609
v -45.509171 0.709068 135.816254
v -45.509171 0.000000 137.762421
v -45.509171 0.000000 135.816254
v -45.509171 0.709068 135.816254
v -45.509171 0.709068 137.762421
v -45.509171 0.000000 135.816254
v -47.138680 0.000000 135.816254
v -47.138680 0.709068 135.816254
v -45.509171 0.709068 135.816254
v -45.509171 0.709068 137.762421
v -46.328178 1.520928 136.795609
v -47.138680 0.709068 137.762421
s 1
f 6933 6934 6935
f 6935 6936 6933
f 6937 6938 6939
f 6939 6940 6937
f 6927 6928 6929
f 6930 6931 6932
f 6941 6942 6943
o CasazzD13
v -42.894367 1.520928 141.547073
v -43.713375 0.709068 140.580261
v -43.713375 0.709068 142.526428
v -42.083866 0.709068 142.526428
v -42.894367 1.520928 141.547073
v -43.713375 0.709068 142.526428
v -43.713375 0.000000 140.580261
v -43.713375 0.000000 142.526428
v -43.713375 0.709068 142.526428
v -43.713375 0.709068 140.580261
v -43.713375 0.000000 142.526428
v -42.083866 0.000000 142.526428
v -42.083866 0.709068 142.526428
v -43.713375 0.709068 142.526428
v -43.713375 0.709068 140.580261
v -42.894367 1.520928 141.547073
v -42.083866 0.709068 140.580261
s 1
f 6950 6951 6952
f 6952 6953 6950
f 6954 6955 6956
f 6956 6957 6954
f 6944 6945 6946
f 6947 6948 6949
f 6958 6959 6960
o CasazzD14
v -42.974472 1.520928 137.391815
v -43.793480 0.709068 136.563797
v -43.793480 0.709068 138.219833
v -42.163971 0.709068 138.219833
v -42.974472 1.520928 137.391815
v -43.793480 0.709068 138.219833
v -43.793480 0.000000 136.563797
v -43.793480 0.000000 138.219833
v -43.793480 0.709068 138.219833
v -43.793480 0.709068 136.563797
v -43.793480 0.000000 138.219833
v -42.163971 0.000000 138.219833
v -42.163971 0.709068 138.219833
v -43.793480 0.709068 138.219833
v -43.793480 0.709068 136.563797
v -42.974472 1.520928 137.391815
v -42.163971 0.709068 136.563797
s 1
f 6967 6968 6969
f 6969 6970 6967
f 6971 6972 6973
f 6973 6974 6971
f 6961 6962 6963
f 6964 6965 6966
f 6975 6976 6977
o CasazzD15
v -51.758747 1.520928 130.616699
v -50.791935 0.709068 129.797699
v -52.738102 0.709068 129.797699
v -52.738102 0.709068 131.427216
v -51.758747 1.520928 130.616699
v -52.738102 0.709068 129.797699
v -50.791935 0.000000 129.797699
v -52.738102 0.000000 129.797699
v -52.738102 0.709068 129.797699
v -50.791935 0.709068 129.797699
v -52.738102 0.000000 129.797699
v -52.738102 0.000000 131.427216
v -52.738102 0.709068 131.427216
v -52.738102 0.709068 129.797699
v -50.791935 0.709068 129.797699
v -51.758747 1.520928 130.616699
v -50.791935 0.709068 131.427216
s 1
f 6984 6985 6986
f 6986 6987 6984
f 6988 6989 6990
f 6990 6991 6988
f 6978 6979 6980
f 6981 6982 6983
f 6992 6993 6994
o Chiesazz
v -46.329479 0.033459 118.688957
v -46.329479 1.828971 118.688957
v -43.140526 1.829339 118.688957
v -43.140526 0.033827 118.688957
v -46.329479 0.033459 120.683311
v -43.140526 0.033827 120.683311
v -43.140526 1.829339 120.683311
v -46.329479 1.828971 120.683311
v -46.329479 1.968855 120.814445
v -46.329479 1.828971 120.683311
v -43.140526 1.829339 120.683311
v -43.140526 1.829339 120.683311
v -43.140526 1.969223 120.814445
v -46.329479 1.968855 120.814445
v -43.140526 1.969223 118.556023
v -43.140526 1.829339 118.688957
v -46.329479 1.828971 118.688957
v -46.329479 1.828971 118.688957
v -46.329479 1.968855 118.556023
v -43.140526 1.969223 118.556023
v -43.140526 3.094338 119.686134
v -43.140526 1.969223 118.556023
v -46.329479 1.968855 118.556023
v -46.329479 1.968855 118.556023
v -46.329479 3.093970 119.686134
v -43.140526 3.094338 119.686134
v -46.329479 1.968855 120.814445
v -43.140526 1.969223 120.814445
v -43.140526 3.094338 119.686134
v -43.140526 3.094338 119.686134
v -46.329479 3.093970 119.686134
v -46.329479 1.968855 120.814445
v -42.767006 0.035404 120.437401
v -43.139179 1.847641 120.437401
v -43.139183 0.035404 120.437401
v -42.767006 0.035404 118.936394
v -43.139179 1.847641 118.936394
v -42.767002 1.847641 118.936394
v -42.325867 0.035404 120.294067
v -42.767002 1.847641 120.437401
v -42.767006 0.035404 120.437401
v -42.053230 0.035404 119.918823
v -42.325863 1.847641 120.294067
v -42.325867 0.035404 120.294067
v -42.053230 0.035404 119.454979
v -42.053226 1.847641 119.918823
v -42.053230 0.035404 119.918823
v -42.053230 0.035404 119.454979
v -42.325863 1.847641 119.079727
v -42.053226 1.847641 119.454979
v -42.325867 0.035404 119.079727
v -42.767002 1.847641 118.936394
v -42.325863 1.847641 119.079727
v -46.641369 4.682356 120.180748
v -46.354202 4.682356 119.893700
v -46.844284 6.758386 119.690590
v -46.354202 4.682356 119.893700
v -46.354122 4.682356 119.487671
v -46.844284 6.758386 119.690590
v -46.354122 4.682356 119.487671
v -46.641171 4.682356 119.200516
v -46.844284 6.758386 119.690590
v -46.641171 4.682356 119.200516
v -47.047199 4.682356 119.200432
v -46.844284 6.758386 119.690590
v -47.047199 4.682356 119.200432
v -47.334362 4.682356 119.487480
v -46.844284 6.758386 119.690590
v -47.334362 4.682356 119.487480
v -47.334442 4.682356 119.893509
v -46.844284 6.758386 119.690590
v -47.334442 4.682356 119.893509
v -47.047394 4.682356 120.180664
v -46.844284 6.758386 119.690590
v -47.047394 4.682356 120.180664
v -46.641369 4.682356 120.180748
v -46.844284 6.758386 119.690590
v -47.344204 2.488187 119.483421
v -47.339237 2.489799 119.485466
v -47.344204 2.488187 119.179031
v -47.193302 2.600521 119.339577
v -47.344204 2.488187 119.179031
v -47.339237 2.489799 119.485466
v -47.049221 2.489799 119.195557
v -47.049622 2.488187 119.179031
v -47.344204 2.488187 119.179031
v -47.049221 2.489799 119.195557
v -47.344204 2.488187 119.179031
v -47.193302 2.600521 119.339577
v -47.339237 2.489799 119.485466
v -47.344204 2.488187 119.483421
v -47.344204 2.488187 119.893837
v -47.339321 2.489799 119.895523
v -47.339237 2.489799 119.485466
v -47.344204 2.488187 119.893837
v -47.339321 2.489799 119.895523
v -47.344204 2.488187 119.893837
v -47.344204 2.488187 120.204590
v -47.201324 2.600521 120.033569
v -47.339321 2.489799 119.895523
v -47.344204 2.488187 120.204590
v -47.344204 2.488187 120.204590
v -47.051216 2.488187 120.204590
v -47.049416 2.489799 120.185547
v -47.201324 2.600521 120.033569
v -47.344204 2.488187 120.204590
v -47.049416 2.489799 120.185547
v -47.049416 2.489799 120.185547
v -47.051216 2.488187 120.204590
v -46.639080 2.488187 120.204590
v -46.639351 2.489799 120.185623
v -47.049416 2.489799 120.185547
v -46.639080 2.488187 120.204590
v -46.639118 2.488187 119.179031
v -47.049622 2.488187 119.179031
v -47.049221 2.489799 119.195557
v -46.639118 2.488187 119.179031
v -47.049221 2.489799 119.195557
v -46.639153 2.489799 119.195633
v -46.329693 2.488187 119.179031
v -46.639118 2.488187 119.179031
v -46.639153 2.489799 119.195633
v -46.349251 2.489799 119.485657
v -46.329693 2.488187 119.484695
v -46.329693 2.488187 119.179031
v -46.500725 2.600521 119.334122
v -46.329693 2.488187 119.179031
v -46.639153 2.489799 119.195633
v -46.349251 2.489799 119.485657
v -46.329693 2.488187 119.179031
v -46.500725 2.600521 119.334122
v -46.329693 2.488187 119.894875
v -46.329693 2.488187 119.484695
v -46.349251 2.489799 119.485657
v -46.329693 2.488187 119.894875
v -46.349251 2.489799 119.485657
v -46.349331 2.489799 119.895714
v -46.329693 2.488187 120.204590
v -46.329693 2.488187 119.894875
v -46.349331 2.489799 119.895714
v -46.329693 2.488187 120.204590
v -46.349331 2.489799 119.895714
v -46.490688 2.600521 120.037025
v -46.639351 2.489799 120.185623
v -46.639080 2.488187 120.204590
v -46.329693 2.488187 120.204590
v -46.639351 2.489799 120.185623
v -46.329693 2.488187 120.204590
v -46.490688 2.600521 120.037025
v -46.329693 2.488187 120.204590
v -46.627407 0.887090 120.204590
v -46.576191 0.787217 120.204590
v -46.329693 0.033445 120.204590
v -46.576191 0.787217 120.204590
v -46.571072 0.152128 120.204590
v -46.688869 0.974159 120.204590
v -46.329693 2.488187 120.204590
v -46.760571 1.030497 120.204590
v -46.824001 1.063788 120.204590
v -46.760571 1.030497 120.204590
v -46.329693 2.488187 120.204590
v -46.895706 1.030497 120.204590
v -47.344204 2.488187 120.204590
v -46.967411 0.974159 120.204590
v -47.344204 0.033445 120.204590
v -46.571072 0.152128 120.204590
v -47.085209 0.152128 120.204590
v -47.028870 0.887090 120.204590
v -47.344204 2.488187 120.204590
v -47.080090 0.787217 120.204590
v -47.344204 2.488187 120.204590
v -47.085209 0.152128 120.204590
v -47.080090 0.787217 120.204590
v -46.576191 0.787217 120.116737
v -46.571072 0.152128 120.204590
v -46.576191 0.787217 120.204590
v -46.571072 0.152128 120.116737
v -47.085209 0.152128 120.204590
v -46.571072 0.152128 120.204590
v -46.627407 0.887090 120.116737
v -46.576191 0.787217 120.204590
v -46.627407 0.887090 120.204590
v -46.688869 0.974159 120.116737
v -46.627407 0.887090 120.204590
v -46.688869 0.974159 120.204590
v -46.760571 1.030497 120.116737
v -46.688869 0.974159 120.204590
v -46.760571 1.030497 120.204590
v -46.824001 1.063788 120.116737
v -46.760571 1.030497 120.204590
v -46.824001 1.063788 120.204590
v -46.895706 1.030497 120.116737
v -46.824001 1.063788 120.204590
v -46.895706 1.030497 120.204590
v -46.895706 1.030497 120.116737
v -46.967411 0.974159 120.204590
v -46.967411 0.974159 120.116737
v -47.080090 0.787217 120.116737
v -47.085209 0.152128 120.204590
v -47.085209 0.152128 120.116737
v -47.028870 0.887090 120.116737
v -46.967411 0.974159 120.204590
v -47.028870 0.887090 120.204590
v -47.080090 0.787217 120.116737
v -47.028870 0.887090 120.204590
v -47.080090 0.787217 120.204590
v -47.344204 2.488187 119.179031
v -46.329693 2.488187 119.179031
v -46.895706 1.030497 119.179031
v -47.344204 2.488187 119.179031
v -46.967411 0.974159 119.179031
v -47.028870 0.887090 119.179031
v -47.344204 0.033445 119.179031
v -47.080090 0.787217 119.179031
v -47.085209 0.152128 119.179031
v -46.329693 0.033445 119.179031
v -46.576191 0.787217 119.179031
v -46.329693 2.488187 119.179031
v -46.329693 0.033445 119.179031
v -47.085209 0.152128 119.179031
v -46.571072 0.152128 119.179031
v -46.329693 2.488187 119.179031
v -46.576191 0.787217 119.179031
v -46.627407 0.887090 119.179031
v -46.329693 2.488187 119.179031
v -46.688869 0.974159 119.179031
v -46.760571 1.030497 119.179031
v -46.329693 2.488187 119.179031
v -46.824001 1.063788 119.179031
v -46.895706 1.030497 119.179031
v -46.967411 0.974159 119.234886
v -47.028870 0.887090 119.179031
v -46.967411 0.974159 119.179031
v -47.028870 0.887090 119.234886
v -47.080090 0.787217 119.179031
v -47.028870 0.887090 119.179031
v -47.080090 0.787217 119.234886
v -47.085209 0.152128 119.179031
v -47.080090 0.787217 119.179031
v -46.576191 0.787217 119.179031
v -46.571072 0.152128 119.234886
v -46.576191 0.787217 119.234886
v -46.576191 0.787217 119.234886
v -46.627407 0.887090 119.179031
v -46.576191 0.787217 119.179031
v -46.627407 0.887090 119.234886
v -46.688869 0.974159 119.179031
v -46.627407 0.887090 119.179031
v -46.688869 0.974159 119.234886
v -46.760571 1.030497 119.179031
v -46.688869 0.974159 119.179031
v -46.760571 1.030497 119.234886
v -46.824001 1.063788 119.179031
v -46.760571 1.030497 119.179031
v -46.824001 1.063788 119.234886
v -46.895706 1.030497 119.179031
v -46.824001 1.063788 119.179031
v -46.895706 1.030497 119.234886
v -46.967411 0.974159 119.179031
v -46.895706 1.030497 119.179031
v -47.085209 0.152128 119.234886
v -46.571072 0.152128 119.179031
v -47.085209 0.152128 119.179031
v -47.344204 0.033445 119.179031
v -47.344204 0.787217 119.453896
v -47.344204 2.488187 119.179031
v -47.344204 0.033445 120.204590
v -47.344204 0.152128 119.448769
v -47.344204 0.033445 119.179031
v -47.344204 2.488187 119.179031
v -47.344204 0.887090 119.505104
v -47.344204 0.974159 119.566566
v -47.344204 2.488187 119.179031
v -47.344204 1.030497 119.638268
v -47.344204 1.063788 119.701698
v -47.344204 1.063788 119.701698
v -47.344204 2.488187 120.204590
v -47.344204 2.488187 119.179031
v -47.344204 0.033445 120.204590
v -47.344204 0.787217 119.957787
v -47.344204 0.152128 119.962906
v -47.344204 2.488187 120.204590
v -47.344204 0.974159 119.845108
v -47.344204 0.887090 119.906570
v -47.344204 2.488187 120.204590
v -47.344204 0.887090 119.906570
v -47.344204 0.787217 119.957787
v -47.344204 0.787217 119.453896
v -47.270851 0.152128 119.448769
v -47.270851 0.787217 119.453896
v -47.270851 0.787217 119.453896
v -47.344204 0.887090 119.505104
v -47.344204 0.787217 119.453896
v -47.270851 0.887090 119.505104
v -47.344204 0.974159 119.566566
v -47.344204 0.887090 119.505104
v -47.270851 0.974159 119.566566
v -47.344204 1.030497 119.638268
v -47.344204 0.974159 119.566566
v -47.270851 1.030497 119.638268
v -47.344204 1.063788 119.701698
v -47.344204 1.030497 119.638268
v -47.270851 1.063788 119.701698
v -47.344204 1.030497 119.773399
v -47.344204 1.063788 119.701698
v -47.270851 1.030497 119.773399
v -47.344204 0.974159 119.845108
v -47.344204 1.030497 119.773399
v -47.270851 0.152128 119.962906
v -47.344204 0.152128 119.448769
v -47.344204 0.152128 119.962906
v -47.344204 0.152128 119.962906
v -47.270851 0.787217 119.957787
v -47.270851 0.152128 119.962906
v -47.270851 0.974159 119.845108
v -47.344204 0.887090 119.906570
v -47.344204 0.974159 119.845108
v -47.270851 0.887090 119.906570
v -47.344204 0.787217 119.957787
v -47.344204 0.887090 119.906570
v -42.766998 2.587058 119.686905
v -42.767002 1.847641 120.437401
v -42.325863 1.847641 120.294067
v -42.766998 2.587058 119.686905
v -42.325863 1.847641 120.294067
v -42.053226 1.847641 119.918823
v -42.766998 2.587058 119.686905
v -42.053226 1.847641 119.918823
v -42.053226 1.847641 119.454979
v -42.766998 2.587058 119.686905
v -42.053226 1.847641 119.454979
v -42.325863 1.847641 119.079727
v -42.766998 2.587058 119.686905
v -42.325863 1.847641 119.079727
v -42.767002 1.847641 118.936394
v -42.767002 1.847641 120.437401
v -43.139175 2.587058 119.686905
v -43.139179 1.847641 120.437401
v -42.767002 1.847641 118.936394
v -43.139175 2.587058 119.686905
v -42.766998 2.587058 119.686905
v -46.639351 2.489799 120.185623
v -46.349331 4.676550 119.895714
v -46.494339 5.076533 120.040672
v -46.349331 2.489799 119.895714
v -46.349251 4.676550 119.485657
v -46.349289 5.076533 119.690689
v -46.349251 2.489799 119.485657
v -46.639153 4.676550 119.195633
v -46.494198 5.076533 119.340652
v -46.639153 2.489799 119.195633
v -47.049221 4.676550 119.195557
v -46.844185 5.076533 119.195595
v -47.049221 2.489799 119.195557
v -47.339237 4.676550 119.485466
v -47.194225 5.076533 119.340508
v -47.339237 2.489799 119.485466
v -47.339321 4.676550 119.895523
v -47.339275 5.076533 119.690491
v -47.339321 2.489799 119.895523
v -47.049416 4.676550 120.185547
v -47.194366 5.076533 120.040527
v -46.639351 4.676550 120.185623
v -47.049416 4.676550 120.185547
v -47.049416 2.489799 120.185547
v -47.049416 2.489799 120.185547
v -46.639351 2.489799 120.185623
v -46.639351 4.676550 120.185623
v -47.339237 2.489799 119.485466
v -47.339275 5.076533 119.690491
v -47.339237 4.676550 119.485466
v -47.049221 2.489799 119.195557
v -47.194225 5.076533 119.340508
v -47.049221 4.676550 119.195557
v -47.339321 2.489799 119.895523
v -47.194366 5.076533 120.040527
v -47.339321 4.676550 119.895523
v -46.639351 2.489799 120.185623
v -46.494339 5.076533 120.040672
v -46.639351 4.676550 120.185623
v -46.349331 2.489799 119.895714
v -46.349289 5.076533 119.690689
v -46.349331 4.676550 119.895714
v -46.349251 2.489799 119.485657
v -46.494198 5.076533 119.340652
v -46.349251 4.676550 119.485657
v -46.639153 2.489799 119.195633
v -46.844185 5.076533 119.195595
v -46.639153 4.676550 119.195633
v -46.329479 1.968855 118.556023
v -46.329479 1.828971 118.688957
v -46.329479 3.093970 119.686134
v -46.329479 1.828971 120.683311
v -43.140526 3.094338 119.686134
v -43.140526 1.969223 120.814445
v -43.140526 1.829339 120.683311
v -43.140526 1.969223 118.556023
v -43.140526 3.094338 119.686134
v -43.140526 1.829339 118.688957
v -47.344204 0.033445 120.204590
v -46.329693 0.033445 120.204590
v -46.571072 0.152128 120.204590
v -46.329693 0.033445 120.204590
v -46.329693 2.488187 120.204590
v -46.576191 0.787217 120.204590
v -46.895706 1.030497 120.204590
v -46.824001 1.063788 120.204590
v -46.329693 2.488187 120.204590
v -47.344204 2.488187 120.204590
v -46.967411 0.974159 119.179031
v -47.344204 2.488187 119.179031
v -46.895706 1.030497 119.179031
v -46.627407 0.887090 119.179031
v -46.824001 1.063788 119.179031
v -46.329693 2.488187 119.179031
v -46.760571 1.030497 119.179031
v -47.080090 0.787217 119.179031
v -46.329479 1.968855 120.814445
v -46.329479 0.033459 118.688957
v -43.140526 1.829339 118.688957
v -43.140526 0.033827 120.683311
v -43.140526 0.033827 118.688957
v -43.140526 1.829339 120.683311
v -47.334236 2.488187 120.116737
v -47.085209 0.152128 120.116737
v -47.334236 0.033445 120.116737
v -46.895706 1.030497 120.116737
v -46.329693 2.488187 120.116737
v -46.824001 1.063788 120.116737
v -46.329693 0.033445 120.116737
v -46.576191 0.787217 120.116737
v -46.329693 2.488187 120.116737
v -47.334236 0.033445 120.116737
v -46.571072 0.152128 120.116737
v -46.329693 0.033445 120.116737
v -47.334236 2.488187 120.116737
v -47.080090 0.787217 120.116737
v -47.085209 0.152128 120.116737
v -47.028870 0.887090 120.116737
v -47.334236 2.488187 120.116737
v -46.967411 0.974159 120.116737
v -46.571072 0.152128 120.116737
v -47.334236 2.488187 120.116737
v -47.270851 0.787217 119.453896
v -47.270851 0.033445 119.202835
v -47.270851 2.488187 119.202835
v -47.270851 0.152128 119.448769
v -47.270851 0.033445 120.196815
v -47.270851 0.033445 119.202835
v -47.270851 2.488187 119.202835
v -47.270851 0.887090 119.505104
v -47.270851 0.787217 119.453896
v -47.270851 2.488187 119.202835
v -47.270851 1.030497 119.638268
v -47.270851 0.974159 119.566566
v -47.270851 2.488187 120.196815
v -47.270851 1.063788 119.701698
v -47.270851 2.488187 119.202835
v -47.270851 0.787217 119.957787
v -47.270851 0.033445 120.196815
v -47.270851 0.152128 119.962906
v -47.270851 2.488187 120.196815
v -47.270851 0.974159 119.845108
v -47.270851 1.030497 119.773399
v -47.270851 2.488187 120.196815
v -47.270851 0.787217 119.957787
v -47.270851 0.887090 119.906570
v -46.760571 1.030497 120.116737
v -46.688869 0.974159 120.116737
v -46.329693 2.488187 120.116737
v -46.627407 0.887090 120.116737
v -46.329693 0.033445 120.116737
v -46.571072 0.152128 120.116737
v -46.576191 0.787217 120.116737
v -46.329693 2.488187 120.116737
v -46.576191 0.787217 120.116737
v -46.627407 0.887090 120.116737
v -47.329498 2.488187 119.234886
v -46.895706 1.030497 119.234886
v -46.329693 2.488187 119.234886
v -47.329498 2.488187 119.234886
v -47.028870 0.887090 119.234886
v -46.967411 0.974159 119.234886
v -47.329498 0.033445 119.234886
v -47.080090 0.787217 119.234886
v -47.329498 2.488187 119.234886
v -46.576191 0.787217 119.234886
v -46.329693 0.033445 119.234886
v -46.329693 2.488187 119.234886
v -46.329693 0.033445 119.234886
v -47.085209 0.152128 119.234886
v -47.329498 0.033445 119.234886
v -46.329693 2.488187 119.234886
v -46.627407 0.887090 119.234886
v -46.576191 0.787217 119.234886
v -46.329693 2.488187 119.234886
v -46.760571 1.030497 119.234886
v -46.688869 0.974159 119.234886
v -46.329693 2.488187 119.234886
v -46.895706 1.030497 119.234886
v -46.824001 1.063788 119.234886
v -46.967411 0.974159 119.234886
v -46.895706 1.030497 119.234886
v -47.329498 2.488187 119.234886
v -46.688869 0.974159 119.234886
v -46.627407 0.887090 119.234886
v -46.329693 2.488187 119.234886
v -46.824001 1.063788 119.234886
v -46.760571 1.030497 119.234886
v -46.329693 2.488187 119.234886
v -47.028870 0.887090 119.234886
v -42.767006 0.035404 120.437401
v -42.767002 1.847641 120.437401
v -43.139179 1.847641 120.437401
v -42.767006 0.035404 118.936394
v -43.139183 0.035404 118.936394
v -43.139179 1.847641 118.936394
v -42.325867 0.035404 120.294067
v -42.325863 1.847641 120.294067
v -42.767002 1.847641 120.437401
v -42.053230 0.035404 119.918823
v -42.053226 1.847641 119.918823
v -42.325863 1.847641 120.294067
v -42.053226 1.847641 119.454979
v -42.053230 0.035404 119.454979
v -42.325867 0.035404 119.079727
v -42.325863 1.847641 119.079727
v -42.325867 0.035404 119.079727
v -42.767006 0.035404 118.936394
v -42.767002 1.847641 118.936394
v -46.688869 0.974159 120.204590
v -46.627407 0.887090 120.204590
v -46.329693 2.488187 120.204590
v -47.344204 2.488187 120.204590
v -47.028870 0.887090 120.204590
v -46.967411 0.974159 120.204590
v -47.344204 2.488187 120.204590
v -46.576191 0.787217 120.116737
v -46.571072 0.152128 120.116737
v -46.571072 0.152128 120.204590
v -47.085209 0.152128 120.116737
v -46.627407 0.887090 120.116737
v -46.576191 0.787217 120.116737
v -46.576191 0.787217 120.204590
v -46.688869 0.974159 120.116737
v -46.627407 0.887090 120.116737
v -46.627407 0.887090 120.204590
v -46.760571 1.030497 120.116737
v -46.688869 0.974159 120.116737
v -46.688869 0.974159 120.204590
v -46.824001 1.063788 120.116737
v -46.760571 1.030497 120.116737
v -46.760571 1.030497 120.204590
v -46.895706 1.030497 120.116737
v -46.824001 1.063788 120.116737
v -46.824001 1.063788 120.204590
v -46.895706 1.030497 120.116737
v -46.895706 1.030497 120.204590
v -46.967411 0.974159 120.204590
v -47.080090 0.787217 120.116737
v -47.080090 0.787217 120.204590
v -47.085209 0.152128 120.204590
v -47.028870 0.887090 120.116737
v -46.967411 0.974159 120.116737
v -46.967411 0.974159 120.204590
v -47.080090 0.787217 120.116737
v -47.028870 0.887090 120.116737
v -47.028870 0.887090 120.204590
v -47.344204 0.033445 119.179031
v -47.344204 2.488187 119.179031
v -47.080090 0.787217 119.179031
v -46.329693 0.033445 119.179031
v -46.571072 0.152128 119.179031
v -46.576191 0.787217 119.179031
v -46.329693 0.033445 119.179031
v -47.344204 0.033445 119.179031
v -47.085209 0.152128 119.179031
v -46.967411 0.974159 119.234886
v -47.028870 0.887090 119.234886
v -47.028870 0.887090 119.179031
v -47.028870 0.887090 119.234886
v -47.080090 0.787217 119.234886
v -47.080090 0.787217 119.179031
v -47.080090 0.787217 119.234886
v -47.085209 0.152128 119.234886
v -47.085209 0.152128 119.179031
v -46.576191 0.787217 119.179031
v -46.571072 0.152128 119.179031
v -46.571072 0.152128 119.234886
v -46.576191 0.787217 119.234886
v -46.627407 0.887090 119.234886
v -46.627407 0.887090 119.179031
v -46.627407 0.887090 119.234886
v -46.688869 0.974159 119.234886
v -46.688869 0.974159 119.179031
v -46.688869 0.974159 119.234886
v -46.760571 1.030497 119.234886
v -46.760571 1.030497 119.179031
v -46.760571 1.030497 119.234886
v -46.824001 1.063788 119.234886
v -46.824001 1.063788 119.179031
v -46.895706 1.030497 119.234886
v -46.895706 1.030497 119.234886
v -46.967411 0.974159 119.234886
v -46.967411 0.974159 119.179031
v -46.571072 0.152128 119.234886
v -47.344204 0.787217 119.453896
v -47.344204 0.152128 119.448769
v -47.344204 2.488187 119.179031
v -47.344204 0.787217 119.453896
v -47.344204 0.887090 119.505104
v -47.344204 2.488187 119.179031
v -47.344204 0.974159 119.566566
v -47.344204 1.030497 119.638268
v -47.344204 1.030497 119.773399
v -47.344204 0.033445 120.204590
v -47.344204 2.488187 120.204590
v -47.344204 0.787217 119.957787
v -47.344204 2.488187 120.204590
v -47.344204 1.030497 119.773399
v -47.344204 0.974159 119.845108
v -47.344204 0.152128 119.448769
v -47.270851 0.787217 119.453896
v -47.270851 0.887090 119.505104
v -47.344204 0.887090 119.505104
v -47.270851 0.887090 119.505104
v -47.270851 0.974159 119.566566
v -47.344204 0.974159 119.566566
v -47.270851 1.030497 119.638268
v -47.270851 1.030497 119.638268
v -47.270851 1.063788 119.701698
v -47.344204 1.063788 119.701698
v -47.270851 1.030497 119.773399
v -47.270851 1.030497 119.773399
v -47.270851 0.974159 119.845108
v -47.344204 0.974159 119.845108
v -47.270851 0.152128 119.448769
v -47.344204 0.787217 119.957787
v -47.270851 0.974159 119.845108
v -47.270851 0.887090 119.906570
v -47.344204 0.887090 119.906570
v -47.270851 0.787217 119.957787
v -42.766998 2.587058 119.686905
v -43.139179 1.847641 118.936394
v -46.639351 2.489799 120.185623
v -46.349331 2.489799 119.895714
v -46.349331 4.676550 119.895714
v -46.349331 2.489799 119.895714
v -46.349251 2.489799 119.485657
v -46.349251 4.676550 119.485657
v -46.349251 2.489799 119.485657
v -46.639153 2.489799 119.195633
v -46.639153 4.676550 119.195633
v -46.639153 2.489799 119.195633
v -47.049221 2.489799 119.195557
v -47.049221 4.676550 119.195557
v -47.049221 2.489799 119.195557
v -47.339237 2.489799 119.485466
v -47.339237 4.676550 119.485466
v -47.339237 2.489799 119.485466
v -47.339321 2.489799 119.895523
v -47.339321 4.676550 119.895523
v -47.339321 2.489799 119.895523
v -47.049416 2.489799 120.185547
v -47.049416 4.676550 120.185547
v -46.639351 4.676550 120.185623
v -46.847435 5.076850 120.185608
v -47.049416 4.676550 120.185547
v -46.329479 0.033459 120.683311
v -43.140526 1.829339 120.683311
v -47.028870 0.887090 120.116737
v -47.080090 0.787217 120.116737
v -47.334236 2.488187 120.116737
v -46.895706 1.030497 120.116737
v -46.967411 0.974159 120.116737
v -47.334236 2.488187 120.116737
v -47.270851 0.787217 119.453896
v -47.270851 0.152128 119.448769
v -47.270851 0.033445 119.202835
v -47.270851 0.152128 119.962906
v -47.270851 2.488187 119.202835
v -47.270851 0.974159 119.566566
v -47.270851 0.887090 119.505104
v -47.270851 2.488187 119.202835
v -47.270851 1.063788 119.701698
v -47.270851 1.030497 119.638268
v -47.270851 2.488187 120.196815
v -47.270851 1.030497 119.773399
v -47.270851 1.063788 119.701698
v -47.270851 0.787217 119.957787
v -47.270851 2.488187 120.196815
v -47.270851 0.033445 120.196815
v -47.270851 2.488187 120.196815
v -47.270851 0.887090 119.906570
v -47.270851 0.974159 119.845108
v -46.688869 0.974159 120.116737
v -46.760571 1.030497 120.116737
v -46.329693 2.488187 120.116737
v -47.329498 0.033445 119.234886
v -47.085209 0.152128 119.234886
v -47.080090 0.787217 119.234886
v -46.571072 0.152128 119.234886
v -47.085209 0.152128 119.234886
s 0
f 7336 7337 7338
f 7339 7340 7341
f 7342 7343 7344
f 7345 7346 7347
f 7348 7349 7350
f 7351 7352 7353
f 7354 7355 7356
f 7357 7358 7359
f 7360 7361 7362
f 7363 7364 7365
f 7366 7367 7368
f 7369 7370 7371
f 7372 7373 7374
f 7375 7376 7377
f 7378 7379 7380
f 7381 7382 7383
f 7639 7640 7641
f 7642 7643 7644
f 7645 7646 7647
f 7648 7649 7650
f 7651 7652 7653
f 7654 7655 7656
f 7657 7658 7659
f 7660 7661 7662
f 7384 7385 7386
f 7385 7387 7386
f 7387 7412 7386
f 7413 7387 7385
f 7413 7663 7387
f 7033 7034 7035
f 7036 7037 7038
f 7039 7040 7041
f 7042 7043 7044
f 7045 7046 7047
f 7512 7513 7514
f 7515 7516 7517
f 7039 7518 7040
f 7519 7520 7521
f 7522 7523 7524
f 7027 7028 7029
f 7030 7031 7032
f 7506 7507 7508
f 7509 7510 7511
f 7144 7145 7146
f 7147 7148 7149
f 7150 7151 7152
f 7153 7154 7155
f 7156 7157 7158
f 7159 7160 7161
f 7162 7163 7164
f 7165 7166 7167
f 7168 7169 7170
f 7171 7172 7173
f 7174 7175 7176
f 7177 7178 7179
f 7180 7181 7182
f 7183 7184 7185
f 7186 7187 7188
f 7189 7190 7191
f 7192 7193 7194
f 7195 7196 7197
f 7198 7199 7200
f 7201 7202 7203
f 7204 7205 7206
f 7207 7208 7209
f 7210 7211 7212
f 7213 7214 7215
f 7216 7217 7218
f 7219 7220 7221
f 7222 7223 7224
f 7225 7226 7227
f 7228 7229 7230
f 7231 7232 7233
f 7234 7235 7236
f 7237 7238 7239
f 7240 7241 7242
f 7243 7244 7245
f 7246 7247 7248
f 7249 7250 7251
f 7252 7253 7254
f 7255 7256 7257
f 7258 7259 7260
f 7261 7262 7263
f 7264 7265 7266
f 7267 7268 7269
f 7270 7271 7272
f 7273 7274 7275
f 7276 7277 7278
f 7279 7280 7281
f 7282 7283 7284
f 7285 7286 7287
f 7288 7289 7290
f 7291 7292 7293
f 7294 7295 7296
f 7297 7298 7299
f 7300 7301 7302
f 7303 7304 7305
f 7306 7307 7308
f 7309 7310 7311
f 7312 7313 7314
f 7394 7395 7396
f 7397 7398 7399
f 7400 7401 7402
f 7403 7159 7161
f 7404 7405 7406
f 7220 7219 7407
f 7408 7409 7410
f 7411 7204 7206
f 7418 7419 7420
f 7421 7422 7423
f 7424 7425 7426
f 7427 7428 7429
f 7430 7431 7432
f 7433 7434 7435
f 7420 7419 7436
f 7421 7437 7422
f 7438 7439 7440
f 7441 7442 7443
f 7444 7445 7446
f 7447 7448 7449
f 7450 7451 7452
f 7453 7454 7455
f 7456 7457 7458
f 7459 7460 7461
f 7423 7422 7462
f 7463 7464 7465
f 7466 7467 7468
f 7469 7470 7471
f 7472 7473 7474
f 7475 7476 7477
f 7478 7479 7480
f 7481 7482 7483
f 7484 7485 7486
f 7487 7488 7489
f 7490 7491 7492
f 7493 7494 7495
f 7496 7497 7498
f 7499 7500 7501
f 7502 7503 7504
f 7479 7505 7480
f 7525 7526 7527
f 7400 7402 7528
f 7529 7530 7531
f 7532 7533 7534
f 7171 7535 7172
f 7536 7537 7538
f 7539 7540 7541
f 7542 7543 7544
f 7545 7546 7547
f 7548 7549 7550
f 7551 7552 7553
f 7554 7555 7556
f 7557 7558 7559
f 7560 7561 7562
f 7563 7564 7565
f 7566 7567 7568
f 7569 7570 7571
f 7572 7573 7574
f 7575 7576 7577
f 7578 7579 7580
f 7581 7582 7583
f 7584 7585 7586
f 7587 7588 7589
f 7590 7591 7592
f 7593 7594 7595
f 7249 7596 7250
f 7597 7598 7599
f 7255 7600 7256
f 7263 7262 7601
f 7273 7275 7602
f 7603 7604 7605
f 7606 7607 7608
f 7270 7609 7271
f 7610 7611 7612
f 7613 7614 7615
f 7282 7616 7283
f 7617 7618 7619
f 7620 7621 7622
f 7291 7623 7292
f 7624 7625 7626
f 7297 7627 7298
f 7628 7629 7630
f 7303 7631 7304
f 7306 7632 7307
f 7633 7634 7635
f 7312 7636 7313
f 7665 7666 7667
f 7668 7669 7670
f 7671 7672 7673
f 7441 7674 7442
f 7675 7676 7677
f 7678 7679 7680
f 7681 7682 7683
f 7684 7685 7686
f 7687 7688 7689
f 7690 7691 7692
f 7693 7694 7695
f 7481 7696 7482
f 7482 7696 7697
f 7015 7016 7017
f 7018 7019 7020
f 7021 7022 7023
f 7024 7025 7026
f 7315 7316 7317
f 7318 7319 7320
f 7321 7322 7323
f 7324 7325 7326
f 7327 7328 7329
f 7330 7331 7332
f 7333 7334 7335
f 7330 7637 7331
f 7333 7638 7334
f 7048 7049 7050
f 7051 7052 7053
f 7054 7055 7056
f 7057 7058 7059
f 7060 7061 7062
f 7063 7064 7065
f 7066 7067 7068
f 7069 7070 7071
f 7388 7389 7390
f 7391 7392 7393
f 7414 7415 7416
f 7393 7392 7417
f 7414 7664 7415
f 6995 6996 6997
f 6997 6998 6995
f 6999 7000 7001
f 7001 7002 6999
f 7003 7004 7005
f 7006 7007 7008
f 7009 7010 7011
f 7012 7013 7014
f 7072 7073 7074
f 7075 7076 7077
f 7078 7079 7080
f 7081 7082 7083
f 7084 7085 7086
f 7087 7088 7089
f 7090 7091 7092
f 7093 7094 7095
f 7096 7097 7098
f 7099 7100 7101
f 7102 7103 7104
f 7105 7106 7107
f 7108 7109 7110
f 7111 7112 7113
f 7114 7115 7116
f 7117 7118 7119
f 7120 7121 7122
f 7123 7124 7125
f 7126 7127 7128
f 7129 7130 7131
f 7132 7133 7134
f 7135 7136 7137
f 7138 7139 7140
f 7141 7142 7143
o Palazzo50
v -49.866734 0.021000 105.703857
v -47.000290 0.021000 105.703857
v -47.000290 1.346332 105.703857
v -49.866734 1.346332 105.703857
v -47.000290 0.021000 105.703857
v -47.000290 0.021000 104.285744
v -47.000290 1.346332 104.285728
v -47.000290 1.346332 105.703857
v -47.000290 0.021000 104.285744
v -49.866734 0.021000 104.285744
v -49.866734 1.346332 104.285744
v -47.000290 1.346332 104.285728
v -49.866734 0.021000 104.285744
v -49.866734 0.021000 105.703857
v -49.866734 1.346332 105.703857
v -49.866734 1.346332 104.285744
v -48.572636 0.594583 105.728050
v -47.520004 1.057949 105.728050
v -47.520004 0.594583 105.728050
v -48.572636 1.057949 105.728050
s 1
f 7698 7699 7700
f 7701 7698 7700
f 7702 7703 7704
f 7704 7705 7702
f 7706 7707 7708
f 7708 7709 7706
f 7710 7711 7712
f 7712 7713 7710
s 0
f 7714 7715 7716
f 7715 7714 7717
o Palazzo51
v -57.618225 0.021000 105.544937
v -53.603493 0.021000 105.544937
v -53.603493 2.304609 105.544937
v -57.618225 2.304609 105.544937
v -53.603493 0.021000 105.544937
v -53.603493 0.021000 103.408653
v -53.603493 2.304609 103.408653
v -53.603493 2.304609 105.544937
v -57.618225 0.021000 103.408653
v -57.618225 0.021000 105.544937
v -57.618225 2.304609 105.544937
v -57.618225 2.304609 103.408653
s 1
f 7718 7719 7720
f 7721 7718 7720
f 7722 7723 7724
f 7724 7725 7722
f 7726 7727 7728
f 7728 7729 7726
o Palazzo52
v -61.634132 0.021000 105.295372
v -57.623291 0.021000 105.295372
v -57.623291 1.661800 105.295372
v -61.634132 1.661800 105.295372
s 0
f 7730 7731 7732
f 7733 7730 7732
o Palazzo53
v -56.287922 0.021000 107.366302
v -61.531918 0.021000 107.366302
v -61.531918 1.379855 107.366302
v -56.287922 1.379855 107.366302
s 0
f 7734 7735 7736
f 7737 7734 7736
o Palazzo55
v -52.466476 0.021000 108.563210
v -52.466476 0.021000 107.078690
v -52.466476 1.739933 107.078690
v -52.466476 1.739933 108.563210
v -52.466476 0.021000 107.078690
v -56.295017 0.021000 107.078690
v -56.295017 1.739933 107.078690
v -52.466476 1.739933 107.078690
v -56.295017 0.021000 107.078690
v -56.295017 0.021000 108.563210
v -56.295017 1.739933 108.563210
v -56.295017 1.739933 107.078690
s 1
f 7738 7739 7740
f 7741 7738 7740
f 7742 7743 7744
f 7744 7745 7742
f 7746 7747 7748
f 7748 7749 7746
o Stazionazz01
v -55.179363 1.408788 121.069908
v -55.179363 1.408792 123.303078
v -55.179363 0.000000 125.085625
v -55.179363 1.755320 125.085625
v -55.179363 1.762320 123.310081
v -55.179363 1.412287 118.700211
v -55.179363 2.188381 118.689674
v -55.179363 2.188381 121.076866
v -55.179363 0.000000 114.653931
v -55.179363 1.408787 116.460037
v -55.179363 1.778204 114.653931
v -55.179363 1.779817 116.460037
v -57.399364 1.408788 121.069908
v -57.399364 1.408792 123.303078
v -57.399364 1.755320 125.085625
v -57.399364 0.000000 125.085625
v -57.399364 1.762320 123.310081
v -57.399364 1.412287 118.700211
v -57.399364 2.188381 118.689674
v -57.399364 2.188381 121.076866
v -57.399364 0.000000 114.653931
v -57.399364 1.408787 116.460037
v -57.399364 1.778204 114.653931
v -57.399364 1.779817 116.460037
s 1
f 7750 7751 7752
f 7753 7752 7754
f 7754 7752 7751
f 7750 7755 7756
f 7750 7756 7757
f 7752 7758 7759
f 7752 7759 7755
f 7755 7750 7752
f 7759 7758 7760
f 7759 7760 7761
f 7762 7763 7751
f 7751 7750 7762
f 7764 7765 7752
f 7752 7753 7764
f 7766 7764 7753
f 7753 7754 7766
f 7763 7766 7754
f 7754 7751 7763
f 7767 7768 7756
f 7756 7755 7767
f 7768 7769 7757
f 7757 7756 7768
f 7762 7750 7769
f 7750 7757 7769
f 7765 7770 7758
f 7758 7752 7765
f 7771 7767 7755
f 7755 7759 7771
f 7770 7772 7760
f 7760 7758 7770
f 7772 7773 7761
f 7761 7760 7772
f 7773 7771 7759
f 7759 7761 7773
o GraficaCapanazz01
v 43.026276 0.021000 134.184540
v 46.645729 0.021000 134.184540
v 46.645729 5.043913 134.184540
v 43.026276 5.043913 134.184540
v 46.645729 0.021000 134.184540
v 46.645729 0.021000 130.195740
v 46.645729 5.043913 130.195740
v 46.645729 5.043913 134.184540
v 43.026276 0.021000 130.195740
v 43.026276 0.021000 134.184540
v 43.026276 5.043913 134.184540
v 43.026276 5.043913 130.195740
s 1
f 7774 7775 7776
f 7777 7774 7776
f 7778 7779 7780
f 7780 7781 7778
f 7782 7783 7784
f 7784 7785 7782
o GraficaCapanazz02
v 36.478203 0.021000 127.632439
v 39.664318 0.021000 127.632439
v 39.664318 3.886124 127.632439
v 36.478203 3.886124 127.632439
v 36.478203 0.021000 123.924019
v 36.478203 0.021000 127.632439
v 36.478203 3.886124 127.632439
v 36.478203 3.886124 123.924019
s 1
f 7786 7787 7788
f 7789 7786 7788
f 7790 7791 7792
f 7792 7793 7790
o GraficaPalazzi03
v -31.115204 1.101023 71.771851
v -26.803232 1.101023 71.771851
v -26.803232 4.264351 71.771851
v -31.115204 4.264351 71.771851
v -26.803232 1.101023 71.771851
v -26.803232 1.101023 69.608582
v -26.803232 4.264351 69.608582
v -26.803232 4.264351 71.771851
v -26.803232 1.101023 69.608582
v -31.115204 1.101023 69.608582
v -31.115204 4.264351 69.608582
v -26.803232 4.264351 69.608582
v -31.115952 1.101023 72.607628
v -31.115952 1.101023 68.834656
v -31.115952 8.457599 68.834656
v -31.115952 8.457599 72.607628
v -31.115952 1.101023 68.834656
v -32.077404 1.101023 68.834656
v -32.077404 8.457599 68.834656
v -31.115952 8.457599 68.834656
v -32.077404 1.101023 68.834656
v -32.077404 1.101023 72.607628
v -32.077404 8.457599 72.607628
v -32.077404 8.457599 68.834656
v -32.077404 1.101023 72.607628
v -31.115952 1.101023 72.607628
v -31.115952 8.457599 72.607628
v -32.077404 8.457599 72.607628
s 1
f 7794 7795 7796
f 7797 7794 7796
f 7798 7799 7800
f 7800 7801 7798
f 7802 7803 7804
f 7804 7805 7802
f 7806 7807 7808
f 7808 7809 7806
f 7810 7811 7812
f 7812 7813 7810
f 7814 7815 7816
f 7816 7817 7814
f 7818 7819 7820
f 7820 7821 7818
o GraficaPalazzi04
v -25.274069 1.000000 72.099205
v -23.480335 1.000000 72.099205
v -23.480335 8.607907 72.099205
v -25.274069 8.607907 72.099205
v -23.480335 1.000000 72.099205
v -23.480335 1.000000 70.305473
v -23.480335 8.607907 70.305473
v -23.480335 8.607907 72.099205
v -23.480335 1.000000 70.305473
v -25.274069 1.000000 70.305473
v -25.274069 8.607907 70.305473
v -23.480335 8.607907 70.305473
v -25.274069 1.000000 70.305473
v -25.274069 1.000000 72.099205
v -25.274069 8.607907 72.099205
v -25.274069 8.607907 70.305473
s 1
f 7822 7823 7824
f 7825 7822 7824
f 7826 7827 7828
f 7828 7829 7826
f 7830 7831 7832
f 7832 7833 7830
f 7834 7835 7836
f 7836 7837 7834
o Palazzo01
v -16.824360 1.521000 76.590370
v -13.236269 1.521000 76.590370
v -13.236269 4.604069 76.590370
v -16.824360 4.604069 76.590370
v -13.236269 1.521000 76.590370
v -13.236269 1.521000 72.995728
v -13.236269 4.604069 72.995728
v -13.236269 4.604069 76.590370
v -13.236269 1.521000 72.995728
v -16.824360 1.521000 72.995728
v -16.824360 4.604069 72.995728
v -13.236269 4.604069 72.995728
v -16.824360 1.521000 72.995728
v -16.824360 1.521000 76.590370
v -16.824360 4.604069 76.590370
v -16.824360 4.604069 72.995728
s 1
f 7838 7839 7840
f 7841 7838 7840
f 7842 7843 7844
f 7844 7845 7842
f 7846 7847 7848
f 7848 7849 7846
f 7850 7851 7852
f 7852 7853 7850
o Palazzo02
v 9.382563 1.483099 76.642921
v 12.905248 1.483099 76.642921
v 12.905248 4.566168 76.642921
v 9.382563 4.566168 76.642921
v 12.905248 1.483099 73.048279
v 9.382563 1.483099 73.048279
v 9.382563 4.566168 73.048279
v 12.905248 4.566168 73.048279
v 9.382563 1.483099 73.048279
v 9.382563 1.483099 76.642921
v 9.382563 4.566168 76.642921
v 9.382563 4.566168 73.048279
s 1
f 7854 7855 7856
f 7857 7854 7856
f 7858 7859 7860
f 7860 7861 7858
f 7862 7863 7864
f 7864 7865 7862
o Palazzo03
v -7.191984 0.170188 88.260216
v -2.957227 0.170188 88.260216
v -2.957227 0.976181 88.260216
v -7.191984 0.976181 88.260216
v -2.957227 0.170188 88.260216
v -2.957227 0.176724 83.080658
v -2.957227 0.976181 83.080658
v -2.957227 0.976181 88.260216
v -2.957227 0.176724 83.080658
v -7.191984 0.176724 83.080658
v -7.191984 0.976181 83.080658
v -2.957227 0.976181 83.080658
v -7.191984 0.176724 83.080658
v -7.191984 0.170188 88.260216
v -7.191984 0.976181 88.260216
v -7.191984 0.976181 83.080658
v -2.957227 1.735731 88.260216
v -7.191984 1.735731 88.260216
v -7.191984 0.976181 88.260216
v -2.957227 0.976181 88.260216
v -2.957227 1.735731 83.080658
v -2.957227 1.735731 88.260216
v -2.957227 0.976181 88.260216
v -2.957227 0.976181 83.080658
v -7.191984 1.735731 83.080658
v -2.957227 1.735731 83.080658
v -2.957227 0.976181 83.080658
v -7.191984 0.976181 83.080658
v -7.191984 1.735731 88.260216
v -7.191984 1.735731 83.080658
v -7.191984 0.976181 83.080658
v -7.191984 0.976181 88.260216
v -2.957227 4.823984 88.260216
v -7.191984 4.823984 88.260216
v -7.191984 1.735731 88.260216
v -2.957227 1.735731 88.260216
v -2.957227 4.823985 83.080658
v -2.957227 4.823984 88.260216
v -2.957227 1.735731 88.260216
v -2.957227 1.735731 83.080658
v -7.191984 4.823985 83.080658
v -2.957227 4.823985 83.080658
v -2.957227 1.735731 83.080658
v -7.191984 1.735731 83.080658
v -7.191984 4.823984 88.260216
v -7.191984 4.823985 83.080658
v -7.191984 1.735731 83.080658
v -7.191984 1.735731 88.260216
s 1
f 7866 7867 7868
f 7869 7866 7868
f 7870 7871 7872
f 7872 7873 7870
f 7874 7875 7876
f 7876 7877 7874
f 7878 7879 7880
f 7880 7881 7878
f 7882 7883 7884
f 7884 7885 7882
f 7886 7887 7888
f 7888 7889 7886
f 7890 7891 7892
f 7892 7893 7890
f 7894 7895 7896
f 7896 7897 7894
f 7898 7899 7900
f 7900 7901 7898
f 7902 7903 7904
f 7904 7905 7902
f 7906 7907 7908
f 7908 7909 7906
f 7910 7911 7912
f 7912 7913 7910
o Palazzo04
v -11.137347 0.463500 87.043205
v -7.194869 0.463500 87.043205
v -7.194869 8.770371 87.043205
v -11.137347 8.770371 87.043205
v -7.194869 0.463500 87.043205
v -7.194869 1.301025 83.540825
v -7.194869 8.770372 83.540825
v -7.194869 8.770371 87.043205
v -7.194869 1.301025 83.540825
v -11.137347 1.301025 83.540825
v -11.137347 8.770372 83.540825
v -7.194869 8.770372 83.540825
v -11.137347 1.301025 83.540825
v -11.137347 0.463500 87.043205
v -11.137347 8.770371 87.043205
v -11.137347 8.770372 83.540825
s 1
f 7914 7915 7916
f 7917 7914 7916
f 7918 7919 7920
f 7920 7921 7918
f 7922 7923 7924
f 7924 7925 7922
f 7926 7927 7928
f 7928 7929 7926
o Palazzo05
v -15.379616 0.170188 88.260208
v -11.144859 0.170188 88.260208
v -11.144859 5.322061 88.260208
v -15.379616 5.322061 88.260208
v -11.144859 0.170188 88.260208
v -11.144859 1.416739 83.080650
v -11.144859 5.322061 83.080650
v -11.144859 5.322061 88.260208
v -11.144859 1.416739 83.080650
v -15.379616 1.416739 83.080650
v -15.379616 5.322061 83.080650
v -11.144859 5.322061 83.080650
v -15.379616 1.416739 83.080650
v -15.379616 0.170188 88.260208
v -15.379616 5.322061 88.260208
v -15.379616 5.322061 83.080650
s 1
f 7930 7931 7932
f 7933 7930 7932
f 7934 7935 7936
f 7936 7937 7934
f 7938 7939 7940
f 7940 7941 7938
f 7942 7943 7944
f 7944 7945 7942
o Palazzo07
v -15.609819 0.000000 94.280609
v -13.231316 0.000000 94.280609
v -13.231316 3.884660 94.280609
v -15.609819 3.884660 94.280609
v -13.231316 0.000000 94.280609
v -13.231316 0.000000 88.266327
v -13.231316 3.884660 88.266327
v -13.231316 3.884660 94.280609
s 1
f 7946 7947 7948
f 7949 7946 7948
f 7950 7951 7952
f 7952 7953 7950
o Palazzo08
v -12.806467 0.000000 98.937706
v -12.806467 0.000000 94.290901
v -12.806467 2.751635 94.290901
v -12.806467 2.751635 98.937706
v -12.806467 0.000000 94.290901
v -15.525058 0.000000 94.208382
v -15.525058 2.751635 94.208382
v -12.806467 2.751635 94.290901
s 1
f 7954 7955 7956
f 7957 7954 7956
f 7958 7959 7960
f 7960 7961 7958
o Palazzo09
v -7.189404 0.020000 102.591873
v -3.142884 0.020000 102.591873
v -3.142884 2.308794 102.591873
v -7.189404 2.308794 102.591873
v -3.142884 0.020000 102.591873
v -3.142884 0.020000 98.869064
v -3.142884 2.308794 98.869064
v -3.142884 2.308794 102.591873
v -3.142884 0.020000 98.869064
v -7.189404 0.020000 98.869064
v -7.189404 2.308794 98.869064
v -3.142884 2.308794 98.869064
s 1
f 7962 7963 7964
f 7965 7962 7964
f 7966 7967 7968
f 7968 7969 7966
f 7970 7971 7972
f 7972 7973 7970
o Palazzo10
v -13.015862 0.000000 104.231766
v -7.208698 0.000000 104.231766
v -7.208698 6.364742 104.231766
v -13.015862 6.364742 104.231766
v -7.208698 0.000000 104.231766
v -7.208698 0.000000 98.461243
v -7.208698 6.364742 98.461243
v -7.208698 6.364742 104.231766
v -7.208698 0.000000 98.461243
v -13.015862 0.000000 98.461243
v -13.015862 6.364742 98.461243
v -7.208698 6.364742 98.461243
s 1
f 7974 7975 7976
f 7977 7974 7976
f 7978 7979 7980
f 7980 7981 7978
f 7982 7983 7984
f 7984 7985 7982
o Palazzo12
v -13.880942 0.558420 106.625687
v -12.262333 0.558420 106.625687
v -12.262333 0.558420 103.696609
v -13.880942 0.558420 103.696609
v -12.262333 0.000000 106.625687
v -12.262333 0.000000 103.696609
v -12.262333 0.558420 103.696609
v -12.262333 0.558420 106.625687
s 1
f 7986 7987 7988
f 7989 7986 7988
f 7990 7991 7992
f 7992 7993 7990
o Palazzo13
v -9.860798 0.000000 95.840355
v -3.360798 0.000000 95.840355
v -3.360798 2.113170 95.840355
v -9.860798 2.113170 95.840355
v -3.360798 0.000000 95.840355
v -3.360798 0.000000 91.340355
v -3.360798 2.113170 91.340355
v -3.360798 2.113170 95.840355
v -3.360798 0.000000 91.340355
v -9.860798 0.000000 91.340355
v -9.860798 2.113170 91.340355
v -3.360798 2.113170 91.340355
v -9.860798 0.000000 91.340355
v -9.860798 0.000000 95.840355
v -9.860798 2.113170 95.840355
v -9.860798 2.113170 91.340355
v -8.255233 8.457599 95.536057
s 1
f 7994 7995 7996
f 7997 7994 7996
f 7998 7999 8000
f 8000 8001 7998
f 8002 8003 8004
f 8004 8005 8002
f 8006 8007 8008
f 8008 8009 8006
o Palazzo15
v -15.141266 1.521000 83.156166
v -15.141266 1.521000 79.006371
v -15.141266 3.866364 79.006371
v -15.141266 3.866364 83.156166
v -15.141266 1.521000 79.006371
v -16.737280 1.521000 79.006371
v -16.737280 3.866364 79.006371
v -15.141266 3.866364 79.006371
v -16.737280 1.521000 79.006371
v -16.737280 1.521000 83.156166
v -16.737280 3.866364 83.156166
v -16.737280 3.866364 79.006371
s 1
f 8011 8012 8013
f 8014 8011 8013
f 8015 8016 8017
f 8017 8018 8015
f 8019 8020 8021
f 8021 8022 8019
o Palazzo16
v 2.658437 1.870194 88.260216
v 6.893194 1.870194 88.260216
v 6.893194 1.870195 83.080658
v 2.658437 1.870195 83.080658
v 2.658437 0.170188 88.260216
v 6.893194 0.170188 88.260216
v 6.893194 1.870194 88.260216
v 2.658437 1.870194 88.260216
v 6.893194 0.170188 88.260216
v 6.893194 1.416739 83.080658
v 6.893194 1.870195 83.080658
v 6.893194 1.870194 88.260216
v 6.893194 1.416739 83.080658
v 2.658437 1.416739 83.080658
v 2.658437 1.870195 83.080658
v 6.893194 1.870195 83.080658
v 2.658437 0.170188 88.260216
v 2.658437 1.870194 88.260216
v 2.658437 1.416739 83.080658
v 2.658437 1.870195 83.080658
s 1
f 8023 8024 8025
f 8026 8023 8025
f 8027 8028 8029
f 8029 8030 8027
f 8031 8032 8033
f 8033 8034 8031
f 8035 8036 8037
f 8037 8038 8035
f 8039 8040 8041
f 8040 8042 8041
o Palazzo17
v 9.133573 0.012216 88.912361
v 14.016501 0.012216 88.912361
v 14.016501 1.611803 88.912361
v 9.133573 1.611803 88.912361
v 14.016501 1.416739 83.080658
v 9.133573 1.416739 83.080658
v 9.133573 1.611803 83.080658
v 14.016501 1.611803 83.080658
v 9.133573 1.416739 83.080658
v 9.133573 0.012216 88.912361
v 9.133573 1.611803 88.912361
v 9.133573 1.611803 83.080658
v 14.016501 4.087306 88.912361
v 9.133573 4.087306 88.912361
v 9.133573 1.611803 88.912361
v 14.016501 1.611803 88.912361
v 9.133573 4.087307 83.080658
v 14.016501 4.087307 83.080658
v 14.016501 1.611803 83.080658
v 9.133573 1.611803 83.080658
v 9.133573 4.087306 88.912361
v 9.133573 4.087307 83.080658
v 9.133573 1.611803 83.080658
v 9.133573 1.611803 88.912361
s 1
f 8043 8044 8045
f 8046 8043 8045
f 8047 8048 8049
f 8049 8050 8047
f 8051 8052 8053
f 8053 8054 8051
f 8055 8056 8057
f 8057 8058 8055
f 8059 8060 8061
f 8061 8062 8059
f 8063 8064 8065
f 8065 8066 8063
o Palazzo19
v -42.068836 0.000000 83.122429
v -36.616341 0.000000 83.122429
v -36.616341 7.024989 83.122429
v -42.068836 7.024989 83.122429
v -36.616341 0.000000 83.122429
v -36.616341 0.000000 79.242920
v -36.616341 7.024989 79.242920
v -36.616341 7.024989 83.122429
v -36.616341 0.000000 79.242920
v -42.068836 0.000000 79.242920
v -42.068836 7.024989 79.242920
v -36.616341 7.024989 79.242920
v -42.068836 0.000000 79.242920
v -42.068836 0.000000 83.122429
v -42.068836 7.024989 83.122429
v -42.068836 7.024989 79.242920
s 1
f 8067 8068 8069
f 8070 8067 8069
f 8071 8072 8073
f 8073 8074 8071
f 8075 8076 8077
f 8077 8078 8075
f 8079 8080 8081
f 8081 8082 8079
o Palazzo20
v -42.302917 0.000000 75.252930
v -36.542019 0.000000 75.252930
v -36.542019 2.280000 75.252930
v -42.302917 2.280000 75.252930
v -36.542019 0.000000 75.252930
v -36.542019 0.000000 72.642647
v -36.542019 2.280000 72.642647
v -36.542019 2.280000 75.252930
v -42.302917 0.000000 72.642647
v -42.302917 0.000000 75.252930
v -42.302917 2.280000 75.252930
v -42.302917 2.280000 72.642647
s 1
f 8083 8084 8085
f 8086 8083 8085
f 8087 8088 8089
f 8089 8090 8087
f 8091 8092 8093
f 8093 8094 8091
o Palazzo21
v -49.046452 0.000000 82.252640
v -46.754539 0.000000 82.252640
v -46.754539 3.000000 82.252640
v -49.046452 3.000000 82.252640
v -46.754539 0.000000 82.252640
v -46.754539 0.000000 79.165794
v -46.754539 3.000000 79.165794
v -46.754539 3.000000 82.252640
v -46.754539 0.000000 79.165794
v -49.046452 0.000000 79.165794
v -49.046452 3.000000 79.165794
v -46.754539 3.000000 79.165794
v -49.046452 0.000000 79.165794
v -49.046452 0.000000 82.252640
v -49.046452 3.000000 82.252640
v -49.046452 3.000000 79.165794
s 1
f 8095 8096 8097
f 8098 8095 8097
f 8099 8100 8101
f 8101 8102 8099
f 8103 8104 8105
f 8105 8106 8103
f 8107 8108 8109
f 8109 8110 8107
o Palazzo22
v -48.957867 0.000000 83.720329
v -48.957867 0.000000 82.247025
v -48.957867 1.602210 82.247025
v -48.957867 1.602210 83.720329
v -48.957867 0.000000 82.247025
v -51.351971 0.000000 82.247025
v -51.351971 1.602210 82.247025
v -48.957867 1.602210 82.247025
s 1
f 8111 8112 8113
f 8114 8111 8113
f 8115 8116 8117
f 8117 8118 8115
o Palazzo24
v -51.342907 0.021000 82.256287
v -51.342907 0.021000 79.135109
v -51.342907 0.610318 79.135109
v -51.342907 0.610318 82.256287
v -51.342907 0.021000 79.135109
v -55.320812 0.021000 79.135109
v -55.320812 0.610318 79.135109
v -51.342907 0.610318 79.135109
v -55.320812 0.021000 79.135109
v -55.320812 0.021000 82.199562
v -55.320812 0.610318 82.199562
v -55.320812 0.610318 79.135109
s 1
f 8119 8120 8121
f 8122 8119 8121
f 8123 8124 8125
f 8125 8126 8123
f 8127 8128 8129
f 8129 8130 8127
o Palazzo25
v -55.324341 0.021000 82.804710
v -55.324341 0.021000 80.590942
v -55.324341 1.922245 80.590942
v -55.324341 1.922245 82.804710
v -55.324341 0.021000 80.590942
v -60.437794 0.021000 80.590942
v -60.437794 1.922245 80.590942
v -55.324341 1.922245 80.590942
s 1
f 8131 8132 8133
f 8134 8131 8133
f 8135 8136 8137
f 8137 8138 8135
o Palazzo27
v -60.429066 0.021000 80.586113
v -60.429066 0.021000 75.556831
v -60.429066 2.495223 75.556831
v -60.429066 2.495223 80.586113
v -60.429066 0.021000 75.556831
v -62.408436 0.021000 75.556831
v -62.408436 2.495223 75.556831
v -60.429066 2.495223 75.556831
s 1
f 8139 8140 8141
f 8142 8139 8141
f 8143 8144 8145
f 8145 8146 8143
o Palazzo28
v -60.507717 0.021000 75.668541
v -60.507717 0.021000 74.053780
v -57.094849 0.021000 74.053780
v -57.094849 0.021000 75.668541
v -60.507717 0.021000 75.668541
v -57.094849 0.021000 75.668541
v -57.094849 2.911934 75.668541
v -60.507717 2.911934 75.668541
v -57.094849 0.021000 75.668541
v -57.094849 0.021000 74.053780
v -57.094849 2.911934 74.053780
v -57.094849 2.911934 75.668541
s 1
f 8147 8148 8149
f 8150 8147 8149
f 8151 8152 8153
f 8154 8151 8153
f 8155 8156 8157
f 8157 8158 8155
o Palazzo31
v -57.096107 0.000000 76.220116
v -53.427441 0.000000 76.220116
v -53.427441 1.380356 76.220116
v -57.096107 1.380356 76.220116
v -57.096107 0.000000 75.247169
v -57.096107 0.000000 76.220116
v -57.096107 1.380356 76.220116
v -57.096107 1.380356 75.247169
s 1
f 8159 8160 8161
f 8162 8159 8161
f 8163 8164 8165
f 8165 8166 8163
o Palazzo32
v -53.418301 0.000000 76.633812
v -51.355679 0.000000 76.633812
v -51.355679 2.578269 76.633812
v -53.418301 2.578269 76.633812
v -51.355679 0.000000 76.633812
v -51.355679 0.000000 73.608032
v -51.355679 2.578269 73.608032
v -51.355679 2.578269 76.633812
v -53.418301 0.000000 73.608032
v -53.418301 0.000000 76.633812
v -53.418301 2.578269 76.633812
v -53.418301 2.578269 73.608032
s 1
f 8167 8168 8169
f 8170 8167 8169
f 8171 8172 8173
f 8173 8174 8171
f 8175 8176 8177
f 8177 8178 8175
o Palazzo33
v -0.432617 0.000000 95.950829
v 4.475788 0.000000 95.950829
v 4.475788 2.862515 95.950829
v -0.432617 2.862515 95.950829
v 4.475788 0.000000 95.950829
v 4.475788 0.000000 90.980278
v 4.475788 2.862515 90.980278
v 4.475788 2.862515 95.950829
v 4.475788 0.000000 90.980278
v -0.432617 0.000000 90.980278
v -0.432617 2.862515 90.980278
v 4.475788 2.862515 90.980278
v -0.432617 0.000000 90.980278
v -0.432617 0.000000 95.950829
v -0.432617 2.862515 95.950829
v -0.432617 2.862515 90.980278
s 1
f 8179 8180 8181
f 8182 8179 8181
f 8183 8184 8185
f 8185 8186 8183
f 8187 8188 8189
f 8189 8190 8187
f 8191 8192 8193
f 8193 8194 8191
o Palazzo35
v 4.853532 0.021000 90.954063
v 4.853532 0.021000 96.007202
v 4.853532 3.701247 96.007202
v 4.853532 3.701247 90.954063
v 4.853532 0.021000 96.007202
v 6.647270 0.021000 96.007202
v 6.647270 3.701247 96.007202
v 4.853532 3.701247 96.007202
v 6.647270 0.021000 96.007202
v 6.647270 0.021000 90.954063
v 6.647270 3.701247 90.954063
v 6.647270 3.701247 96.007202
v 6.647270 0.021000 90.954063
v 4.853532 0.021000 90.954063
v 4.853532 3.701247 90.954063
v 6.647270 3.701247 90.954063
s 1
f 8195 8196 8197
f 8198 8195 8197
f 8199 8200 8201
f 8201 8202 8199
f 8203 8204 8205
f 8205 8206 8203
f 8207 8208 8209
f 8209 8210 8207
o Palazzo36
v 3.195852 0.000000 100.945457
v 6.721467 0.000000 100.945457
v 6.721467 2.538134 100.945457
v 3.195852 2.538134 100.945457
v 6.721467 0.000000 100.945457
v 6.721467 0.000000 98.842461
v 6.721467 2.538134 98.842461
v 6.721467 2.538134 100.945457
v 6.721467 0.000000 98.842461
v 3.195852 0.000000 98.842461
v 3.195852 2.538134 98.842461
v 6.721467 2.538134 98.842461
v 3.195852 0.000000 98.842461
v 3.195852 0.000000 100.945457
v 3.195852 2.538134 100.945457
v 3.195852 2.538134 98.842461
s 1
f 8211 8212 8213
f 8214 8211 8213
f 8215 8216 8217
f 8217 8218 8215
f 8219 8220 8221
f 8221 8222 8219
f 8223 8224 8225
f 8225 8226 8223
o Palazzo37
v 3.195852 0.000000 103.605156
v 6.659615 0.000000 103.605156
v 6.659615 4.762674 103.605156
v 3.195852 4.762674 103.605156
v 6.659615 0.000000 103.605156
v 6.659615 0.000000 101.811409
v 6.659615 4.762674 101.811409
v 6.659615 4.762674 103.605156
v 6.659615 0.000000 101.811409
v 3.195852 0.000000 101.811409
v 3.195852 4.762674 101.811409
v 6.659615 4.762674 101.811409
v 3.195852 0.000000 101.811409
v 3.195852 0.000000 103.605156
v 3.195852 4.762674 103.605156
v 3.195852 4.762674 101.811409
s 1
f 8227 8228 8229
f 8230 8227 8229
f 8231 8232 8233
f 8233 8234 8231
f 8235 8236 8237
f 8237 8238 8235
f 8239 8240 8241
f 8241 8242 8239
o Palazzo38
v -0.360690 0.021000 103.666985
v 2.546397 0.021000 103.666985
v 2.546397 4.677732 103.666985
v -0.360690 4.677732 103.666985
v 2.546397 0.021000 103.666985
v 2.546397 0.021000 98.780609
v 2.546397 4.677732 98.780609
v 2.546397 4.677732 103.666985
v 2.546397 0.021000 98.780609
v -0.360690 0.021000 98.780609
v -0.360690 4.677732 98.780609
v 2.546397 4.677732 98.780609
v -0.360690 0.021000 98.780609
v -0.360690 0.021000 103.666985
v -0.360690 4.677732 103.666985
v -0.360690 4.677732 98.780609
s 1
f 8243 8244 8245
f 8246 8243 8245
f 8247 8248 8249
f 8249 8250 8247
f 8251 8252 8253
f 8253 8254 8251
f 8255 8256 8257
f 8257 8258 8255
o Palazzo39
v -1.704920 0.021000 110.870995
v -1.704919 0.021000 106.149559
v -1.704920 8.333012 106.149559
v -1.704920 8.333012 110.870995
v -1.704919 0.021000 106.149559
v -12.447982 0.021000 106.149559
v -12.447982 8.333012 106.149559
v -1.704920 8.333012 106.149559
s 1
f 8259 8260 8261
f 8262 8259 8261
f 8263 8264 8265
f 8265 8266 8263
o Palazzo40
v 5.241123 0.021000 110.710793
v 5.241123 0.021000 108.130325
v 5.241123 4.788291 108.130325
v 5.241123 4.788291 110.710793
v 5.241123 0.021000 108.130325
v -1.704920 0.021000 108.130325
v -1.704920 4.788291 108.130325
v 5.241123 4.788291 108.130325
s 1
f 8267 8268 8269
f 8270 8267 8269
f 8271 8272 8273
f 8273 8274 8271
o Palazzo41
v 12.257377 0.000000 106.380836
v 5.241123 0.000000 106.380836
v 5.241123 2.230567 106.380836
v 12.257377 2.230567 106.380836
v 5.241123 0.000000 106.380836
v 5.241123 0.000000 108.130325
v 5.241123 2.230567 108.130325
v 5.241123 2.230567 106.380836
s 1
f 8279 8280 8281
f 8281 8282 8279
f 8275 8276 8277
f 8278 8275 8277
o Palazzo42
v 9.676917 0.021000 105.462387
v 11.251434 0.021000 105.462387
v 11.251434 4.307188 105.462387
v 9.676917 4.307188 105.462387
v 11.251434 0.021000 105.462387
v 11.251434 0.021000 99.470467
v 11.251434 4.307188 99.470467
v 11.251434 4.307188 105.462387
v 11.251434 0.021000 99.470467
v 9.676917 0.021000 99.470467
v 9.676917 4.307188 99.470467
v 11.251434 4.307188 99.470467
v 9.676917 0.021000 99.470467
v 9.676917 0.021000 105.462387
v 9.676917 4.307188 105.462387
v 9.676917 4.307188 99.470467
s 1
f 8283 8284 8285
f 8286 8283 8285
f 8287 8288 8289
f 8289 8290 8287
f 8291 8292 8293
f 8293 8294 8291
f 8295 8296 8297
f 8297 8298 8295
o Palazzo43
v 12.254485 0.000000 95.140556
v 12.254485 0.000000 107.474281
v 12.254485 2.143094 107.474281
v 12.254485 2.143094 95.140556
s 0
f 8299 8300 8301
f 8302 8299 8301
o Palazzo44
v 9.720653 0.000000 98.289566
v 11.338909 0.000000 98.289566
v 11.338909 5.379603 98.289566
v 9.720653 5.379603 98.289566
v 11.338909 0.000000 98.289566
v 11.338909 0.000000 96.190208
v 11.338909 5.379603 96.190208
v 11.338909 5.379603 98.289566
v 11.338909 0.000000 96.190208
v 9.720653 0.000000 96.190208
v 9.720653 5.379603 96.190208
v 11.338909 5.379603 96.190208
v 9.720653 0.000000 96.190208
v 9.720653 0.000000 98.289566
v 9.720653 5.379603 98.289566
v 9.720653 5.379603 96.190208
s 1
f 8303 8304 8305
f 8306 8303 8305
f 8307 8308 8309
f 8309 8310 8307
f 8311 8312 8313
f 8313 8314 8311
f 8315 8316 8317
f 8317 8318 8315
o Palazzo45
v 9.414499 0.021000 95.359222
v 12.519797 0.021000 95.359222
v 12.519797 2.178385 95.359222
v 9.414499 2.178385 95.359222
v 9.414499 0.021000 88.886200
v 9.414499 0.021000 95.359222
v 9.414499 2.178385 95.359222
v 9.414499 2.178385 88.886200
s 1
f 8319 8320 8321
f 8322 8319 8321
f 8323 8324 8325
f 8325 8326 8323
o Palazzo46
v 11.863742 1.500039 75.983864
v 11.863742 1.500039 83.462822
v 11.863742 4.058630 83.462822
v 11.863742 4.058630 75.983864
s 0
f 8327 8328 8329
f 8329 8330 8327
o Palazzo47
v 10.560228 1.520616 81.302338
v 11.828590 1.520616 81.302338
v 11.828590 3.711278 81.302338
v 10.560228 3.711278 81.302338
v 11.828590 1.520616 78.083214
v 10.560228 1.520616 78.083214
v 10.560228 3.711278 78.083214
v 11.828590 3.711278 78.083214
v 10.560228 1.520616 78.083214
v 10.560228 1.520616 81.302338
v 10.560228 3.711278 81.302338
v 10.560228 3.711278 78.083214
s 1
f 8331 8332 8333
f 8334 8331 8333
f 8335 8336 8337
f 8337 8338 8335
f 8339 8340 8341
f 8341 8342 8339
o Palazzo48
v -0.451185 1.520000 80.595024
v 6.639987 1.520000 80.595024
v 6.639987 2.428067 80.595024
v -0.451185 2.428067 80.595024
v 6.639987 1.520000 80.595024
v 6.639987 1.520000 75.535179
v 6.639987 2.428067 75.535179
v 6.639987 2.428067 80.595024
v 6.639987 1.520000 75.535179
v -0.451185 1.520000 75.535179
v -0.451185 2.428067 75.535179
v 6.639987 2.428067 75.535179
v -0.451185 1.520000 75.535179
v -0.451185 1.520000 80.595024
v -0.451185 2.428067 80.595024
v -0.451185 2.428067 75.535179
s 1
f 8343 8344 8345
f 8346 8343 8345
f 8347 8348 8349
f 8349 8350 8347
f 8351 8352 8353
f 8353 8354 8351
f 8355 8356 8357
f 8357 8358 8355
o Palazzo49
v -10.057748 1.521000 78.783630
v -5.194139 1.521000 78.783630
v -5.194139 2.621000 78.783630
v -10.057748 2.621000 78.783630
v -5.194139 1.521000 78.783630
v -5.194139 1.521000 75.440575
v -5.194139 2.621000 75.440575
v -5.194139 2.621000 78.783630
v -5.194139 1.521000 75.440575
v -10.057748 1.521000 75.440575
v -10.057748 2.621000 75.440575
v -5.194139 2.621000 75.440575
v -10.057748 1.521000 75.440575
v -10.057748 1.521000 78.783630
v -10.057748 2.621000 78.783630
v -10.057748 2.621000 75.440575
s 1
f 8359 8360 8361
f 8362 8359 8361
f 8363 8364 8365
f 8365 8366 8363
f 8367 8368 8369
f 8369 8370 8367
f 8371 8372 8373
f 8373 8374 8371
o Palazzo56
v -31.763746 0.753958 79.337234
v -31.763746 3.831615 79.337234
v -29.230036 3.831615 79.337234
v -29.230036 0.753958 79.337234
v -31.763746 0.753958 82.652184
v -31.763746 3.831615 82.652184
v -31.763746 3.831615 79.337234
v -31.763746 0.753958 79.337234
s 1
f 8375 8376 8377
f 8378 8375 8377
f 8379 8380 8381
f 8381 8382 8379
o Palazzo57
v -25.661673 0.753958 79.337234
v -25.661673 0.753958 75.244751
v -25.661673 3.831615 75.244751
v -25.661673 3.831615 79.337234
v -25.661673 0.753958 75.244751
v -29.230036 0.753958 75.244751
v -29.230036 3.831615 75.244751
v -25.661673 3.831615 75.244751
v -29.230036 0.753958 75.244751
v -29.230036 0.753958 79.337234
v -29.230036 3.831615 79.337234
v -29.230036 3.831615 75.244751
s 1
f 8383 8384 8385
f 8386 8383 8385
f 8387 8388 8389
f 8389 8390 8387
f 8391 8392 8393
f 8393 8394 8391
o Palazzo58
v -22.287136 3.831615 79.337234
v -22.287136 0.753958 79.337234
v -25.661673 0.753958 79.337234
v -25.661673 3.831615 79.337234
v -22.287136 3.831615 82.653320
v -22.287136 0.753958 82.653320
v -22.287136 0.753958 79.337234
v -22.287136 3.831615 79.337234
s 1
f 8395 8396 8397
f 8398 8395 8397
f 8399 8400 8401
f 8401 8402 8399
o BloccoSbarra03
v 94.187515 0.000000 -18.428329
v 94.187515 0.000000 -18.478331
v 94.237518 0.000000 -18.478331
v 94.237518 0.000000 -18.428329
v 94.187515 0.150000 -18.428329
v 94.237518 0.150000 -18.428329
v 94.237518 0.150000 -18.478331
v 94.187515 0.150000 -18.478331
v 94.187515 0.000000 -18.428329
v 94.237518 0.000000 -18.428329
v 94.237518 0.150000 -18.428329
v 94.187515 0.150000 -18.428329
v 94.237518 0.000000 -18.428329
v 94.237518 0.000000 -18.478331
v 94.237518 0.150000 -18.478331
v 94.237518 0.150000 -18.428329
v 94.237518 0.000000 -18.478331
v 94.187515 0.000000 -18.478331
v 94.187515 0.150000 -18.478331
v 94.237518 0.150000 -18.478331
v 94.187515 0.000000 -18.478331
v 94.187515 0.000000 -18.428329
v 94.187515 0.150000 -18.428329
v 94.187515 0.150000 -18.478331
s 1
f 8403 8404 8405
f 8406 8403 8405
f 8407 8408 8409
f 8409 8410 8407
f 8411 8412 8413
f 8414 8411 8413
f 8415 8416 8417
f 8417 8418 8415
f 8419 8420 8421
f 8421 8422 8419
f 8423 8424 8425
f 8425 8426 8423
o BloccoSbarra04
v 97.246872 0.000000 -16.920410
v 97.246872 0.000000 -16.870411
v 97.196869 0.000000 -16.870411
v 97.196869 0.000000 -16.920410
v 97.246872 0.150000 -16.920410
v 97.196869 0.150000 -16.920410
v 97.196869 0.150000 -16.870411
v 97.246872 0.150000 -16.870411
v 97.246872 0.000000 -16.920410
v 97.196869 0.000000 -16.920410
v 97.196869 0.150000 -16.920410
v 97.246872 0.150000 -16.920410
v 97.196869 0.000000 -16.920410
v 97.196869 0.000000 -16.870411
v 97.196869 0.150000 -16.870411
v 97.196869 0.150000 -16.920410
v 97.196869 0.000000 -16.870411
v 97.246872 0.000000 -16.870411
v 97.246872 0.150000 -16.870411
v 97.196869 0.150000 -16.870411
v 97.246872 0.000000 -16.870411
v 97.246872 0.000000 -16.920410
v 97.246872 0.150000 -16.920410
v 97.246872 0.150000 -16.870411
s 1
f 8427 8428 8429
f 8430 8427 8429
f 8431 8432 8433
f 8433 8434 8431
f 8435 8436 8437
f 8438 8435 8437
f 8439 8440 8441
f 8441 8442 8439
f 8443 8444 8445
f 8445 8446 8443
f 8447 8448 8449
f 8449 8450 8447
o IlluminazioneCartello
v -13.596763 2.114747 80.817856
v -14.241333 2.114747 79.744850
v -13.542342 2.114747 80.781151
v -14.295753 2.114747 79.781555
v -13.596763 2.128338 80.817856
v -14.241333 2.128338 79.744850
v -14.295753 2.128338 79.781555
v -13.542342 2.128338 80.781151
v -13.596763 2.114747 80.817856
v -14.295753 2.128338 79.781555
v -14.295753 2.114747 79.781555
v -13.596763 2.128338 80.817856
v -14.295753 2.114747 79.781555
v -14.241333 2.128338 79.744850
v -14.241333 2.114747 79.744850
v -14.295753 2.128338 79.781555
v -14.241333 2.114747 79.744850
v -13.542342 2.128338 80.781151
v -13.542342 2.114747 80.781151
v -14.241333 2.128338 79.744850
v -13.596763 2.128338 80.817856
v -13.596763 2.114747 80.817856
v -13.542342 2.114747 80.781151
v -13.542342 2.128338 80.781151
s 1
f 8451 8452 8453
f 8452 8451 8454
f 8455 8456 8457
f 8456 8455 8458
f 8459 8460 8461
f 8460 8459 8462
f 8463 8464 8465
f 8464 8463 8466
f 8467 8468 8469
f 8468 8467 8470
f 8471 8472 8473
f 8471 8473 8474
o MucchioSabbia
v 65.576385 -0.007380 150.321701
v 64.938934 0.217118 150.209961
v 64.985222 0.217118 150.321701
v 65.356949 -0.007380 149.791946
v 65.101189 -0.007380 149.536179
v 64.571411 0.217118 149.907898
v 64.683167 0.217118 149.954193
v 64.478569 -0.007380 149.383591
v 64.196587 -0.007380 149.239944
v 64.097954 0.217118 149.954193
v 64.209709 0.217118 149.907898
v 63.785305 -0.007380 149.576385
v 63.424171 -0.007380 149.791946
v 63.795895 0.217118 150.321701
v 63.842182 0.217118 150.209961
v 63.115112 -0.007380 150.255585
v 63.204731 -0.007380 150.683426
v 63.842182 0.217118 150.795166
v 63.795895 0.217118 150.683426
v 63.268860 -0.007380 151.210251
v 63.746132 -0.007380 151.387070
v 64.209709 0.217118 151.097229
v 64.097954 0.217118 151.050949
v 64.157410 -0.007380 151.762680
v 64.571411 -0.007380 151.688400
v 64.683167 0.217118 151.050949
v 64.571411 0.217118 151.097229
v 65.101189 -0.007380 151.468964
v 65.356949 -0.007380 151.213181
v 64.985222 0.217118 150.683426
v 64.938934 0.217118 150.795166
v 65.576385 -0.007380 150.683426
v 64.502312 0.343697 150.614319
v 64.548607 0.343697 150.502563
v 64.390556 0.343697 150.660614
v 64.502312 0.343697 150.390808
v 64.390556 0.343697 150.344528
v 64.278801 0.343697 150.390808
v 64.232513 0.343697 150.502563
v 64.278801 0.343697 150.614319
s 1
f 8475 8476 8477
f 8475 8478 8476
f 8479 8480 8481
f 8479 8482 8480
f 8483 8484 8485
f 8483 8486 8484
f 8487 8488 8489
f 8487 8490 8488
f 8491 8492 8493
f 8491 8494 8492
f 8495 8496 8497
f 8495 8498 8496
f 8499 8500 8501
f 8499 8502 8500
f 8503 8504 8505
f 8503 8506 8504
f 8507 8508 8509
f 8510 8511 8508
f 8512 8513 8511
f 8514 8509 8513
f 8508 8511 8509
f 8513 8509 8511
f 8506 8475 8477
f 8506 8477 8504
f 8478 8479 8481
f 8478 8481 8476
f 8482 8483 8485
f 8482 8485 8480
f 8486 8487 8489
f 8486 8489 8484
f 8490 8491 8493
f 8490 8493 8488
f 8494 8495 8497
f 8494 8497 8492
f 8498 8499 8501
f 8498 8501 8496
f 8502 8503 8505
f 8502 8505 8500
f 8508 8477 8476
f 8508 8476 8510
f 8504 8508 8507
f 8504 8507 8505
f 8508 8504 8477
f 8510 8481 8480
f 8510 8480 8511
f 8476 8481 8510
f 8511 8485 8484
f 8511 8484 8512
f 8480 8485 8511
f 8512 8489 8488
f 8512 8488 8513
f 8484 8489 8512
f 8513 8493 8492
f 8513 8492 8514
f 8488 8493 8513
f 8514 8497 8496
f 8514 8496 8509
f 8492 8497 8514
f 8509 8501 8500
f 8509 8500 8507
f 8496 8501 8509
f 8500 8505 8507
o Sbarra01
v 4.270240 -0.058873 129.186218
v 4.270240 0.079027 129.186218
v 4.308157 0.079027 129.186218
v 4.308157 -0.058873 129.186218
v 4.280287 0.092707 129.186218
v 4.300287 0.092707 129.186218
v 4.280287 1.793814 129.186218
v 4.300287 1.793814 129.186218
v 4.270240 -0.058873 129.341660
v 4.308157 -0.058873 129.341660
v 4.308157 0.079027 129.341660
v 4.270240 0.079027 129.341660
v 4.270240 0.079027 129.341660
v 4.308157 0.079027 129.341660
v 4.300287 0.092707 129.226227
v 4.280287 0.092707 129.226227
v 4.280287 0.092707 129.226227
v 4.300287 0.092707 129.226227
v 4.300287 1.793814 129.226227
v 4.280287 1.793814 129.226227
v 4.270240 -0.058873 129.186218
v 4.308157 -0.058873 129.186218
v 4.308157 -0.058873 129.341660
v 4.270240 -0.058873 129.341660
v 4.308157 -0.058873 129.186218
v 4.308157 0.079027 129.186218
v 4.308157 0.079027 129.341660
v 4.308157 -0.058873 129.341660
v 4.300287 0.092707 129.186218
v 4.300287 0.092707 129.226227
v 4.300287 1.793814 129.186218
v 4.300287 1.793814 129.226227
v 4.300287 1.793814 129.186218
v 4.280287 1.793814 129.186218
v 4.280287 1.793814 129.226227
v 4.300287 1.793814 129.226227
v 4.280287 1.793814 129.186218
v 4.280287 0.092707 129.186218
v 4.280287 0.092707 129.226227
v 4.280287 1.793814 129.226227
v 4.270240 0.079027 129.186218
v 4.270240 0.079027 129.341660
v 4.270240 -0.058873 129.186218
v 4.270240 -0.058873 129.341660
s 1
f 8515 8516 8517
f 8518 8515 8517
f 8516 8519 8520
f 8520 8517 8516
f 8519 8521 8522
f 8522 8520 8519
f 8523 8524 8525
f 8525 8526 8523
f 8527 8528 8529
f 8529 8530 8527
f 8531 8532 8533
f 8533 8534 8531
f 8535 8536 8537
f 8538 8535 8537
f 8539 8540 8541
f 8541 8542 8539
f 8540 8543 8544
f 8544 8541 8540
f 8543 8545 8546
f 8546 8544 8543
f 8547 8548 8549
f 8549 8550 8547
f 8551 8552 8553
f 8553 8554 8551
f 8552 8555 8556
f 8556 8553 8552
f 8555 8557 8558
f 8558 8556 8555
o Sbarra02
v 8.271682 -0.058873 127.588814
v 8.271682 0.079027 127.588814
v 8.233764 0.079027 127.588814
v 8.233764 -0.058873 127.588814
v 8.261634 0.092707 127.588814
v 8.241634 0.092707 127.588814
v 8.261634 1.793814 127.588814
v 8.241634 1.793814 127.588814
v 8.271682 -0.058873 127.433380
v 8.233764 -0.058873 127.433380
v 8.233764 0.079027 127.433380
v 8.271682 0.079027 127.433380
v 8.271682 0.079027 127.433380
v 8.233764 0.079027 127.433380
v 8.241634 0.092707 127.548813
v 8.261634 0.092707 127.548813
v 8.261634 0.092707 127.548813
v 8.241634 0.092707 127.548813
v 8.241634 1.793814 127.548813
v 8.261634 1.793814 127.548813
v 8.271682 -0.058873 127.588814
v 8.233764 -0.058873 127.588814
v 8.233764 -0.058873 127.433380
v 8.271682 -0.058873 127.433380
v 8.233764 -0.058873 127.588814
v 8.233764 0.079027 127.588814
v 8.233764 0.079027 127.433380
v 8.233764 -0.058873 127.433380
v 8.241634 0.092707 127.588814
v 8.241634 0.092707 127.548813
v 8.241634 1.793814 127.588814
v 8.241634 1.793814 127.548813
v 8.241634 1.793814 127.588814
v 8.261634 1.793814 127.588814
v 8.261634 1.793814 127.548813
v 8.241634 1.793814 127.548813
v 8.261634 1.793814 127.588814
v 8.261634 0.092707 127.588814
v 8.261634 0.092707 127.548813
v 8.261634 1.793814 127.548813
v 8.271682 0.079027 127.588814
v 8.271682 0.079027 127.433380
v 8.271682 -0.058873 127.588814
v 8.271682 -0.058873 127.433380
s 1
f 8559 8560 8561
f 8562 8559 8561
f 8560 8563 8564
f 8564 8561 8560
f 8563 8565 8566
f 8566 8564 8563
f 8567 8568 8569
f 8569 8570 8567
f 8571 8572 8573
f 8573 8574 8571
f 8575 8576 8577
f 8577 8578 8575
f 8579 8580 8581
f 8582 8579 8581
f 8583 8584 8585
f 8585 8586 8583
f 8584 8587 8588
f 8588 8585 8584
f 8587 8589 8590
f 8590 8588 8587
f 8591 8592 8593
f 8593 8594 8591
f 8595 8596 8597
f 8597 8598 8595
f 8596 8599 8600
f 8600 8597 8596
f 8599 8601 8602
f 8602 8600 8599
o Sbarra03
v 94.192345 -0.058873 -16.941956
v 94.192345 0.079027 -16.941956
v 94.230263 0.079027 -16.941956
v 94.230263 -0.058873 -16.941956
v 94.202393 0.092707 -16.941956
v 94.222389 0.092707 -16.941956
v 94.202393 1.793814 -16.941956
v 94.222389 1.793814 -16.941956
v 94.192345 -0.058873 -16.786524
v 94.230263 -0.058873 -16.786524
v 94.230263 0.079027 -16.786524
v 94.192345 0.079027 -16.786524
v 94.192345 0.079027 -16.786524
v 94.230263 0.079027 -16.786524
v 94.222389 0.092707 -16.901957
v 94.202393 0.092707 -16.901957
v 94.202393 0.092707 -16.901957
v 94.222389 0.092707 -16.901957
v 94.222389 1.793814 -16.901957
v 94.202393 1.793814 -16.901957
v 94.192345 -0.058873 -16.941956
v 94.230263 -0.058873 -16.941956
v 94.230263 -0.058873 -16.786524
v 94.192345 -0.058873 -16.786524
v 94.230263 -0.058873 -16.941956
v 94.230263 0.079027 -16.941956
v 94.230263 0.079027 -16.786524
v 94.230263 -0.058873 -16.786524
v 94.222389 0.092707 -16.941956
v 94.222389 0.092707 -16.901957
v 94.222389 1.793814 -16.941956
v 94.222389 1.793814 -16.901957
v 94.222389 1.793814 -16.941956
v 94.202393 1.793814 -16.941956
v 94.202393 1.793814 -16.901957
v 94.222389 1.793814 -16.901957
v 94.202393 1.793814 -16.941956
v 94.202393 0.092707 -16.941956
v 94.202393 0.092707 -16.901957
v 94.202393 1.793814 -16.901957
v 94.192345 0.079027 -16.941956
v 94.192345 0.079027 -16.786524
v 94.192345 -0.058873 -16.941956
v 94.192345 -0.058873 -16.786524
s 1
f 8611 8612 8613
f 8613 8614 8611
f 8615 8616 8617
f 8617 8618 8615
f 8619 8620 8621
f 8621 8622 8619
f 8623 8624 8625
f 8626 8623 8625
f 8639 8640 8641
f 8641 8642 8639
f 8640 8643 8644
f 8644 8641 8640
f 8643 8645 8646
f 8646 8644 8643
f 8603 8604 8605
f 8606 8603 8605
f 8604 8607 8608
f 8608 8605 8604
f 8607 8609 8610
f 8610 8608 8607
f 8627 8628 8629
f 8629 8630 8627
f 8628 8631 8632
f 8632 8629 8628
f 8631 8633 8634
f 8634 8632 8631
f 8635 8636 8637
f 8637 8638 8635
o Sbarra04
v 97.242058 -0.058873 -18.406784
v 97.242058 0.079027 -18.406784
v 97.204132 0.079027 -18.406784
v 97.204132 -0.058873 -18.406784
v 97.232002 0.092707 -18.406784
v 97.212006 0.092707 -18.406784
v 97.232002 1.793814 -18.406784
v 97.212006 1.793814 -18.406784
v 97.242058 -0.058873 -18.562216
v 97.204132 -0.058873 -18.562216
v 97.204132 0.079027 -18.562216
v 97.242058 0.079027 -18.562216
v 97.242058 0.079027 -18.562216
v 97.204132 0.079027 -18.562216
v 97.212006 0.092707 -18.446783
v 97.232002 0.092707 -18.446783
v 97.232002 0.092707 -18.446783
v 97.212006 0.092707 -18.446783
v 97.212006 1.793814 -18.446783
v 97.232002 1.793814 -18.446783
v 97.242058 -0.058873 -18.406784
v 97.204132 -0.058873 -18.406784
v 97.204132 -0.058873 -18.562216
v 97.242058 -0.058873 -18.562216
v 97.204132 -0.058873 -18.406784
v 97.204132 0.079027 -18.406784
v 97.204132 0.079027 -18.562216
v 97.204132 -0.058873 -18.562216
v 97.212006 0.092707 -18.406784
v 97.212006 0.092707 -18.446783
v 97.212006 1.793814 -18.406784
v 97.212006 1.793814 -18.446783
v 97.212006 1.793814 -18.406784
v 97.232002 1.793814 -18.406784
v 97.232002 1.793814 -18.446783
v 97.212006 1.793814 -18.446783
v 97.232002 1.793814 -18.406784
v 97.232002 0.092707 -18.406784
v 97.232002 0.092707 -18.446783
v 97.232002 1.793814 -18.446783
v 97.242058 0.079027 -18.406784
v 97.242058 0.079027 -18.562216
v 97.242058 -0.058873 -18.406784
v 97.242058 -0.058873 -18.562216
s 1
f 8655 8656 8657
f 8657 8658 8655
f 8659 8660 8661
f 8661 8662 8659
f 8663 8664 8665
f 8665 8666 8663
f 8667 8668 8669
f 8670 8667 8669
f 8683 8684 8685
f 8685 8686 8683
f 8684 8687 8688
f 8688 8685 8684
f 8687 8689 8690
f 8690 8688 8687
f 8647 8648 8649
f 8650 8647 8649
f 8648 8651 8652
f 8652 8649 8648
f 8651 8653 8654
f 8654 8652 8651
f 8671 8672 8673
f 8673 8674 8671
f 8672 8675 8676
f 8676 8673 8672
f 8675 8677 8678
f 8678 8676 8675
f 8679 8680 8681
f 8681 8682 8679
o SupportoSbarra03
v 94.244705 0.000000 -16.830959
v 94.244705 0.000000 -17.026815
v 94.354370 0.000000 -17.026815
v 94.354370 0.000000 -16.830959
v 94.244705 0.314199 -16.860870
v 94.354370 0.314199 -16.860870
v 94.354370 0.314199 -16.999964
v 94.244705 0.314199 -16.999964
v 94.244705 0.000000 -16.830959
v 94.354370 0.000000 -16.830959
v 94.354370 0.314199 -16.860870
v 94.244705 0.314199 -16.860870
v 94.354370 0.000000 -16.830959
v 94.354370 0.000000 -17.026815
v 94.354370 0.314199 -16.999964
v 94.354370 0.314199 -16.860870
v 94.354370 0.000000 -17.026815
v 94.244705 0.000000 -17.026815
v 94.244705 0.314199 -16.999964
v 94.354370 0.314199 -16.999964
v 94.244705 0.000000 -17.026815
v 94.244705 0.000000 -16.830959
v 94.244705 0.314199 -16.860870
v 94.244705 0.314199 -16.999964
s 1
f 8691 8692 8693
f 8694 8691 8693
f 8695 8696 8697
f 8697 8698 8695
f 8699 8700 8701
f 8702 8699 8701
f 8703 8704 8705
f 8705 8706 8703
f 8707 8708 8709
f 8709 8710 8707
f 8711 8712 8713
f 8713 8714 8711
o SupportoSbarra04
v 97.189690 0.000000 -18.517782
v 97.189690 0.000000 -18.321926
v 97.080017 0.000000 -18.321926
v 97.080017 0.000000 -18.517782
v 97.189690 0.314199 -18.487869
v 97.080017 0.314199 -18.487869
v 97.080017 0.314199 -18.348776
v 97.189690 0.314199 -18.348776
v 97.189690 0.000000 -18.517782
v 97.080017 0.000000 -18.517782
v 97.080017 0.314199 -18.487869
v 97.189690 0.314199 -18.487869
v 97.080017 0.000000 -18.517782
v 97.080017 0.000000 -18.321926
v 97.080017 0.314199 -18.348776
v 97.080017 0.314199 -18.487869
v 97.080017 0.000000 -18.321926
v 97.189690 0.000000 -18.321926
v 97.189690 0.314199 -18.348776
v 97.080017 0.314199 -18.348776
v 97.189690 0.000000 -18.321926
v 97.189690 0.000000 -18.517782
v 97.189690 0.314199 -18.487869
v 97.189690 0.314199 -18.348776
s 1
f 8715 8716 8717
f 8718 8715 8717
f 8719 8720 8721
f 8721 8722 8719
f 8723 8724 8725
f 8726 8723 8725
f 8727 8728 8729
f 8729 8730 8727
f 8731 8732 8733
f 8733 8734 8731
f 8735 8736 8737
f 8737 8738 8735
o Treno
v 94.515129 0.061905 -19.804993
v 94.515129 0.113235 -19.828497
v 94.515129 0.062379 -19.835279
v 94.515129 0.094628 -19.752214
v 94.515129 0.350560 -18.596098
v 94.515129 0.109039 -18.332510
v 94.515129 0.343780 -18.331650
v 94.515129 0.350560 -19.630161
v 94.515129 0.343780 -19.828497
v 94.515121 0.003696 -19.623552
v 94.515129 0.094628 -19.736959
v 94.515129 0.003696 -19.736712
v 94.515129 0.036349 -19.470816
v 94.515129 0.350560 -19.528450
v 94.515121 0.036313 -19.623386
v 94.515129 0.350560 -18.697809
v 94.515121 0.003696 -18.688177
v 94.515129 0.036451 -18.687639
v 94.515129 0.003696 -18.817726
v 94.515129 0.094609 -18.821558
v 94.515129 0.350560 -19.528450
v 94.515129 0.094609 -18.882586
v 94.515129 0.003696 -18.884453
v 94.515129 0.094609 -19.340284
v 94.515129 0.003696 -19.470745
v 94.515129 0.003696 -19.341063
v 94.515129 0.094609 -19.279257
v 94.515129 0.003696 -19.146967
v 94.515129 0.003696 -19.278992
v 94.515129 0.036405 -19.147034
v 94.515129 0.036405 -19.014809
v 94.515129 0.094628 -19.736959
v 94.515129 0.350560 -19.528450
v 94.515129 0.036453 -18.557110
v 94.515129 0.064074 -18.334192
v 94.515129 0.350560 -18.596098
v 94.515129 0.045427 -18.345211
v 94.515129 0.045650 -18.421661
v 94.515121 0.003695 -18.421799
v 94.515121 0.085591 -19.908859
v 94.515121 0.058230 -19.885008
v 94.515121 0.085326 -19.885023
v 94.515121 0.058534 -19.977337
v 94.515121 0.058708 -21.363998
v 94.515121 0.300076 -21.326704
v 94.515121 0.299210 -21.363998
v 94.515121 0.058639 -21.253811
v 94.515121 0.302337 -19.948519
v 94.515121 0.302337 -19.909529
v 94.515121 0.042408 -20.753731
v 94.515121 0.089874 -20.953764
v 94.515121 0.042408 -20.953764
v 94.515121 0.067271 -20.753731
v 94.515121 0.044669 -20.314678
v 94.515121 0.067271 -20.387571
v 94.515121 0.044669 -20.387571
v 94.515121 0.085227 -20.314678
v 94.515121 0.319694 -21.325010
v 94.515121 0.319654 -19.948519
v 94.515121 0.076312 -19.995985
v 94.515121 0.076312 -20.024801
v 94.515121 0.062751 -20.041754
v 94.515121 0.089874 -20.987667
v 94.515121 0.052986 -21.007116
v 94.515121 0.057684 -20.992178
v 94.515121 0.003695 -20.198412
v 94.515121 0.085353 -20.253807
v 94.515121 0.003695 -20.253279
v 94.515121 0.022356 -20.198343
v 94.515121 0.022472 -20.097816
v 94.515121 0.024326 -21.160576
v 94.515121 0.003696 -21.216978
v 94.515121 0.003696 -21.160767
v 94.515121 0.003695 -20.043596
v 94.515121 0.003695 -20.096752
v 94.515121 0.052355 -21.216438
v 94.515121 0.052355 -21.216438
v 94.515121 0.003695 -21.064390
v 94.515121 0.003695 -21.007002
v 94.515121 0.024326 -21.063950
v 94.515129 0.003696 -18.884453
v 94.515129 0.350560 -19.528450
v 94.515129 0.036405 -19.014809
v 94.515129 0.003696 -19.014973
v 94.515121 0.036313 -19.623386
v 94.515129 0.350560 -19.528450
v 94.515129 0.094628 -19.736959
v 94.515129 0.094628 -19.736959
v 94.515121 0.003696 -19.623552
v 94.515121 0.036313 -19.623386
v 94.515121 0.052355 -21.216438
v 94.515121 0.024326 -21.160576
v 94.515121 0.024326 -21.063950
v 94.515121 0.052986 -21.007116
v 94.515121 0.052355 -21.216438
v 94.515121 0.024326 -21.063950
v 94.515121 0.024326 -21.063950
v 94.515121 0.003695 -21.007002
v 94.515121 0.052986 -21.007116
v 94.515129 0.036453 -18.557110
v 94.515129 0.003695 -18.557159
v 94.515121 0.003695 -18.421799
v 94.515129 0.350560 -18.596098
v 94.515129 0.036453 -18.557110
v 94.515121 0.003695 -18.421799
v 94.515121 0.085591 -21.415846
v 94.515121 0.058230 -21.391991
v 94.515121 0.085326 -21.392008
v 94.515121 0.058534 -21.484322
v 94.515121 0.058708 -22.870983
v 94.515121 0.300077 -22.833689
v 94.515121 0.299210 -22.870983
v 94.515121 0.058639 -22.760794
v 94.515121 0.302337 -21.455503
v 94.515121 0.302337 -21.416513
v 94.515121 0.042408 -22.260715
v 94.515121 0.089874 -22.460749
v 94.515121 0.042408 -22.460749
v 94.515121 0.067271 -22.260715
v 94.515121 0.044669 -21.821663
v 94.515121 0.067271 -21.894556
v 94.515121 0.044669 -21.894556
v 94.515121 0.085228 -21.821663
v 94.515121 0.319694 -22.831993
v 94.515121 0.319654 -21.455503
v 94.515121 0.076312 -21.502968
v 94.515121 0.076312 -21.531786
v 94.515121 0.062751 -21.548738
v 94.515121 0.089874 -22.494650
v 94.515121 0.052986 -22.514103
v 94.515121 0.057684 -22.499161
v 94.515121 0.003695 -21.705397
v 94.515121 0.085353 -21.760794
v 94.515121 0.003695 -21.760265
v 94.515121 0.022356 -21.705328
v 94.515121 0.022472 -21.604801
v 94.515121 0.024326 -22.667561
v 94.515121 0.003696 -22.723963
v 94.515121 0.003696 -22.667753
v 94.515121 0.003695 -21.550581
v 94.515121 0.003695 -21.603735
v 94.515121 0.052355 -22.723423
v 94.515121 0.052355 -22.723423
v 94.515121 0.003695 -22.571375
v 94.515121 0.003695 -22.513988
v 94.515121 0.024326 -22.570936
v 94.515121 0.052355 -22.723423
v 94.515121 0.024326 -22.667561
v 94.515121 0.024326 -22.570936
v 94.515121 0.052986 -22.514103
v 94.515121 0.003695 -22.513988
v 94.515121 0.085591 -22.931181
v 94.515121 0.058230 -22.907326
v 94.515121 0.085326 -22.907343
v 94.515121 0.058534 -22.999655
v 94.515121 0.058708 -24.386318
v 94.515121 0.300077 -24.349024
v 94.515121 0.299210 -24.386318
v 94.515121 0.058639 -24.276129
v 94.515121 0.302337 -22.970839
v 94.515121 0.302337 -22.931849
v 94.515121 0.042408 -23.776051
v 94.515121 0.089874 -23.976082
v 94.515121 0.042408 -23.976082
v 94.515121 0.067271 -23.776051
v 94.515121 0.044669 -23.336998
v 94.515121 0.067271 -23.409891
v 94.515121 0.044669 -23.409891
v 94.515121 0.085228 -23.336998
v 94.515121 0.319694 -24.347328
v 94.515121 0.319654 -22.970839
v 94.515121 0.076312 -23.018303
v 94.515121 0.076312 -23.047121
v 94.515121 0.062751 -23.064074
v 94.515121 0.089874 -24.009985
v 94.515121 0.052986 -24.029438
v 94.515121 0.057684 -24.014496
v 94.515121 0.003695 -23.220732
v 94.515121 0.085353 -23.276129
v 94.515121 0.003695 -23.275599
v 94.515121 0.022356 -23.220663
v 94.515121 0.022472 -23.120136
v 94.515121 0.024326 -24.182896
v 94.515121 0.003696 -24.239298
v 94.515121 0.003696 -24.183086
v 94.515121 0.003695 -23.065916
v 94.515121 0.003695 -23.119070
v 94.515121 0.052355 -24.238758
v 94.515121 0.052355 -24.238758
v 94.515121 0.003695 -24.086710
v 94.515121 0.003695 -24.029324
v 94.515121 0.024326 -24.086269
v 94.515121 0.052355 -24.238758
v 94.515121 0.024326 -24.182896
v 94.515121 0.024326 -24.086269
v 94.515121 0.052986 -24.029438
v 94.515121 0.003695 -24.029324
v 94.515121 0.085591 -24.440031
v 94.515121 0.058230 -24.416178
v 94.515121 0.085326 -24.416195
v 94.515121 0.058534 -24.508509
v 94.515121 0.058708 -25.895170
v 94.515121 0.300077 -25.857874
v 94.515121 0.299211 -25.895170
v 94.515121 0.058639 -25.784983
v 94.515121 0.302337 -24.479689
v 94.515121 0.302337 -24.440701
v 94.515121 0.042409 -25.284903
v 94.515121 0.089874 -25.484934
v 94.515121 0.042409 -25.484934
v 94.515121 0.067271 -25.284903
v 94.515121 0.044669 -24.845850
v 94.515121 0.067271 -24.918743
v 94.515121 0.044669 -24.918743
v 94.515121 0.085228 -24.845850
v 94.515121 0.319694 -25.856180
v 94.515121 0.319654 -24.479689
v 94.515121 0.076312 -24.527155
v 94.515121 0.076312 -24.555973
v 94.515121 0.062751 -24.572926
v 94.515121 0.089874 -25.518839
v 94.515121 0.052986 -25.538290
v 94.515121 0.057684 -25.523350
v 94.515121 0.003695 -24.729584
v 94.515121 0.085353 -24.784979
v 94.515121 0.003695 -24.784452
v 94.515121 0.022356 -24.729513
v 94.515121 0.022472 -24.628988
v 94.515121 0.024327 -25.691748
v 94.515121 0.003696 -25.748148
v 94.515121 0.003696 -25.691938
v 94.515121 0.003695 -24.574768
v 94.515121 0.003695 -24.627922
v 94.515121 0.052355 -25.747608
v 94.515121 0.052355 -25.747608
v 94.515121 0.003695 -25.595562
v 94.515121 0.003695 -25.538176
v 94.515121 0.024327 -25.595121
v 94.515121 0.052355 -25.747608
v 94.515121 0.024327 -25.691748
v 94.515121 0.024327 -25.595121
v 94.515121 0.052986 -25.538290
v 94.515121 0.052355 -25.747608
v 94.515121 0.024327 -25.595121
v 94.515121 0.003695 -25.538176
v 94.515121 0.085591 -25.936579
v 94.515121 0.058230 -25.912725
v 94.515121 0.085326 -25.912741
v 94.515121 0.058534 -26.005054
v 94.515121 0.058708 -27.391718
v 94.515121 0.300077 -27.354422
v 94.515121 0.299211 -27.391718
v 94.515121 0.058639 -27.281530
v 94.515121 0.302337 -25.976236
v 94.515121 0.302337 -25.937246
v 94.515121 0.042409 -26.781452
v 94.515121 0.089874 -26.981482
v 94.515121 0.042409 -26.981482
v 94.515121 0.067271 -26.781452
v 94.515121 0.044669 -26.342398
v 94.515121 0.067271 -26.415289
v 94.515121 0.044669 -26.415289
v 94.515121 0.085228 -26.342398
v 94.515121 0.319694 -27.352728
v 94.515121 0.319654 -25.976236
v 94.515121 0.076312 -26.023703
v 94.515121 0.076312 -26.052521
v 94.515121 0.062751 -26.069471
v 94.515121 0.089874 -27.015387
v 94.515121 0.052986 -27.034836
v 94.515121 0.057684 -27.019896
v 94.515121 0.003695 -26.226130
v 94.515121 0.085353 -26.281525
v 94.515121 0.003695 -26.281000
v 94.515121 0.022356 -26.226063
v 94.515121 0.022472 -26.125534
v 94.515121 0.024327 -27.188293
v 94.515121 0.003696 -27.244696
v 94.515121 0.003696 -27.188486
v 94.515121 0.003695 -26.071314
v 94.515121 0.003695 -26.124470
v 94.515121 0.052356 -27.244156
v 94.515121 0.052356 -27.244156
v 94.515121 0.003695 -27.092108
v 94.515121 0.003695 -27.034719
v 94.515121 0.024327 -27.091669
v 94.515121 0.052356 -27.244156
v 94.515121 0.024327 -27.188293
v 94.515121 0.024327 -27.091669
v 94.515121 0.052986 -27.034836
v 94.515121 0.003695 -27.034719
v 94.849693 0.113234 -19.828497
v 94.849693 0.061905 -19.804993
v 94.849693 0.062379 -19.835279
v 94.849693 0.094628 -19.752214
v 94.849693 0.109039 -18.332510
v 94.849693 0.350560 -18.596098
v 94.849693 0.343780 -18.331650
v 94.849693 0.350560 -19.630161
v 94.849693 0.343780 -19.828497
v 94.849693 0.094628 -19.736959
v 94.849693 0.003696 -19.623550
v 94.849693 0.003696 -19.736712
v 94.849693 0.350560 -19.528450
v 94.849693 0.036349 -19.470814
v 94.849693 0.036313 -19.623386
v 94.849693 0.003696 -18.688177
v 94.849693 0.350560 -18.697809
v 94.849693 0.036451 -18.687637
v 94.849693 0.003696 -18.817726
v 94.849693 0.094608 -18.821558
v 94.849693 0.350560 -19.528450
v 94.849693 0.094609 -18.882584
v 94.849693 0.003696 -18.884453
v 94.849693 0.003695 -19.470745
v 94.849693 0.094609 -19.340284
v 94.849693 0.003696 -19.341063
v 94.849693 0.094608 -19.279257
v 94.849693 0.003696 -19.146967
v 94.849693 0.003696 -19.278992
v 94.849693 0.036405 -19.147034
v 94.849693 0.036405 -19.014809
v 94.849693 0.350560 -19.528450
v 94.849693 0.094628 -19.736959
v 94.849693 0.036453 -18.557110
v 94.849693 0.064074 -18.334192
v 94.849693 0.350560 -18.596098
v 94.849693 0.045427 -18.345211
v 94.849693 0.045650 -18.421661
v 94.849693 0.003695 -18.421799
v 94.849693 0.058230 -19.885006
v 94.849693 0.085591 -19.908859
v 94.849693 0.085326 -19.885023
v 94.849693 0.058534 -19.977337
v 94.849693 0.300076 -21.326704
v 94.849693 0.058708 -21.363998
v 94.849693 0.299210 -21.363998
v 94.849693 0.058639 -21.253811
v 94.849693 0.302337 -19.948519
v 94.849693 0.302337 -19.909529
v 94.849693 0.089873 -20.953764
v 94.849693 0.042408 -20.753731
v 94.849693 0.042408 -20.953764
v 94.849693 0.067271 -20.753731
v 94.849693 0.067271 -20.387571
v 94.849693 0.044669 -20.314678
v 94.849693 0.044669 -20.387571
v 94.849693 0.085227 -20.314678
v 94.849693 0.319694 -21.325010
v 94.849693 0.319653 -19.948519
v 94.849693 0.076312 -19.995985
v 94.849693 0.076312 -20.024801
v 94.849693 0.062751 -20.041754
v 94.849693 0.052986 -21.007116
v 94.849693 0.089873 -20.987667
v 94.849693 0.057684 -20.992178
v 94.849693 0.085353 -20.253807
v 94.849693 0.003695 -20.198412
v 94.849693 0.003695 -20.253279
v 94.849693 0.022356 -20.198343
v 94.849693 0.022472 -20.097816
v 94.849693 0.003696 -21.216978
v 94.849693 0.024326 -21.160576
v 94.849693 0.003696 -21.160767
v 94.849693 0.003695 -20.043596
v 94.849693 0.003695 -20.096752
v 94.849693 0.052355 -21.216438
v 94.849693 0.052355 -21.216438
v 94.849693 0.003694 -21.007002
v 94.849693 0.003695 -21.064390
v 94.849693 0.024326 -21.063950
v 94.849693 0.350560 -19.528450
v 94.849693 0.003696 -18.884453
v 94.849693 0.036405 -19.014809
v 94.849693 0.003696 -19.014973
v 94.849693 0.036405 -19.014809
v 94.849693 0.003696 -18.884453
v 94.849693 0.350560 -19.528450
v 94.849693 0.036313 -19.623386
v 94.849693 0.094628 -19.736959
v 94.849693 0.003696 -19.623550
v 94.849693 0.094628 -19.736959
v 94.849693 0.036313 -19.623386
v 94.849693 0.024326 -21.160576
v 94.849693 0.052355 -21.216438
v 94.849693 0.024326 -21.063950
v 94.849693 0.052986 -21.007116
v 94.849693 0.003694 -21.007002
v 94.849693 0.024326 -21.063950
v 94.849693 0.052986 -21.007116
v 94.849693 0.003695 -18.557159
v 94.849693 0.036453 -18.557110
v 94.849693 0.003695 -18.421799
v 94.849693 0.036453 -18.557110
v 94.849693 0.350560 -18.596098
v 94.849693 0.003695 -18.421799
v 94.849693 0.058230 -21.391991
v 94.849693 0.085591 -21.415846
v 94.849693 0.085326 -21.392008
v 94.849693 0.058534 -21.484322
v 94.849693 0.300077 -22.833689
v 94.849693 0.058708 -22.870983
v 94.849693 0.299210 -22.870983
v 94.849693 0.058639 -22.760794
v 94.849693 0.302337 -21.455503
v 94.849693 0.302337 -21.416513
v 94.849693 0.089874 -22.460749
v 94.849693 0.042408 -22.260715
v 94.849693 0.042408 -22.460749
v 94.849693 0.067271 -22.260715
v 94.849693 0.067271 -21.894556
v 94.849693 0.044669 -21.821663
v 94.849693 0.044669 -21.894556
v 94.849693 0.085227 -21.821663
v 94.849693 0.319694 -22.831993
v 94.849693 0.319654 -21.455503
v 94.849693 0.076312 -21.502968
v 94.849693 0.076312 -21.531786
v 94.849693 0.062751 -21.548738
v 94.849693 0.052986 -22.514103
v 94.849693 0.089874 -22.494650
v 94.849693 0.057684 -22.499161
v 94.849693 0.085353 -21.760794
v 94.849693 0.003695 -21.705397
v 94.849693 0.003695 -21.760265
v 94.849693 0.022356 -21.705328
v 94.849693 0.022472 -21.604801
v 94.849693 0.003696 -22.723963
v 94.849693 0.024326 -22.667561
v 94.849693 0.003696 -22.667753
v 94.849693 0.003695 -21.550581
v 94.849693 0.003695 -21.603735
v 94.849693 0.052355 -22.723423
v 94.849693 0.052355 -22.723423
v 94.849693 0.003695 -22.513988
v 94.849693 0.003695 -22.571375
v 94.849693 0.024326 -22.570936
v 94.849693 0.024326 -22.667561
v 94.849693 0.052355 -22.723423
v 94.849693 0.024326 -22.570936
v 94.849693 0.052986 -22.514103
v 94.849693 0.003695 -22.513988
v 94.849693 0.024326 -22.570936
v 94.849693 0.052986 -22.514103
v 94.849693 0.058230 -22.907326
v 94.849693 0.085591 -22.931181
v 94.849693 0.085326 -22.907343
v 94.849693 0.058534 -22.999655
v 94.849693 0.300077 -24.349024
v 94.849693 0.058708 -24.386318
v 94.849693 0.299210 -24.386318
v 94.849693 0.058639 -24.276129
v 94.849693 0.302337 -22.970839
v 94.849693 0.302337 -22.931849
v 94.849693 0.089874 -23.976082
v 94.849693 0.042408 -23.776051
v 94.849693 0.042408 -23.976082
v 94.849693 0.067271 -23.776051
v 94.849693 0.067271 -23.409891
v 94.849693 0.044669 -23.336998
v 94.849693 0.044669 -23.409891
v 94.849693 0.085228 -23.336998
v 94.849693 0.319694 -24.347328
v 94.849693 0.319654 -22.970839
v 94.849693 0.076312 -23.018303
v 94.849693 0.076312 -23.047121
v 94.849693 0.062751 -23.064074
v 94.849693 0.052986 -24.029438
v 94.849693 0.089874 -24.009985
v 94.849693 0.057684 -24.014496
v 94.849693 0.085353 -23.276129
v 94.849693 0.003695 -23.220732
v 94.849693 0.003695 -23.275599
v 94.849693 0.022356 -23.220663
v 94.849693 0.022472 -23.120136
v 94.849693 0.003696 -24.239298
v 94.849693 0.024326 -24.182896
v 94.849693 0.003696 -24.183086
v 94.849693 0.003695 -23.065916
v 94.849693 0.003695 -23.119070
v 94.849693 0.052355 -24.238758
v 94.849693 0.052355 -24.238758
v 94.849693 0.003695 -24.029324
v 94.849693 0.003695 -24.086710
v 94.849693 0.024326 -24.086269
v 94.849693 0.024326 -24.182896
v 94.849693 0.052355 -24.238758
v 94.849693 0.024326 -24.086269
v 94.849693 0.052986 -24.029438
v 94.849693 0.003695 -24.029324
v 94.849693 0.024326 -24.086269
v 94.849693 0.052986 -24.029438
v 94.849693 0.058230 -24.416178
v 94.849693 0.085591 -24.440031
v 94.849693 0.085326 -24.416195
v 94.849693 0.058534 -24.508509
v 94.849693 0.300077 -25.857874
v 94.849693 0.058708 -25.895170
v 94.849693 0.299210 -25.895170
v 94.849693 0.058639 -25.784983
v 94.849693 0.302337 -24.479689
v 94.849693 0.302337 -24.440701
v 94.849693 0.089874 -25.484934
v 94.849693 0.042408 -25.284903
v 94.849693 0.042408 -25.484934
v 94.849693 0.067271 -25.284903
v 94.849693 0.067271 -24.918743
v 94.849693 0.044669 -24.845850
v 94.849693 0.044669 -24.918743
v 94.849693 0.085228 -24.845850
v 94.849693 0.319694 -25.856180
v 94.849693 0.319654 -24.479689
v 94.849693 0.076312 -24.527155
v 94.849693 0.076312 -24.555973
v 94.849693 0.062751 -24.572926
v 94.849693 0.052986 -25.538290
v 94.849693 0.089874 -25.518839
v 94.849693 0.057684 -25.523350
v 94.849693 0.085353 -24.784979
v 94.849693 0.003695 -24.729584
v 94.849693 0.003695 -24.784452
v 94.849693 0.022356 -24.729513
v 94.849693 0.022472 -24.628988
v 94.849693 0.003696 -25.748148
v 94.849693 0.024327 -25.691748
v 94.849693 0.003696 -25.691938
v 94.849693 0.003695 -24.574768
v 94.849693 0.003695 -24.627922
v 94.849693 0.052355 -25.747608
v 94.849693 0.052355 -25.747608
v 94.849693 0.003695 -25.538176
v 94.849693 0.003695 -25.595562
v 94.849693 0.024327 -25.595121
v 94.849693 0.024327 -25.691748
v 94.849693 0.052355 -25.747608
v 94.849693 0.024327 -25.595121
v 94.849693 0.052355 -25.747608
v 94.849693 0.052986 -25.538290
v 94.849693 0.024327 -25.595121
v 94.849693 0.003695 -25.538176
v 94.849693 0.024327 -25.595121
v 94.849693 0.052986 -25.538290
v 94.849693 0.058230 -25.912725
v 94.849693 0.085591 -25.936579
v 94.849693 0.085326 -25.912741
v 94.849693 0.058534 -26.005054
v 94.849693 0.300077 -27.354422
v 94.849693 0.058708 -27.391718
v 94.849693 0.299211 -27.391718
v 94.849693 0.058639 -27.281530
v 94.849693 0.302337 -25.976236
v 94.849693 0.302337 -25.937246
v 94.849693 0.089874 -26.981482
v 94.849693 0.042409 -26.781452
v 94.849693 0.042409 -26.981482
v 94.849693 0.067271 -26.781452
v 94.849693 0.067271 -26.415289
v 94.849693 0.044669 -26.342398
v 94.849693 0.044669 -26.415289
v 94.849693 0.085228 -26.342398
v 94.849693 0.319694 -27.352728
v 94.849693 0.319654 -25.976236
v 94.849693 0.076312 -26.023703
v 94.849693 0.076312 -26.052521
v 94.849693 0.062751 -26.069471
v 94.849693 0.052986 -27.034836
v 94.849693 0.089874 -27.015387
v 94.849693 0.057684 -27.019896
v 94.849693 0.085353 -26.281525
v 94.849693 0.003695 -26.226130
v 94.849693 0.003695 -26.281000
v 94.849693 0.022356 -26.226063
v 94.849693 0.022472 -26.125534
v 94.849693 0.003696 -27.244696
v 94.849693 0.024327 -27.188293
v 94.849693 0.003696 -27.188486
v 94.849693 0.003695 -26.071314
v 94.849693 0.003695 -26.124470
v 94.849693 0.052355 -27.244156
v 94.849693 0.052355 -27.244156
v 94.849693 0.003695 -27.034719
v 94.849693 0.003695 -27.092108
v 94.849693 0.024327 -27.091669
v 94.849693 0.024327 -27.188293
v 94.849693 0.052355 -27.244156
v 94.849693 0.024327 -27.091669
v 94.849693 0.052355 -27.244156
v 94.849693 0.052986 -27.034836
v 94.849693 0.024327 -27.091669
v 94.849693 0.003695 -27.034719
v 94.849693 0.024327 -27.091669
v 94.849693 0.052986 -27.034836
v 94.515129 0.062379 -19.835279
v 94.515129 0.113235 -19.828497
v 94.849693 0.062379 -19.835279
v 94.849693 0.113234 -19.828497
v 94.849693 0.062379 -19.835279
v 94.515129 0.113235 -19.828497
v 94.515129 0.061905 -19.804993
v 94.515129 0.062379 -19.835279
v 94.849693 0.061905 -19.804993
v 94.849693 0.062379 -19.835279
v 94.515129 0.094628 -19.752214
v 94.515129 0.061905 -19.804993
v 94.849693 0.094628 -19.752214
v 94.849693 0.094628 -19.752214
v 94.515129 0.061905 -19.804993
v 94.849693 0.061905 -19.804993
v 94.515129 0.343780 -18.331650
v 94.515129 0.109039 -18.332510
v 94.849693 0.343780 -18.331650
v 94.849693 0.109039 -18.332510
v 94.515129 0.350560 -18.596098
v 94.515129 0.343780 -18.331650
v 94.849693 0.350560 -18.596098
v 94.849693 0.343780 -18.331650
v 94.849693 0.350560 -18.596098
v 94.515129 0.343780 -18.331650
v 94.515129 0.343780 -19.828497
v 94.515129 0.350560 -19.630161
v 94.849693 0.343780 -19.828497
v 94.849693 0.350560 -19.630161
v 94.849693 0.343780 -19.828497
v 94.515129 0.350560 -19.630161
v 94.515129 0.113235 -19.828497
v 94.515129 0.343780 -19.828497
v 94.849693 0.113234 -19.828497
v 94.849693 0.343780 -19.828497
v 94.515129 0.003696 -19.736712
v 94.515129 0.094628 -19.736959
v 94.849693 0.003696 -19.736712
v 94.849693 0.094628 -19.736959
v 94.515121 0.003696 -19.623552
v 94.515129 0.003696 -19.736712
v 94.849693 0.003696 -19.623550
v 94.849693 0.003696 -19.736712
v 94.515129 0.036349 -19.470816
v 94.515121 0.036313 -19.623386
v 94.849693 0.036349 -19.470814
v 94.849693 0.036313 -19.623386
v 94.849693 0.036349 -19.470814
v 94.515121 0.036313 -19.623386
v 94.515129 0.036451 -18.687639
v 94.515121 0.003696 -18.688177
v 94.849693 0.036451 -18.687637
v 94.849693 0.003696 -18.688177
v 94.849693 0.036451 -18.687637
v 94.515121 0.003696 -18.688177
v 94.515121 0.003696 -18.688177
v 94.515129 0.003696 -18.817726
v 94.849693 0.003696 -18.688177
v 94.849693 0.003696 -18.817726
v 94.515129 0.003696 -18.817726
v 94.515129 0.094609 -18.821558
v 94.849693 0.003696 -18.817726
v 94.849693 0.094608 -18.821558
v 94.849693 0.003696 -18.817726
v 94.515129 0.094609 -18.821558
v 94.515129 0.350560 -19.528450
v 94.515129 0.350560 -18.697809
v 94.849693 0.350560 -19.528450
v 94.849693 0.350560 -18.697809
v 94.515129 0.094609 -18.821558
v 94.515129 0.094609 -18.882586
v 94.849693 0.094608 -18.821558
v 94.849693 0.094609 -18.882584
v 94.849693 0.094608 -18.821558
v 94.515129 0.094609 -18.882586
v 94.515129 0.094609 -18.882586
v 94.515129 0.003696 -18.884453
v 94.849693 0.094609 -18.882584
v 94.849693 0.003696 -18.884453
v 94.849693 0.094609 -18.882584
v 94.515129 0.003696 -18.884453
v 94.515129 0.003696 -19.341063
v 94.515129 0.003696 -19.470745
v 94.849693 0.003696 -19.341063
v 94.849693 0.003695 -19.470745
v 94.849693 0.003696 -19.341063
v 94.515129 0.003696 -19.470745
v 94.515129 0.094609 -19.340284
v 94.515129 0.003696 -19.341063
v 94.849693 0.094609 -19.340284
v 94.849693 0.003696 -19.341063
v 94.515129 0.003696 -19.470745
v 94.515129 0.036349 -19.470816
v 94.849693 0.003695 -19.470745
v 94.849693 0.036349 -19.470814
v 94.849693 0.003695 -19.470745
v 94.515129 0.036349 -19.470816
v 94.515129 0.094609 -19.279257
v 94.515129 0.094609 -19.340284
v 94.849693 0.094608 -19.279257
v 94.849693 0.094609 -19.340284
v 94.849693 0.094608 -19.279257
v 94.515129 0.094609 -19.340284
v 94.515129 0.003696 -19.278992
v 94.515129 0.094609 -19.279257
v 94.849693 0.003696 -19.278992
v 94.849693 0.094608 -19.279257
v 94.849693 0.003696 -19.278992
v 94.515129 0.094609 -19.279257
v 94.515129 0.003696 -19.146967
v 94.515129 0.003696 -19.278992
v 94.849693 0.003696 -19.146967
v 94.849693 0.003696 -19.278992
v 94.515129 0.036405 -19.147034
v 94.515129 0.003696 -19.146967
v 94.849693 0.036405 -19.147034
v 94.849693 0.003696 -19.146967
v 94.849693 0.036405 -19.147034
v 94.515129 0.003696 -19.146967
v 94.515129 0.036405 -19.014809
v 94.515129 0.036405 -19.147034
v 94.849693 0.036405 -19.014809
v 94.849693 0.036405 -19.147034
v 94.515129 0.350560 -19.630161
v 94.849693 0.350560 -19.630161
v 94.515129 0.094628 -19.736959
v 94.515129 0.094628 -19.752214
v 94.849693 0.094628 -19.736959
v 94.849693 0.094628 -19.752214
v 94.515129 0.036453 -18.557110
v 94.515129 0.036451 -18.687639
v 94.849693 0.036453 -18.557110
v 94.849693 0.036451 -18.687637
v 94.849693 0.036453 -18.557110
v 94.515129 0.036451 -18.687639
v 94.515129 0.109039 -18.332510
v 94.515129 0.064074 -18.334192
v 94.849693 0.109039 -18.332510
v 94.849693 0.064074 -18.334192
v 94.849693 0.109039 -18.332510
v 94.515129 0.064074 -18.334192
v 94.515129 0.350560 -18.596098
v 94.849693 0.350560 -18.596098
v 94.515129 0.064074 -18.334192
v 94.515129 0.045427 -18.345211
v 94.849693 0.064074 -18.334192
v 94.849693 0.045427 -18.345211
v 94.515129 0.045427 -18.345211
v 94.515129 0.045650 -18.421661
v 94.849693 0.045427 -18.345211
v 94.849693 0.045650 -18.421661
v 94.515129 0.045650 -18.421661
v 94.515121 0.003695 -18.421799
v 94.849693 0.045650 -18.421661
v 94.849693 0.003695 -18.421799
v 94.849693 0.045650 -18.421661
v 94.515121 0.003695 -18.421799
v 94.515121 0.085326 -19.885023
v 94.515121 0.058230 -19.885008
v 94.849693 0.085326 -19.885023
v 94.849693 0.058230 -19.885006
v 94.849693 0.085326 -19.885023
v 94.515121 0.058230 -19.885008
v 94.515121 0.085591 -19.908859
v 94.515121 0.085326 -19.885023
v 94.849693 0.085591 -19.908859
v 94.849693 0.085326 -19.885023
v 94.849693 0.085591 -19.908859
v 94.515121 0.085326 -19.885023
v 94.515121 0.058230 -19.885008
v 94.515121 0.058534 -19.977337
v 94.849693 0.058230 -19.885006
v 94.849693 0.058534 -19.977337
v 94.849693 0.058230 -19.885006
v 94.515121 0.058534 -19.977337
v 94.515121 0.299210 -21.363998
v 94.515121 0.300076 -21.326704
v 94.849693 0.299210 -21.363998
v 94.849693 0.300076 -21.326704
v 94.515121 0.058708 -21.363998
v 94.515121 0.299210 -21.363998
v 94.849693 0.058708 -21.363998
v 94.849693 0.299210 -21.363998
v 94.849693 0.058708 -21.363998
v 94.515121 0.299210 -21.363998
v 94.515121 0.058639 -21.253811
v 94.515121 0.058708 -21.363998
v 94.849693 0.058639 -21.253811
v 94.849693 0.058708 -21.363998
v 94.849693 0.058639 -21.253811
v 94.515121 0.058708 -21.363998
v 94.515121 0.302337 -19.909529
v 94.515121 0.085591 -19.908859
v 94.849693 0.302337 -19.909529
v 94.849693 0.085591 -19.908859
v 94.849693 0.302337 -19.909529
v 94.515121 0.085591 -19.908859
v 94.515121 0.302337 -19.948519
v 94.515121 0.302337 -19.909529
v 94.849693 0.302337 -19.948519
v 94.849693 0.302337 -19.909529
v 94.515121 0.042408 -20.953764
v 94.515121 0.089874 -20.953764
v 94.849693 0.042408 -20.953764
v 94.849693 0.089873 -20.953764
v 94.515121 0.042408 -20.753731
v 94.515121 0.042408 -20.953764
v 94.849693 0.042408 -20.753731
v 94.849693 0.042408 -20.953764
v 94.515121 0.067271 -20.753731
v 94.515121 0.042408 -20.753731
v 94.849693 0.067271 -20.753731
v 94.849693 0.042408 -20.753731
v 94.515121 0.044669 -20.387571
v 94.515121 0.067271 -20.387571
v 94.849693 0.044669 -20.387571
v 94.849693 0.067271 -20.387571
v 94.515121 0.044669 -20.314678
v 94.515121 0.044669 -20.387571
v 94.849693 0.044669 -20.314678
v 94.849693 0.044669 -20.387571
v 94.849693 0.044669 -20.314678
v 94.515121 0.044669 -20.387571
v 94.515121 0.085227 -20.314678
v 94.515121 0.044669 -20.314678
v 94.849693 0.085227 -20.314678
v 94.849693 0.044669 -20.314678
v 94.515121 0.319654 -19.948519
v 94.515121 0.302337 -19.948519
v 94.849693 0.319653 -19.948519
v 94.849693 0.302337 -19.948519
v 94.849693 0.319653 -19.948519
v 94.515121 0.302337 -19.948519
v 94.515121 0.319694 -21.325010
v 94.515121 0.319654 -19.948519
v 94.849693 0.319694 -21.325010
v 94.849693 0.319653 -19.948519
v 94.849693 0.319694 -21.325010
v 94.515121 0.319654 -19.948519
v 94.515121 0.058534 -19.977337
v 94.515121 0.076312 -19.995985
v 94.849693 0.058534 -19.977337
v 94.849693 0.076312 -19.995985
v 94.515121 0.076312 -19.995985
v 94.515121 0.076312 -20.024801
v 94.849693 0.076312 -19.995985
v 94.849693 0.076312 -20.024801
v 94.515121 0.076312 -20.024801
v 94.515121 0.062751 -20.041754
v 94.849693 0.076312 -20.024801
v 94.849693 0.062751 -20.041754
v 94.849693 0.076312 -20.024801
v 94.515121 0.062751 -20.041754
v 94.515121 0.300076 -21.326704
v 94.515121 0.319694 -21.325010
v 94.849693 0.300076 -21.326704
v 94.849693 0.319694 -21.325010
v 94.849693 0.300076 -21.326704
v 94.515121 0.319694 -21.325010
v 94.515121 0.057684 -20.992178
v 94.515121 0.052986 -21.007116
v 94.849693 0.057684 -20.992178
v 94.849693 0.052986 -21.007116
v 94.515121 0.089874 -20.987667
v 94.515121 0.057684 -20.992178
v 94.849693 0.089873 -20.987667
v 94.849693 0.057684 -20.992178
v 94.849693 0.089873 -20.987667
v 94.515121 0.057684 -20.992178
v 94.515121 0.003695 -20.253279
v 94.515121 0.085353 -20.253807
v 94.849693 0.003695 -20.253279
v 94.849693 0.085353 -20.253807
v 94.849693 0.003695 -20.253279
v 94.515121 0.085353 -20.253807
v 94.515121 0.003695 -20.198412
v 94.515121 0.003695 -20.253279
v 94.849693 0.003695 -20.198412
v 94.849693 0.003695 -20.253279
v 94.515121 0.022356 -20.198343
v 94.515121 0.003695 -20.198412
v 94.849693 0.022356 -20.198343
v 94.849693 0.003695 -20.198412
v 94.849693 0.022356 -20.198343
v 94.515121 0.003695 -20.198412
v 94.515121 0.022472 -20.097816
v 94.515121 0.022356 -20.198343
v 94.849693 0.022472 -20.097816
v 94.849693 0.022356 -20.198343
v 94.849693 0.022472 -20.097816
v 94.515121 0.022356 -20.198343
v 94.515121 0.003696 -21.160767
v 94.515121 0.003696 -21.216978
v 94.849693 0.003696 -21.160767
v 94.849693 0.003696 -21.216978
v 94.515121 0.024326 -21.160576
v 94.515121 0.003696 -21.160767
v 94.849693 0.024326 -21.160576
v 94.849693 0.003696 -21.160767
v 94.849693 0.024326 -21.160576
v 94.515121 0.003696 -21.160767
v 94.515121 0.003695 -20.096752
v 94.515121 0.022472 -20.097816
v 94.849693 0.003695 -20.096752
v 94.849693 0.022472 -20.097816
v 94.515121 0.003695 -20.043596
v 94.515121 0.003695 -20.096752
v 94.849693 0.003695 -20.043596
v 94.849693 0.003695 -20.096752
v 94.515121 0.062751 -20.041754
v 94.515121 0.003695 -20.043596
v 94.849693 0.062751 -20.041754
v 94.849693 0.003695 -20.043596
v 94.849693 0.062751 -20.041754
v 94.515121 0.003695 -20.043596
v 94.515121 0.085353 -20.253807
v 94.515121 0.085227 -20.314678
v 94.849693 0.085353 -20.253807
v 94.849693 0.085227 -20.314678
v 94.849693 0.085353 -20.253807
v 94.515121 0.085227 -20.314678
v 94.515121 0.067271 -20.387571
v 94.515121 0.067271 -20.753731
v 94.849693 0.067271 -20.387571
v 94.849693 0.067271 -20.753731
v 94.515121 0.089874 -20.953764
v 94.515121 0.089874 -20.987667
v 94.849693 0.089873 -20.953764
v 94.849693 0.089873 -20.987667
v 94.849693 0.089873 -20.953764
v 94.515121 0.089874 -20.987667
v 94.515121 0.052355 -21.216438
v 94.515121 0.058639 -21.253811
v 94.849693 0.052355 -21.216438
v 94.849693 0.058639 -21.253811
v 94.515121 0.003696 -21.216978
v 94.515121 0.052355 -21.216438
v 94.849693 0.003696 -21.216978
v 94.849693 0.052355 -21.216438
v 94.515121 0.003695 -21.007002
v 94.515121 0.003695 -21.064390
v 94.849693 0.003694 -21.007002
v 94.849693 0.003695 -21.064390
v 94.849693 0.003694 -21.007002
v 94.515121 0.003695 -21.064390
v 94.515121 0.003695 -21.064390
v 94.515121 0.024326 -21.063950
v 94.849693 0.003695 -21.064390
v 94.849693 0.024326 -21.063950
v 94.849693 0.003695 -21.064390
v 94.515121 0.024326 -21.063950
v 94.515129 0.003696 -19.014973
v 94.515129 0.036405 -19.014809
v 94.849693 0.003696 -19.014973
v 94.849693 0.036405 -19.014809
v 94.849693 0.003696 -19.014973
v 94.515129 0.036405 -19.014809
v 94.515129 0.003696 -18.884453
v 94.515129 0.003696 -19.014973
v 94.849693 0.003696 -18.884453
v 94.849693 0.003696 -19.014973
v 94.515121 0.036313 -19.623386
v 94.515121 0.003696 -19.623552
v 94.849693 0.036313 -19.623386
v 94.849693 0.003696 -19.623550
v 94.849693 0.036313 -19.623386
v 94.515121 0.003696 -19.623552
v 94.515121 0.024326 -21.063950
v 94.515121 0.024326 -21.160576
v 94.849693 0.024326 -21.063950
v 94.849693 0.024326 -21.160576
v 94.515121 0.052986 -21.007116
v 94.515121 0.003695 -21.007002
v 94.849693 0.052986 -21.007116
v 94.849693 0.003694 -21.007002
v 94.849693 0.052986 -21.007116
v 94.515121 0.003695 -21.007002
v 94.515129 0.003695 -18.557159
v 94.515129 0.036453 -18.557110
v 94.849693 0.003695 -18.557159
v 94.849693 0.036453 -18.557110
v 94.849693 0.003695 -18.557159
v 94.515129 0.036453 -18.557110
v 94.515121 0.003695 -18.421799
v 94.515129 0.003695 -18.557159
v 94.849693 0.003695 -18.421799
v 94.849693 0.003695 -18.557159
v 94.515121 0.085326 -21.392008
v 94.515121 0.058230 -21.391991
v 94.849693 0.085326 -21.392008
v 94.849693 0.058230 -21.391991
v 94.849693 0.085326 -21.392008
v 94.515121 0.058230 -21.391991
v 94.515121 0.085591 -21.415846
v 94.515121 0.085326 -21.392008
v 94.849693 0.085591 -21.415846
v 94.849693 0.085326 -21.392008
v 94.849693 0.085591 -21.415846
v 94.515121 0.085326 -21.392008
v 94.515121 0.058230 -21.391991
v 94.515121 0.058534 -21.484322
v 94.849693 0.058230 -21.391991
v 94.849693 0.058534 -21.484322
v 94.849693 0.058230 -21.391991
v 94.515121 0.058534 -21.484322
v 94.515121 0.299210 -22.870983
v 94.515121 0.300077 -22.833689
v 94.849693 0.299210 -22.870983
v 94.849693 0.300077 -22.833689
v 94.849693 0.299210 -22.870983
v 94.515121 0.300077 -22.833689
v 94.515121 0.058708 -22.870983
v 94.515121 0.299210 -22.870983
v 94.849693 0.058708 -22.870983
v 94.849693 0.299210 -22.870983
v 94.849693 0.058708 -22.870983
v 94.515121 0.299210 -22.870983
v 94.515121 0.058639 -22.760794
v 94.515121 0.058708 -22.870983
v 94.849693 0.058639 -22.760794
v 94.849693 0.058708 -22.870983
v 94.849693 0.058639 -22.760794
v 94.515121 0.058708 -22.870983
v 94.515121 0.302337 -21.416513
v 94.515121 0.085591 -21.415846
v 94.849693 0.302337 -21.416513
v 94.849693 0.085591 -21.415846
v 94.849693 0.302337 -21.416513
v 94.515121 0.085591 -21.415846
v 94.515121 0.302337 -21.455503
v 94.515121 0.302337 -21.416513
v 94.849693 0.302337 -21.455503
v 94.849693 0.302337 -21.416513
v 94.515121 0.042408 -22.460749
v 94.515121 0.089874 -22.460749
v 94.849693 0.042408 -22.460749
v 94.849693 0.089874 -22.460749
v 94.515121 0.042408 -22.260715
v 94.515121 0.042408 -22.460749
v 94.849693 0.042408 -22.260715
v 94.849693 0.042408 -22.460749
v 94.515121 0.067271 -22.260715
v 94.515121 0.042408 -22.260715
v 94.849693 0.067271 -22.260715
v 94.849693 0.042408 -22.260715
v 94.515121 0.044669 -21.894556
v 94.515121 0.067271 -21.894556
v 94.849693 0.044669 -21.894556
v 94.849693 0.067271 -21.894556
v 94.515121 0.044669 -21.821663
v 94.515121 0.044669 -21.894556
v 94.849693 0.044669 -21.821663
v 94.849693 0.044669 -21.894556
v 94.849693 0.044669 -21.821663
v 94.515121 0.044669 -21.894556
v 94.515121 0.085228 -21.821663
v 94.515121 0.044669 -21.821663
v 94.849693 0.085227 -21.821663
v 94.849693 0.044669 -21.821663
v 94.515121 0.319654 -21.455503
v 94.515121 0.302337 -21.455503
v 94.849693 0.319654 -21.455503
v 94.849693 0.302337 -21.455503
v 94.515121 0.319694 -22.831993
v 94.515121 0.319654 -21.455503
v 94.849693 0.319694 -22.831993
v 94.849693 0.319654 -21.455503
v 94.849693 0.319694 -22.831993
v 94.515121 0.319654 -21.455503
v 94.515121 0.058534 -21.484322
v 94.515121 0.076312 -21.502968
v 94.849693 0.058534 -21.484322
v 94.849693 0.076312 -21.502968
v 94.515121 0.076312 -21.502968
v 94.515121 0.076312 -21.531786
v 94.849693 0.076312 -21.502968
v 94.849693 0.076312 -21.531786
v 94.515121 0.076312 -21.531786
v 94.515121 0.062751 -21.548738
v 94.849693 0.076312 -21.531786
v 94.849693 0.062751 -21.548738
v 94.849693 0.076312 -21.531786
v 94.515121 0.062751 -21.548738
v 94.515121 0.300077 -22.833689
v 94.515121 0.319694 -22.831993
v 94.849693 0.300077 -22.833689
v 94.849693 0.319694 -22.831993
v 94.849693 0.300077 -22.833689
v 94.515121 0.319694 -22.831993
v 94.515121 0.057684 -22.499161
v 94.515121 0.052986 -22.514103
v 94.849693 0.057684 -22.499161
v 94.849693 0.052986 -22.514103
v 94.849693 0.057684 -22.499161
v 94.515121 0.052986 -22.514103
v 94.515121 0.089874 -22.494650
v 94.515121 0.057684 -22.499161
v 94.849693 0.089874 -22.494650
v 94.849693 0.057684 -22.499161
v 94.849693 0.089874 -22.494650
v 94.515121 0.057684 -22.499161
v 94.515121 0.003695 -21.760265
v 94.515121 0.085353 -21.760794
v 94.849693 0.003695 -21.760265
v 94.849693 0.085353 -21.760794
v 94.849693 0.003695 -21.760265
v 94.515121 0.085353 -21.760794
v 94.515121 0.003695 -21.705397
v 94.515121 0.003695 -21.760265
v 94.849693 0.003695 -21.705397
v 94.849693 0.003695 -21.760265
v 94.515121 0.022356 -21.705328
v 94.515121 0.003695 -21.705397
v 94.849693 0.022356 -21.705328
v 94.849693 0.003695 -21.705397
v 94.849693 0.022356 -21.705328
v 94.515121 0.003695 -21.705397
v 94.515121 0.022472 -21.604801
v 94.515121 0.022356 -21.705328
v 94.849693 0.022472 -21.604801
v 94.849693 0.022356 -21.705328
v 94.849693 0.022472 -21.604801
v 94.515121 0.022356 -21.705328
v 94.515121 0.003696 -22.667753
v 94.515121 0.003696 -22.723963
v 94.849693 0.003696 -22.667753
v 94.849693 0.003696 -22.723963
v 94.515121 0.024326 -22.667561
v 94.515121 0.003696 -22.667753
v 94.849693 0.024326 -22.667561
v 94.849693 0.003696 -22.667753
v 94.849693 0.024326 -22.667561
v 94.515121 0.003696 -22.667753
v 94.515121 0.003695 -21.603735
v 94.515121 0.022472 -21.604801
v 94.849693 0.003695 -21.603735
v 94.849693 0.022472 -21.604801
v 94.515121 0.003695 -21.550581
v 94.515121 0.003695 -21.603735
v 94.849693 0.003695 -21.550581
v 94.849693 0.003695 -21.603735
v 94.515121 0.062751 -21.548738
v 94.515121 0.003695 -21.550581
v 94.849693 0.062751 -21.548738
v 94.849693 0.003695 -21.550581
v 94.849693 0.062751 -21.548738
v 94.515121 0.003695 -21.550581
v 94.515121 0.085353 -21.760794
v 94.515121 0.085228 -21.821663
v 94.849693 0.085353 -21.760794
v 94.849693 0.085227 -21.821663
v 94.849693 0.085353 -21.760794
v 94.515121 0.085228 -21.821663
v 94.515121 0.067271 -21.894556
v 94.515121 0.067271 -22.260715
v 94.849693 0.067271 -21.894556
v 94.849693 0.067271 -22.260715
v 94.515121 0.089874 -22.460749
v 94.515121 0.089874 -22.494650
v 94.849693 0.089874 -22.460749
v 94.849693 0.089874 -22.494650
v 94.515121 0.052355 -22.723423
v 94.515121 0.058639 -22.760794
v 94.849693 0.052355 -22.723423
v 94.849693 0.058639 -22.760794
v 94.515121 0.003696 -22.723963
v 94.515121 0.052355 -22.723423
v 94.849693 0.003696 -22.723963
v 94.849693 0.052355 -22.723423
v 94.515121 0.003695 -22.513988
v 94.515121 0.003695 -22.571375
v 94.849693 0.003695 -22.513988
v 94.849693 0.003695 -22.571375
v 94.515121 0.003695 -22.571375
v 94.515121 0.024326 -22.570936
v 94.849693 0.003695 -22.571375
v 94.849693 0.024326 -22.570936
v 94.515121 0.024326 -22.570936
v 94.515121 0.024326 -22.667561
v 94.849693 0.024326 -22.570936
v 94.849693 0.024326 -22.667561
v 94.515121 0.052986 -22.514103
v 94.515121 0.003695 -22.513988
v 94.849693 0.052986 -22.514103
v 94.849693 0.003695 -22.513988
v 94.849693 0.052986 -22.514103
v 94.515121 0.003695 -22.513988
v 94.515121 0.085326 -22.907343
v 94.515121 0.058230 -22.907326
v 94.849693 0.085326 -22.907343
v 94.849693 0.058230 -22.907326
v 94.849693 0.085326 -22.907343
v 94.515121 0.058230 -22.907326
v 94.515121 0.085591 -22.931181
v 94.515121 0.085326 -22.907343
v 94.849693 0.085591 -22.931181
v 94.849693 0.085326 -22.907343
v 94.849693 0.085591 -22.931181
v 94.515121 0.085326 -22.907343
v 94.515121 0.058230 -22.907326
v 94.515121 0.058534 -22.999655
v 94.849693 0.058230 -22.907326
v 94.849693 0.058534 -22.999655
v 94.849693 0.058230 -22.907326
v 94.515121 0.058534 -22.999655
v 94.515121 0.299210 -24.386318
v 94.515121 0.300077 -24.349024
v 94.849693 0.299210 -24.386318
v 94.849693 0.300077 -24.349024
v 94.849693 0.299210 -24.386318
v 94.515121 0.300077 -24.349024
v 94.515121 0.058708 -24.386318
v 94.515121 0.299210 -24.386318
v 94.849693 0.058708 -24.386318
v 94.849693 0.299210 -24.386318
v 94.849693 0.058708 -24.386318
v 94.515121 0.299210 -24.386318
v 94.515121 0.058639 -24.276129
v 94.515121 0.058708 -24.386318
v 94.849693 0.058639 -24.276129
v 94.849693 0.058708 -24.386318
v 94.515121 0.302337 -22.931849
v 94.515121 0.085591 -22.931181
v 94.849693 0.302337 -22.931849
v 94.849693 0.085591 -22.931181
v 94.849693 0.302337 -22.931849
v 94.515121 0.085591 -22.931181
v 94.515121 0.302337 -22.970839
v 94.515121 0.302337 -22.931849
v 94.849693 0.302337 -22.970839
v 94.849693 0.302337 -22.931849
v 94.849693 0.302337 -22.970839
v 94.515121 0.302337 -22.931849
v 94.515121 0.042408 -23.976082
v 94.515121 0.089874 -23.976082
v 94.849693 0.042408 -23.976082
v 94.849693 0.089874 -23.976082
v 94.515121 0.042408 -23.776051
v 94.515121 0.042408 -23.976082
v 94.849693 0.042408 -23.776051
v 94.849693 0.042408 -23.976082
v 94.515121 0.067271 -23.776051
v 94.515121 0.042408 -23.776051
v 94.849693 0.067271 -23.776051
v 94.849693 0.042408 -23.776051
v 94.515121 0.044669 -23.409891
v 94.515121 0.067271 -23.409891
v 94.849693 0.044669 -23.409891
v 94.849693 0.067271 -23.409891
v 94.515121 0.044669 -23.336998
v 94.515121 0.044669 -23.409891
v 94.849693 0.044669 -23.336998
v 94.849693 0.044669 -23.409891
v 94.515121 0.085228 -23.336998
v 94.515121 0.044669 -23.336998
v 94.849693 0.085228 -23.336998
v 94.849693 0.044669 -23.336998
v 94.515121 0.319654 -22.970839
v 94.515121 0.302337 -22.970839
v 94.849693 0.319654 -22.970839
v 94.849693 0.302337 -22.970839
v 94.515121 0.319694 -24.347328
v 94.515121 0.319654 -22.970839
v 94.849693 0.319694 -24.347328
v 94.849693 0.319654 -22.970839
v 94.849693 0.319694 -24.347328
v 94.515121 0.319654 -22.970839
v 94.515121 0.058534 -22.999655
v 94.515121 0.076312 -23.018303
v 94.849693 0.058534 -22.999655
v 94.849693 0.076312 -23.018303
v 94.515121 0.076312 -23.018303
v 94.515121 0.076312 -23.047121
v 94.849693 0.076312 -23.018303
v 94.849693 0.076312 -23.047121
v 94.515121 0.076312 -23.047121
v 94.515121 0.062751 -23.064074
v 94.849693 0.076312 -23.047121
v 94.849693 0.062751 -23.064074
v 94.849693 0.076312 -23.047121
v 94.515121 0.062751 -23.064074
v 94.515121 0.300077 -24.349024
v 94.515121 0.319694 -24.347328
v 94.849693 0.300077 -24.349024
v 94.849693 0.319694 -24.347328
v 94.849693 0.300077 -24.349024
v 94.515121 0.319694 -24.347328
v 94.515121 0.057684 -24.014496
v 94.515121 0.052986 -24.029438
v 94.849693 0.057684 -24.014496
v 94.849693 0.052986 -24.029438
v 94.515121 0.089874 -24.009985
v 94.515121 0.057684 -24.014496
v 94.849693 0.089874 -24.009985
v 94.849693 0.057684 -24.014496
v 94.849693 0.089874 -24.009985
v 94.515121 0.057684 -24.014496
v 94.515121 0.003695 -23.275599
v 94.515121 0.085353 -23.276129
v 94.849693 0.003695 -23.275599
v 94.849693 0.085353 -23.276129
v 94.849693 0.003695 -23.275599
v 94.515121 0.085353 -23.276129
v 94.515121 0.003695 -23.220732
v 94.515121 0.003695 -23.275599
v 94.849693 0.003695 -23.220732
v 94.849693 0.003695 -23.275599
v 94.515121 0.022356 -23.220663
v 94.515121 0.003695 -23.220732
v 94.849693 0.022356 -23.220663
v 94.849693 0.003695 -23.220732
v 94.849693 0.022356 -23.220663
v 94.515121 0.003695 -23.220732
v 94.515121 0.022472 -23.120136
v 94.515121 0.022356 -23.220663
v 94.849693 0.022472 -23.120136
v 94.849693 0.022356 -23.220663
v 94.849693 0.022472 -23.120136
v 94.515121 0.022356 -23.220663
v 94.515121 0.003696 -24.183086
v 94.515121 0.003696 -24.239298
v 94.849693 0.003696 -24.183086
v 94.849693 0.003696 -24.239298
v 94.515121 0.024326 -24.182896
v 94.515121 0.003696 -24.183086
v 94.849693 0.024326 -24.182896
v 94.849693 0.003696 -24.183086
v 94.849693 0.024326 -24.182896
v 94.515121 0.003696 -24.183086
v 94.515121 0.003695 -23.119070
v 94.515121 0.022472 -23.120136
v 94.849693 0.003695 -23.119070
v 94.849693 0.022472 -23.120136
v 94.515121 0.003695 -23.065916
v 94.515121 0.003695 -23.119070
v 94.849693 0.003695 -23.065916
v 94.849693 0.003695 -23.119070
v 94.515121 0.062751 -23.064074
v 94.515121 0.003695 -23.065916
v 94.849693 0.062751 -23.064074
v 94.849693 0.003695 -23.065916
v 94.849693 0.062751 -23.064074
v 94.515121 0.003695 -23.065916
v 94.515121 0.085353 -23.276129
v 94.515121 0.085228 -23.336998
v 94.849693 0.085353 -23.276129
v 94.849693 0.085228 -23.336998
v 94.849693 0.085353 -23.276129
v 94.515121 0.085228 -23.336998
v 94.515121 0.067271 -23.409891
v 94.515121 0.067271 -23.776051
v 94.849693 0.067271 -23.409891
v 94.849693 0.067271 -23.776051
v 94.515121 0.089874 -23.976082
v 94.515121 0.089874 -24.009985
v 94.849693 0.089874 -23.976082
v 94.849693 0.089874 -24.009985
v 94.849693 0.089874 -23.976082
v 94.515121 0.089874 -24.009985
v 94.515121 0.052355 -24.238758
v 94.515121 0.058639 -24.276129
v 94.849693 0.052355 -24.238758
v 94.849693 0.058639 -24.276129
v 94.849693 0.052355 -24.238758
v 94.515121 0.058639 -24.276129
v 94.515121 0.003696 -24.239298
v 94.515121 0.052355 -24.238758
v 94.849693 0.003696 -24.239298
v 94.849693 0.052355 -24.238758
v 94.515121 0.003695 -24.029324
v 94.515121 0.003695 -24.086710
v 94.849693 0.003695 -24.029324
v 94.849693 0.003695 -24.086710
v 94.515121 0.003695 -24.086710
v 94.515121 0.024326 -24.086269
v 94.849693 0.003695 -24.086710
v 94.849693 0.024326 -24.086269
v 94.515121 0.024326 -24.086269
v 94.515121 0.024326 -24.182896
v 94.849693 0.024326 -24.086269
v 94.849693 0.024326 -24.182896
v 94.515121 0.052986 -24.029438
v 94.515121 0.003695 -24.029324
v 94.849693 0.052986 -24.029438
v 94.849693 0.003695 -24.029324
v 94.849693 0.052986 -24.029438
v 94.515121 0.003695 -24.029324
v 94.515121 0.085326 -24.416195
v 94.515121 0.058230 -24.416178
v 94.849693 0.085326 -24.416195
v 94.849693 0.058230 -24.416178
v 94.849693 0.085326 -24.416195
v 94.515121 0.058230 -24.416178
v 94.515121 0.085591 -24.440031
v 94.515121 0.085326 -24.416195
v 94.849693 0.085591 -24.440031
v 94.849693 0.085326 -24.416195
v 94.849693 0.085591 -24.440031
v 94.515121 0.085326 -24.416195
v 94.515121 0.058230 -24.416178
v 94.515121 0.058534 -24.508509
v 94.849693 0.058230 -24.416178
v 94.849693 0.058534 -24.508509
v 94.849693 0.058230 -24.416178
v 94.515121 0.058534 -24.508509
v 94.515121 0.299211 -25.895170
v 94.515121 0.300077 -25.857874
v 94.849693 0.299210 -25.895170
v 94.849693 0.300077 -25.857874
v 94.849693 0.299210 -25.895170
v 94.515121 0.300077 -25.857874
v 94.515121 0.058708 -25.895170
v 94.515121 0.299211 -25.895170
v 94.849693 0.058708 -25.895170
v 94.849693 0.299210 -25.895170
v 94.849693 0.058708 -25.895170
v 94.515121 0.299211 -25.895170
v 94.515121 0.058639 -25.784983
v 94.515121 0.058708 -25.895170
v 94.849693 0.058639 -25.784983
v 94.849693 0.058708 -25.895170
v 94.849693 0.058639 -25.784983
v 94.515121 0.058708 -25.895170
v 94.515121 0.302337 -24.440701
v 94.515121 0.085591 -24.440031
v 94.849693 0.302337 -24.440701
v 94.849693 0.085591 -24.440031
v 94.849693 0.302337 -24.440701
v 94.515121 0.085591 -24.440031
v 94.515121 0.302337 -24.479689
v 94.515121 0.302337 -24.440701
v 94.849693 0.302337 -24.479689
v 94.849693 0.302337 -24.440701
v 94.515121 0.042409 -25.484934
v 94.515121 0.089874 -25.484934
v 94.849693 0.042408 -25.484934
v 94.849693 0.089874 -25.484934
v 94.515121 0.042409 -25.284903
v 94.515121 0.042409 -25.484934
v 94.849693 0.042408 -25.284903
v 94.849693 0.042408 -25.484934
v 94.849693 0.042408 -25.284903
v 94.515121 0.042409 -25.484934
v 94.515121 0.067271 -25.284903
v 94.515121 0.042409 -25.284903
v 94.849693 0.067271 -25.284903
v 94.849693 0.042408 -25.284903
v 94.515121 0.044669 -24.918743
v 94.515121 0.067271 -24.918743
v 94.849693 0.044669 -24.918743
v 94.849693 0.067271 -24.918743
v 94.515121 0.044669 -24.845850
v 94.515121 0.044669 -24.918743
v 94.849693 0.044669 -24.845850
v 94.849693 0.044669 -24.918743
v 94.849693 0.044669 -24.845850
v 94.515121 0.044669 -24.918743
v 94.515121 0.085228 -24.845850
v 94.515121 0.044669 -24.845850
v 94.849693 0.085228 -24.845850
v 94.849693 0.044669 -24.845850
v 94.515121 0.319654 -24.479689
v 94.515121 0.302337 -24.479689
v 94.849693 0.319654 -24.479689
v 94.849693 0.302337 -24.479689
v 94.515121 0.319694 -25.856180
v 94.515121 0.319654 -24.479689
v 94.849693 0.319694 -25.856180
v 94.849693 0.319654 -24.479689
v 94.849693 0.319694 -25.856180
v 94.515121 0.319654 -24.479689
v 94.515121 0.058534 -24.508509
v 94.515121 0.076312 -24.527155
v 94.849693 0.058534 -24.508509
v 94.849693 0.076312 -24.527155
v 94.849693 0.058534 -24.508509
v 94.515121 0.076312 -24.527155
v 94.515121 0.076312 -24.527155
v 94.515121 0.076312 -24.555973
v 94.849693 0.076312 -24.527155
v 94.849693 0.076312 -24.555973
v 94.515121 0.076312 -24.555973
v 94.515121 0.062751 -24.572926
v 94.849693 0.076312 -24.555973
v 94.849693 0.062751 -24.572926
v 94.849693 0.076312 -24.555973
v 94.515121 0.062751 -24.572926
v 94.515121 0.300077 -25.857874
v 94.515121 0.319694 -25.856180
v 94.849693 0.300077 -25.857874
v 94.849693 0.319694 -25.856180
v 94.849693 0.300077 -25.857874
v 94.515121 0.319694 -25.856180
v 94.515121 0.057684 -25.523350
v 94.515121 0.052986 -25.538290
v 94.849693 0.057684 -25.523350
v 94.849693 0.052986 -25.538290
v 94.515121 0.089874 -25.518839
v 94.515121 0.057684 -25.523350
v 94.849693 0.089874 -25.518839
v 94.849693 0.057684 -25.523350
v 94.849693 0.089874 -25.518839
v 94.515121 0.057684 -25.523350
v 94.515121 0.003695 -24.784452
v 94.515121 0.085353 -24.784979
v 94.849693 0.003695 -24.784452
v 94.849693 0.085353 -24.784979
v 94.849693 0.003695 -24.784452
v 94.515121 0.085353 -24.784979
v 94.515121 0.003695 -24.729584
v 94.515121 0.003695 -24.784452
v 94.849693 0.003695 -24.729584
v 94.849693 0.003695 -24.784452
v 94.515121 0.022356 -24.729513
v 94.515121 0.003695 -24.729584
v 94.849693 0.022356 -24.729513
v 94.849693 0.003695 -24.729584
v 94.849693 0.022356 -24.729513
v 94.515121 0.003695 -24.729584
v 94.515121 0.022472 -24.628988
v 94.515121 0.022356 -24.729513
v 94.849693 0.022472 -24.628988
v 94.849693 0.022356 -24.729513
v 94.849693 0.022472 -24.628988
v 94.515121 0.022356 -24.729513
v 94.515121 0.003696 -25.691938
v 94.515121 0.003696 -25.748148
v 94.849693 0.003696 -25.691938
v 94.849693 0.003696 -25.748148
v 94.515121 0.024327 -25.691748
v 94.515121 0.003696 -25.691938
v 94.849693 0.024327 -25.691748
v 94.849693 0.003696 -25.691938
v 94.849693 0.024327 -25.691748
v 94.515121 0.003696 -25.691938
v 94.515121 0.003695 -24.627922
v 94.515121 0.022472 -24.628988
v 94.849693 0.003695 -24.627922
v 94.849693 0.022472 -24.628988
v 94.515121 0.003695 -24.574768
v 94.515121 0.003695 -24.627922
v 94.849693 0.003695 -24.574768
v 94.849693 0.003695 -24.627922
v 94.515121 0.062751 -24.572926
v 94.515121 0.003695 -24.574768
v 94.849693 0.062751 -24.572926
v 94.849693 0.003695 -24.574768
v 94.849693 0.062751 -24.572926
v 94.515121 0.003695 -24.574768
v 94.515121 0.085353 -24.784979
v 94.515121 0.085228 -24.845850
v 94.849693 0.085353 -24.784979
v 94.849693 0.085228 -24.845850
v 94.849693 0.085353 -24.784979
v 94.515121 0.085228 -24.845850
v 94.515121 0.067271 -24.918743
v 94.515121 0.067271 -25.284903
v 94.849693 0.067271 -24.918743
v 94.849693 0.067271 -25.284903
v 94.515121 0.089874 -25.484934
v 94.515121 0.089874 -25.518839
v 94.849693 0.089874 -25.484934
v 94.849693 0.089874 -25.518839
v 94.515121 0.052355 -25.747608
v 94.515121 0.058639 -25.784983
v 94.849693 0.052355 -25.747608
v 94.849693 0.058639 -25.784983
v 94.515121 0.003696 -25.748148
v 94.515121 0.052355 -25.747608
v 94.849693 0.003696 -25.748148
v 94.849693 0.052355 -25.747608
v 94.515121 0.003695 -25.538176
v 94.515121 0.003695 -25.595562
v 94.849693 0.003695 -25.538176
v 94.849693 0.003695 -25.595562
v 94.515121 0.003695 -25.595562
v 94.515121 0.024327 -25.595121
v 94.849693 0.003695 -25.595562
v 94.849693 0.024327 -25.595121
v 94.849693 0.003695 -25.595562
v 94.515121 0.024327 -25.595121
v 94.515121 0.024327 -25.595121
v 94.515121 0.024327 -25.691748
v 94.849693 0.024327 -25.595121
v 94.849693 0.024327 -25.691748
v 94.515121 0.052986 -25.538290
v 94.515121 0.003695 -25.538176
v 94.849693 0.052986 -25.538290
v 94.849693 0.003695 -25.538176
v 94.849693 0.052986 -25.538290
v 94.515121 0.003695 -25.538176
v 94.515121 0.085326 -25.912741
v 94.515121 0.058230 -25.912725
v 94.849693 0.085326 -25.912741
v 94.849693 0.058230 -25.912725
v 94.849693 0.085326 -25.912741
v 94.515121 0.058230 -25.912725
v 94.515121 0.085591 -25.936579
v 94.515121 0.085326 -25.912741
v 94.849693 0.085591 -25.936579
v 94.849693 0.085326 -25.912741
v 94.515121 0.058230 -25.912725
v 94.515121 0.058534 -26.005054
v 94.849693 0.058230 -25.912725
v 94.849693 0.058534 -26.005054
v 94.849693 0.058230 -25.912725
v 94.515121 0.058534 -26.005054
v 94.515121 0.299211 -27.391718
v 94.515121 0.300077 -27.354422
v 94.849693 0.299211 -27.391718
v 94.849693 0.300077 -27.354422
v 94.515121 0.058708 -27.391718
v 94.515121 0.299211 -27.391718
v 94.849693 0.058708 -27.391718
v 94.849693 0.299211 -27.391718
v 94.515121 0.058639 -27.281530
v 94.515121 0.058708 -27.391718
v 94.849693 0.058639 -27.281530
v 94.849693 0.058708 -27.391718
v 94.515121 0.302337 -25.937246
v 94.515121 0.085591 -25.936579
v 94.849693 0.302337 -25.937246
v 94.849693 0.085591 -25.936579
v 94.849693 0.302337 -25.937246
v 94.515121 0.085591 -25.936579
v 94.515121 0.302337 -25.976236
v 94.515121 0.302337 -25.937246
v 94.849693 0.302337 -25.976236
v 94.849693 0.302337 -25.937246
v 94.515121 0.042409 -26.981482
v 94.515121 0.089874 -26.981482
v 94.849693 0.042409 -26.981482
v 94.849693 0.089874 -26.981482
v 94.515121 0.042409 -26.781452
v 94.515121 0.042409 -26.981482
v 94.849693 0.042409 -26.781452
v 94.849693 0.042409 -26.981482
v 94.515121 0.067271 -26.781452
v 94.515121 0.042409 -26.781452
v 94.849693 0.067271 -26.781452
v 94.849693 0.042409 -26.781452
v 94.515121 0.044669 -26.415289
v 94.515121 0.067271 -26.415289
v 94.849693 0.044669 -26.415289
v 94.849693 0.067271 -26.415289
v 94.515121 0.044669 -26.342398
v 94.515121 0.044669 -26.415289
v 94.849693 0.044669 -26.342398
v 94.849693 0.044669 -26.415289
v 94.515121 0.085228 -26.342398
v 94.515121 0.044669 -26.342398
v 94.849693 0.085228 -26.342398
v 94.849693 0.044669 -26.342398
v 94.515121 0.319654 -25.976236
v 94.515121 0.302337 -25.976236
v 94.849693 0.319654 -25.976236
v 94.849693 0.302337 -25.976236
v 94.515121 0.319694 -27.352728
v 94.515121 0.319654 -25.976236
v 94.849693 0.319694 -27.352728
v 94.849693 0.319654 -25.976236
v 94.849693 0.319694 -27.352728
v 94.515121 0.319654 -25.976236
v 94.515121 0.058534 -26.005054
v 94.515121 0.076312 -26.023703
v 94.849693 0.058534 -26.005054
v 94.849693 0.076312 -26.023703
v 94.515121 0.076312 -26.023703
v 94.515121 0.076312 -26.052521
v 94.849693 0.076312 -26.023703
v 94.849693 0.076312 -26.052521
v 94.849693 0.076312 -26.023703
v 94.515121 0.076312 -26.052521
v 94.515121 0.076312 -26.052521
v 94.515121 0.062751 -26.069471
v 94.849693 0.076312 -26.052521
v 94.849693 0.062751 -26.069471
v 94.849693 0.076312 -26.052521
v 94.515121 0.062751 -26.069471
v 94.515121 0.300077 -27.354422
v 94.515121 0.319694 -27.352728
v 94.849693 0.300077 -27.354422
v 94.849693 0.319694 -27.352728
v 94.849693 0.300077 -27.354422
v 94.515121 0.319694 -27.352728
v 94.515121 0.057684 -27.019896
v 94.515121 0.052986 -27.034836
v 94.849693 0.057684 -27.019896
v 94.849693 0.052986 -27.034836
v 94.849693 0.057684 -27.019896
v 94.515121 0.052986 -27.034836
v 94.515121 0.089874 -27.015387
v 94.515121 0.057684 -27.019896
v 94.849693 0.089874 -27.015387
v 94.849693 0.057684 -27.019896
v 94.849693 0.089874 -27.015387
v 94.515121 0.057684 -27.019896
v 94.515121 0.003695 -26.281000
v 94.515121 0.085353 -26.281525
v 94.849693 0.003695 -26.281000
v 94.849693 0.085353 -26.281525
v 94.849693 0.003695 -26.281000
v 94.515121 0.085353 -26.281525
v 94.515121 0.003695 -26.226130
v 94.515121 0.003695 -26.281000
v 94.849693 0.003695 -26.226130
v 94.849693 0.003695 -26.281000
v 94.515121 0.022356 -26.226063
v 94.515121 0.003695 -26.226130
v 94.849693 0.022356 -26.226063
v 94.849693 0.003695 -26.226130
v 94.849693 0.022356 -26.226063
v 94.515121 0.003695 -26.226130
v 94.515121 0.022472 -26.125534
v 94.515121 0.022356 -26.226063
v 94.849693 0.022472 -26.125534
v 94.849693 0.022356 -26.226063
v 94.849693 0.022472 -26.125534
v 94.515121 0.022356 -26.226063
v 94.515121 0.003696 -27.188486
v 94.515121 0.003696 -27.244696
v 94.849693 0.003696 -27.188486
v 94.849693 0.003696 -27.244696
v 94.515121 0.024327 -27.188293
v 94.515121 0.003696 -27.188486
v 94.849693 0.024327 -27.188293
v 94.849693 0.003696 -27.188486
v 94.849693 0.024327 -27.188293
v 94.515121 0.003696 -27.188486
v 94.515121 0.003695 -26.124470
v 94.515121 0.022472 -26.125534
v 94.849693 0.003695 -26.124470
v 94.849693 0.022472 -26.125534
v 94.849693 0.003695 -26.124470
v 94.515121 0.022472 -26.125534
v 94.515121 0.003695 -26.071314
v 94.515121 0.003695 -26.124470
v 94.849693 0.003695 -26.071314
v 94.849693 0.003695 -26.124470
v 94.515121 0.062751 -26.069471
v 94.515121 0.003695 -26.071314
v 94.849693 0.062751 -26.069471
v 94.849693 0.003695 -26.071314
v 94.849693 0.062751 -26.069471
v 94.515121 0.003695 -26.071314
v 94.515121 0.085353 -26.281525
v 94.515121 0.085228 -26.342398
v 94.849693 0.085353 -26.281525
v 94.849693 0.085228 -26.342398
v 94.515121 0.067271 -26.415289
v 94.515121 0.067271 -26.781452
v 94.849693 0.067271 -26.415289
v 94.849693 0.067271 -26.781452
v 94.849693 0.067271 -26.415289
v 94.515121 0.067271 -26.781452
v 94.515121 0.089874 -26.981482
v 94.515121 0.089874 -27.015387
v 94.849693 0.089874 -26.981482
v 94.849693 0.089874 -27.015387
v 94.849693 0.089874 -26.981482
v 94.515121 0.089874 -27.015387
v 94.515121 0.052356 -27.244156
v 94.515121 0.058639 -27.281530
v 94.849693 0.052355 -27.244156
v 94.849693 0.058639 -27.281530
v 94.849693 0.052355 -27.244156
v 94.515121 0.058639 -27.281530
v 94.515121 0.003696 -27.244696
v 94.515121 0.052356 -27.244156
v 94.849693 0.003696 -27.244696
v 94.849693 0.052355 -27.244156
v 94.849693 0.003696 -27.244696
v 94.515121 0.052356 -27.244156
v 94.515121 0.003695 -27.034719
v 94.515121 0.003695 -27.092108
v 94.849693 0.003695 -27.034719
v 94.849693 0.003695 -27.092108
v 94.515121 0.003695 -27.092108
v 94.515121 0.024327 -27.091669
v 94.849693 0.003695 -27.092108
v 94.849693 0.024327 -27.091669
v 94.849693 0.003695 -27.092108
v 94.515121 0.024327 -27.091669
v 94.515121 0.024327 -27.091669
v 94.515121 0.024327 -27.188293
v 94.849693 0.024327 -27.091669
v 94.849693 0.024327 -27.188293
v 94.515121 0.052986 -27.034836
v 94.515121 0.003695 -27.034719
v 94.849693 0.052986 -27.034836
v 94.849693 0.003695 -27.034719
v 94.849693 0.052986 -27.034836
v 94.515121 0.003695 -27.034719
s 1
f 8739 8740 8741
f 8740 8739 8742
f 8743 8744 8745
f 8740 8746 8747
f 8748 8749 8750
f 8751 8752 8753
f 8754 8755 8756
f 8754 8757 8755
f 8754 8758 8757
f 8759 8758 8754
f 8759 8760 8758
f 8759 8761 8760
f 8762 8763 8764
f 8762 8751 8763
f 8762 8752 8751
f 8765 8752 8762
f 8766 8765 8767
f 8768 8765 8766
f 8769 8765 8768
f 8765 8769 8752
f 8770 8771 8746
f 8746 8740 8742
f 8746 8742 8770
f 8754 8756 8772
f 8773 8744 8743
f 8774 8754 8772
f 8775 8773 8743
f 8776 8775 8743
f 8743 8777 8776
s 0
f 8819 8820 8821
f 8821 8822 8819
f 8823 8824 8825
f 8826 8827 8828
f 8829 8830 8831
f 8832 8833 8834
f 8835 8836 8837
f 8838 8839 8840
f 8841 8842 8843
f 8885 8886 8887
f 8888 8885 8887
f 8887 8889 8888
f 8931 8932 8933
f 8934 8931 8933
f 8933 8935 8934
f 8977 8978 8979
f 8980 8981 8982
f 8982 8983 8980
f 9025 9026 9027
f 9028 9025 9027
f 9027 9029 9028
s 1
f 9030 9031 9032
f 9030 9033 9031
f 9034 9035 9036
f 9037 9030 9038
f 9039 9040 9041
f 9042 9043 9044
f 9045 9046 9047
f 9048 9046 9045
f 9049 9046 9048
f 9049 9050 9046
f 9051 9050 9049
f 9052 9050 9051
f 9053 9054 9055
f 9043 9054 9053
f 9042 9054 9043
f 9042 9056 9054
f 9056 9057 9058
f 9056 9059 9057
f 9056 9060 9059
f 9060 9056 9042
f 9061 9062 9037
f 9030 9037 9033
f 9033 9037 9062
f 9047 9046 9063
f 9034 9064 9035
f 9046 9065 9063
f 9064 9066 9035
f 9066 9067 9035
f 9068 9035 9067
s 0
f 9110 9111 9112
f 9113 9114 9115
f 9116 9117 9118
f 9119 9120 9121
f 9122 9123 9124
f 9123 9125 9124
f 9126 9127 9128
f 9129 9130 9131
f 9132 9133 9134
f 9176 9177 9178
f 9177 9179 9178
f 9180 9181 9182
f 9224 9225 9226
f 9225 9227 9226
f 9228 9229 9230
f 9272 9273 9274
f 9275 9276 9277
f 9278 9279 9280
f 9322 9323 9324
f 9325 9326 9327
f 9328 9329 9330
f 9331 9332 9333
f 9334 9335 9336
f 9337 9338 9339
f 9340 9339 9338
f 9341 9342 9343
f 9344 9345 9346
f 9347 9348 9349
f 9350 9349 9348
f 9351 9352 9353
f 9354 9355 9356
f 9357 9358 9359
f 9360 9361 9362
f 9363 9364 9365
f 9366 9365 9364
f 9367 9368 9369
f 9370 9369 9368
f 9371 9372 9373
f 9374 9373 9372
f 9375 9376 9377
f 9378 9379 9380
f 9381 9382 9383
f 9384 9385 9386
f 9387 9388 9389
f 9390 9389 9388
f 9391 9392 9393
f 9394 9395 9396
f 9397 9398 9399
f 9400 9399 9398
f 9401 9402 9403
f 9404 9405 9406
f 9407 9408 9409
f 9410 9411 9412
f 9413 9414 9415
f 9416 9417 9418
f 9419 9420 9421
f 9422 9421 9420
f 9423 9424 9425
f 9426 9427 9428
f 9429 9430 9431
f 9432 9433 9434
f 9435 9436 9437
f 9438 9439 9440
f 9441 9442 9443
f 9444 9443 9442
f 9445 9446 9447
f 9448 9449 9450
f 9451 9452 9453
f 9454 9453 9452
f 9455 9397 9456
f 9399 9456 9397
f 9457 9458 9459
f 9460 9459 9458
f 9461 9462 9463
f 9464 9465 9466
f 9467 9468 9469
f 9470 9471 9472
f 9398 9473 9400
f 9474 9400 9473
f 9475 9476 9477
f 9478 9477 9476
f 9479 9480 9481
f 9482 9481 9480
f 9483 9484 9485
f 9486 9487 9488
f 9683 9684 9685
f 9686 9687 9688
f 9689 9690 9691
f 9692 9691 9690
f 9693 9694 9695
f 9696 9697 9698
f 9699 9700 9701
f 9702 9701 9700
f 9703 9704 9705
f 9706 9707 9708
f 9709 9710 9711
f 9712 9713 9714
f 9715 9716 9717
f 9718 9717 9716
f 9909 9910 9911
f 9912 9911 9910
f 9913 9914 9915
f 9916 9917 9918
f 10109 10110 10111
f 10112 10111 10110
f 10113 10114 10115
f 10116 10117 10118
f 10313 10314 10315
f 10316 10315 10314
f 10317 10318 10319
f 10320 10321 10322
f 10515 10516 10517
f 10518 10517 10516
f 10519 10520 10521
f 10522 10523 10524
s 1
f 8778 8779 8780
f 8778 8781 8779
f 8782 8783 8784
f 8785 8783 8782
f 8786 8778 8787
f 8788 8789 8790
f 8791 8789 8788
f 8792 8793 8794
f 8795 8793 8792
f 8796 8786 8797
f 8786 8781 8778
f 8786 8798 8781
f 8796 8798 8786
f 8796 8799 8798
f 8796 8800 8799
f 8783 8800 8796
f 8801 8802 8803
f 8804 8805 8806
f 8807 8805 8804
f 8808 8805 8807
f 8809 8810 8811
f 8812 8808 8813
f 8800 8808 8812
f 8800 8805 8808
f 8783 8805 8800
f 8783 8795 8805
f 8783 8793 8795
f 8783 8791 8793
f 8783 8789 8791
f 8783 8801 8789
f 8785 8801 8783
f 8814 8801 8785
f 8814 8802 8801
f 8809 8815 8810
f 8816 8817 8818
f 8844 8845 8846
f 8844 8847 8845
f 8848 8849 8850
f 8851 8849 8848
f 8852 8844 8853
f 8854 8855 8856
f 8857 8855 8854
f 8858 8859 8860
f 8861 8859 8858
f 8862 8852 8863
f 8852 8847 8844
f 8852 8864 8847
f 8862 8864 8852
f 8862 8865 8864
f 8862 8866 8865
f 8849 8866 8862
f 8867 8868 8869
f 8870 8871 8872
f 8873 8871 8870
f 8874 8871 8873
f 8875 8876 8877
f 8878 8874 8879
f 8866 8874 8878
f 8866 8871 8874
f 8849 8871 8866
f 8849 8861 8871
f 8849 8859 8861
f 8849 8857 8859
f 8849 8855 8857
f 8849 8867 8855
f 8851 8867 8849
f 8880 8867 8851
f 8880 8868 8867
f 8875 8881 8876
f 8882 8883 8884
f 8890 8891 8892
f 8890 8893 8891
f 8894 8895 8896
f 8897 8895 8894
f 8898 8890 8899
f 8900 8901 8902
f 8903 8901 8900
f 8904 8905 8906
f 8907 8905 8904
f 8908 8898 8909
f 8898 8893 8890
f 8898 8910 8893
f 8908 8910 8898
f 8908 8911 8910
f 8908 8912 8911
f 8895 8912 8908
f 8913 8914 8915
f 8916 8917 8918
f 8919 8917 8916
f 8920 8917 8919
f 8921 8922 8923
f 8924 8920 8925
f 8912 8920 8924
f 8912 8917 8920
f 8895 8917 8912
f 8895 8907 8917
f 8895 8905 8907
f 8895 8903 8905
f 8895 8901 8903
f 8895 8913 8901
f 8897 8913 8895
f 8926 8913 8897
f 8926 8914 8913
f 8921 8927 8922
f 8928 8929 8930
f 8936 8937 8938
f 8936 8939 8937
f 8940 8941 8942
f 8943 8941 8940
f 8944 8936 8945
f 8946 8947 8948
f 8949 8947 8946
f 8950 8951 8952
f 8953 8951 8950
f 8954 8944 8955
f 8944 8939 8936
f 8944 8956 8939
f 8954 8956 8944
f 8954 8957 8956
f 8954 8958 8957
f 8941 8958 8954
f 8959 8960 8961
f 8962 8963 8964
f 8965 8963 8962
f 8966 8963 8965
f 8967 8968 8969
f 8970 8966 8971
f 8958 8966 8970
f 8958 8963 8966
f 8941 8963 8958
f 8941 8953 8963
f 8941 8951 8953
f 8941 8949 8951
f 8941 8947 8949
f 8941 8959 8947
f 8943 8959 8941
f 8972 8959 8943
f 8972 8960 8959
f 8967 8973 8968
f 8974 8975 8976
f 8984 8985 8986
f 8984 8987 8985
f 8988 8989 8990
f 8991 8989 8988
f 8992 8984 8993
f 8994 8995 8996
f 8997 8995 8994
f 8998 8999 9000
f 9001 8999 8998
f 9002 8992 9003
f 8992 8987 8984
f 8992 9004 8987
f 9002 9004 8992
f 9002 9005 9004
f 9002 9006 9005
f 8989 9006 9002
f 9007 9008 9009
f 9010 9011 9012
f 9013 9011 9010
f 9014 9011 9013
f 9015 9016 9017
f 9018 9014 9019
f 9006 9014 9018
f 9006 9011 9014
f 8989 9011 9006
f 8989 9001 9011
f 8989 8999 9001
f 8989 8997 8999
f 8989 8995 8997
f 8989 9007 8995
f 8991 9007 8989
f 9020 9007 8991
f 9020 9008 9007
f 9015 9021 9016
f 9022 9023 9024
f 9069 9070 9071
f 9072 9070 9069
f 9073 9074 9075
f 9073 9076 9074
f 9070 9077 9078
f 9079 9080 9081
f 9079 9082 9080
f 9083 9084 9085
f 9083 9086 9084
f 9077 9087 9088
f 9072 9077 9070
f 9089 9077 9072
f 9089 9087 9077
f 9090 9087 9089
f 9091 9087 9090
f 9091 9073 9087
f 9092 9093 9094
f 9095 9096 9097
f 9095 9098 9096
f 9095 9099 9098
f 9100 9101 9102
f 9099 9103 9104
f 9099 9091 9103
f 9095 9091 9099
f 9095 9073 9091
f 9086 9073 9095
f 9083 9073 9086
f 9082 9073 9083
f 9079 9073 9082
f 9093 9073 9079
f 9093 9076 9073
f 9093 9105 9076
f 9092 9105 9093
f 9106 9101 9100
f 9107 9108 9109
f 9135 9136 9137
f 9138 9136 9135
f 9139 9140 9141
f 9139 9142 9140
f 9136 9143 9144
f 9145 9146 9147
f 9145 9148 9146
f 9149 9150 9151
f 9149 9152 9150
f 9143 9153 9154
f 9138 9143 9136
f 9155 9143 9138
f 9155 9153 9143
f 9156 9153 9155
f 9157 9153 9156
f 9157 9139 9153
f 9158 9159 9160
f 9161 9162 9163
f 9161 9164 9162
f 9161 9165 9164
f 9166 9167 9168
f 9165 9169 9170
f 9165 9157 9169
f 9161 9157 9165
f 9161 9139 9157
f 9152 9139 9161
f 9149 9139 9152
f 9148 9139 9149
f 9145 9139 9148
f 9159 9139 9145
f 9159 9142 9139
f 9159 9171 9142
f 9158 9171 9159
f 9172 9167 9166
f 9173 9174 9175
f 9183 9184 9185
f 9186 9184 9183
f 9187 9188 9189
f 9187 9190 9188
f 9184 9191 9192
f 9193 9194 9195
f 9193 9196 9194
f 9197 9198 9199
f 9197 9200 9198
f 9191 9201 9202
f 9186 9191 9184
f 9203 9191 9186
f 9203 9201 9191
f 9204 9201 9203
f 9205 9201 9204
f 9205 9187 9201
f 9206 9207 9208
f 9209 9210 9211
f 9209 9212 9210
f 9209 9213 9212
f 9214 9215 9216
f 9213 9217 9218
f 9213 9205 9217
f 9209 9205 9213
f 9209 9187 9205
f 9200 9187 9209
f 9197 9187 9200
f 9196 9187 9197
f 9193 9187 9196
f 9207 9187 9193
f 9207 9190 9187
f 9207 9219 9190
f 9206 9219 9207
f 9220 9215 9214
f 9221 9222 9223
f 9231 9232 9233
f 9234 9232 9231
f 9235 9236 9237
f 9235 9238 9236
f 9232 9239 9240
f 9241 9242 9243
f 9241 9244 9242
f 9245 9246 9247
f 9245 9248 9246
f 9239 9249 9250
f 9234 9239 9232
f 9251 9239 9234
f 9251 9249 9239
f 9252 9249 9251
f 9253 9249 9252
f 9253 9235 9249
f 9254 9255 9256
f 9257 9258 9259
f 9257 9260 9258
f 9257 9261 9260
f 9262 9263 9264
f 9261 9265 9266
f 9261 9253 9265
f 9257 9253 9261
f 9257 9235 9253
f 9248 9235 9257
f 9245 9235 9248
f 9244 9235 9245
f 9241 9235 9244
f 9255 9235 9241
f 9255 9238 9235
f 9255 9267 9238
f 9254 9267 9255
f 9268 9263 9262
f 9269 9270 9271
f 9281 9282 9283
f 9284 9282 9281
f 9285 9286 9287
f 9285 9288 9286
f 9282 9289 9290
f 9291 9292 9293
f 9291 9294 9292
f 9295 9296 9297
f 9295 9298 9296
f 9289 9299 9300
f 9284 9289 9282
f 9301 9289 9284
f 9301 9299 9289
f 9302 9299 9301
f 9303 9299 9302
f 9303 9285 9299
f 9304 9305 9306
f 9307 9308 9309
f 9307 9310 9308
f 9307 9311 9310
f 9312 9313 9314
f 9311 9315 9316
f 9311 9303 9315
f 9307 9303 9311
f 9307 9285 9303
f 9298 9285 9307
f 9295 9285 9298
f 9294 9285 9295
f 9291 9285 9294
f 9305 9285 9291
f 9305 9288 9285
f 9305 9317 9288
f 9304 9317 9305
f 9318 9313 9312
f 9319 9320 9321
s 0
f 9489 9490 9491
f 9492 9493 9494
f 9495 9496 9497
f 9498 9499 9500
f 9501 9502 9503
f 9504 9505 9506
f 9507 9508 9509
f 9510 9509 9508
f 9511 9512 9513
f 9514 9515 9516
f 9517 9518 9519
f 9520 9521 9522
f 9523 9524 9525
f 9526 9527 9528
f 9529 9530 9531
f 9532 9531 9530
f 9533 9534 9535
f 9536 9535 9534
f 9537 9538 9539
f 9540 9539 9538
f 9541 9542 9543
f 9544 9543 9542
f 9545 9546 9547
f 9548 9547 9546
f 9549 9550 9551
f 9552 9553 9554
f 9555 9556 9557
f 9558 9557 9556
f 9559 9560 9561
f 9562 9563 9564
f 9565 9566 9567
f 9568 9569 9570
f 9571 9572 9573
f 9574 9573 9572
f 9575 9576 9577
f 9578 9577 9576
f 9579 9580 9581
f 9582 9583 9584
f 9585 9586 9587
f 9588 9589 9590
f 9591 9592 9593
f 9594 9593 9592
f 9595 9596 9597
f 9598 9599 9600
f 9601 9602 9603
f 9604 9605 9606
f 9607 9608 9609
f 9610 9609 9608
f 9611 9612 9613
f 9614 9615 9616
f 9617 9618 9619
f 9620 9621 9622
f 9623 9624 9625
f 9626 9625 9624
f 9627 9628 9629
f 9630 9631 9632
f 9633 9634 9635
f 9636 9635 9634
f 9637 9638 9639
f 9640 9639 9638
f 9641 9642 9643
f 9644 9645 9646
f 9647 9648 9649
f 9650 9651 9652
f 9653 9654 9655
f 9656 9655 9654
f 9657 9658 9659
f 9660 9661 9662
f 9663 9664 9665
f 9666 9665 9664
f 9667 9668 9669
f 9670 9669 9668
f 9671 9672 9673
f 9674 9675 9676
f 9677 9678 9679
f 9680 9681 9682
f 9719 9720 9721
f 9722 9723 9724
f 9725 9726 9727
f 9728 9729 9730
f 9731 9732 9733
f 9734 9735 9736
f 9737 9738 9739
f 9740 9741 9742
f 9743 9744 9745
f 9746 9747 9748
f 9749 9750 9751
f 9752 9753 9754
f 9755 9756 9757
f 9758 9759 9760
f 9761 9762 9763
f 9764 9763 9762
f 9765 9766 9767
f 9768 9767 9766
f 9769 9770 9771
f 9772 9771 9770
f 9773 9774 9775
f 9776 9775 9774
f 9777 9778 9779
f 9780 9779 9778
f 9781 9782 9783
f 9784 9785 9786
f 9787 9788 9789
f 9790 9789 9788
f 9791 9792 9793
f 9794 9793 9792
f 9795 9796 9797
f 9798 9799 9800
f 9801 9802 9803
f 9804 9803 9802
f 9805 9806 9807
f 9808 9807 9806
f 9809 9810 9811
f 9812 9813 9814
f 9815 9816 9817
f 9818 9819 9820
f 9821 9822 9823
f 9824 9825 9826
f 9827 9828 9829
f 9830 9831 9832
f 9833 9834 9835
f 9836 9837 9838
f 9839 9840 9841
f 9842 9841 9840
f 9843 9844 9845
f 9846 9847 9848
f 9849 9850 9851
f 9852 9853 9854
f 9855 9856 9857
f 9858 9857 9856
f 9859 9860 9861
f 9862 9863 9864
f 9865 9866 9867
f 9868 9867 9866
f 9869 9870 9871
f 9872 9871 9870
f 9873 9874 9875
f 9876 9877 9878
f 9879 9880 9881
f 9882 9883 9884
f 9885 9886 9887
f 9888 9887 9886
f 9889 9890 9891
f 9892 9891 9890
f 9893 9894 9895
f 9896 9895 9894
f 9897 9898 9899
f 9900 9899 9898
f 9901 9902 9903
f 9904 9903 9902
f 9905 9906 9907
f 9908 9907 9906
f 9919 9920 9921
f 9922 9923 9924
f 9925 9926 9927
f 9928 9929 9930
f 9931 9932 9933
f 9934 9935 9936
f 9937 9938 9939
f 9940 9941 9942
f 9943 9944 9945
f 9946 9947 9948
f 9949 9950 9951
f 9952 9951 9950
f 9953 9954 9955
f 9956 9957 9958
f 9959 9960 9961
f 9962 9963 9964
f 9965 9966 9967
f 9968 9967 9966
f 9969 9970 9971
f 9972 9971 9970
f 9973 9974 9975
f 9976 9975 9974
f 9977 9978 9979
f 9980 9979 9978
f 9981 9982 9983
f 9984 9983 9982
f 9985 9986 9987
f 9988 9987 9986
f 9989 9990 9991
f 9992 9991 9990
f 9993 9994 9995
f 9996 9997 9998
f 9999 10000 10001
f 10002 10001 10000
f 10003 10004 10005
f 10006 10005 10004
f 10007 10008 10009
f 10010 10011 10012
f 10013 10014 10015
f 10016 10017 10018
f 10019 10020 10021
f 10022 10021 10020
f 10023 10024 10025
f 10026 10027 10028
f 10029 10030 10031
f 10032 10033 10034
f 10035 10036 10037
f 10038 10037 10036
f 10039 10040 10041
f 10042 10043 10044
f 10045 10046 10047
f 10048 10049 10050
f 10051 10052 10053
f 10054 10053 10052
f 10055 10056 10057
f 10058 10059 10060
f 10061 10062 10063
f 10064 10063 10062
f 10065 10066 10067
f 10068 10067 10066
f 10069 10070 10071
f 10072 10073 10074
f 10075 10076 10077
f 10078 10079 10080
f 10081 10082 10083
f 10084 10083 10082
f 10085 10086 10087
f 10088 10089 10090
f 10091 10092 10093
f 10094 10095 10096
f 10097 10098 10099
f 10100 10099 10098
f 10101 10102 10103
f 10104 10103 10102
f 10105 10106 10107
f 10108 10107 10106
f 10119 10120 10121
f 10122 10123 10124
f 10125 10126 10127
f 10128 10129 10130
f 10131 10132 10133
f 10134 10135 10136
f 10137 10138 10139
f 10140 10141 10142
f 10143 10144 10145
f 10146 10147 10148
f 10149 10150 10151
f 10152 10153 10154
f 10155 10156 10157
f 10158 10159 10160
f 10161 10162 10163
f 10164 10163 10162
f 10165 10166 10167
f 10168 10167 10166
f 10169 10170 10171
f 10172 10173 10174
f 10175 10176 10177
f 10178 10177 10176
f 10179 10180 10181
f 10182 10181 10180
f 10183 10184 10185
f 10186 10187 10188
f 10189 10190 10191
f 10192 10191 10190
f 10193 10194 10195
f 10196 10195 10194
f 10197 10198 10199
f 10200 10201 10202
f 10203 10204 10205
f 10206 10207 10208
f 10209 10210 10211
f 10212 10211 10210
f 10213 10214 10215
f 10216 10217 10218
f 10219 10220 10221
f 10222 10223 10224
f 10225 10226 10227
f 10228 10227 10226
f 10229 10230 10231
f 10232 10233 10234
f 10235 10236 10237
f 10238 10239 10240
f 10241 10242 10243
f 10244 10243 10242
f 10245 10246 10247
f 10248 10249 10250
f 10251 10252 10253
f 10254 10255 10256
f 10257 10258 10259
f 10260 10259 10258
f 10261 10262 10263
f 10264 10265 10266
f 10267 10268 10269
f 10270 10269 10268
f 10271 10272 10273
f 10274 10273 10272
f 10275 10276 10277
f 10278 10279 10280
f 10281 10282 10283
f 10284 10285 10286
f 10287 10288 10289
f 10290 10289 10288
f 10291 10292 10293
f 10294 10293 10292
f 10295 10296 10297
f 10298 10297 10296
f 10299 10300 10301
f 10302 10301 10300
f 10303 10304 10305
f 10306 10305 10304
f 10307 10308 10309
f 10310 10311 10312
f 10323 10324 10325
f 10326 10327 10328
f 10329 10330 10331
f 10332 10331 10330
f 10333 10334 10335
f 10336 10337 10338
f 10339 10340 10341
f 10342 10341 10340
f 10343 10344 10345
f 10346 10345 10344
f 10347 10348 10349
f 10350 10349 10348
f 10351 10352 10353
f 10354 10355 10356
f 10357 10358 10359
f 10360 10359 10358
f 10361 10362 10363
f 10364 10363 10362
f 10365 10366 10367
f 10368 10367 10366
f 10369 10370 10371
f 10372 10371 10370
f 10373 10374 10375
f 10376 10375 10374
f 10377 10378 10379
f 10380 10379 10378
f 10381 10382 10383
f 10384 10383 10382
f 10385 10386 10387
f 10388 10387 10386
f 10389 10390 10391
f 10392 10393 10394
f 10395 10396 10397
f 10398 10397 10396
f 10399 10400 10401
f 10402 10403 10404
f 10405 10406 10407
f 10408 10409 10410
f 10411 10412 10413
f 10414 10415 10416
f 10417 10418 10419
f 10420 10421 10422
f 10423 10424 10425
f 10426 10427 10428
f 10429 10430 10431
f 10432 10433 10434
f 10435 10436 10437
f 10438 10437 10436
f 10439 10440 10441
f 10442 10443 10444
f 10445 10446 10447
f 10448 10449 10450
f 10451 10452 10453
f 10454 10453 10452
f 10455 10456 10457
f 10458 10459 10460
f 10461 10462 10463
f 10464 10465 10466
f 10467 10468 10469
f 10470 10469 10468
f 10471 10472 10473
f 10474 10475 10476
f 10477 10478 10479
f 10480 10479 10478
f 10481 10482 10483
f 10484 10485 10486
f 10487 10488 10489
f 10490 10491 10492
f 10493 10494 10495
f 10496 10497 10498
f 10499 10500 10501
f 10502 10503 10504
f 10505 10506 10507
f 10508 10507 10506
f 10509 10510 10511
f 10512 10513 10514
o VagoneMerci_01
v 96.026772 0.331906 -20.769548
v 96.026772 0.333036 -20.780849
v 96.347122 0.333036 -20.780849
v 96.347122 0.331906 -20.769548
v 96.026772 0.335296 -20.780849
v 96.347122 0.335296 -20.780849
v 96.026772 0.335296 -19.930996
v 96.026772 0.333036 -19.941168
v 96.347122 0.333036 -19.941168
v 96.347122 0.335296 -19.930996
v 96.026772 0.117183 -19.940039
v 96.347122 0.117182 -19.940039
v 96.026772 0.105881 -19.888052
v 96.347122 0.105881 -19.888052
v 96.026772 0.105881 -19.860929
v 96.347122 0.105881 -19.860929
v 96.026772 0.091190 -19.860929
v 96.347122 0.091190 -19.860929
v 96.026772 0.091190 -19.832676
v 96.347122 0.091190 -19.832676
v 96.026772 0.083279 -19.833807
v 96.347122 0.083279 -19.833807
v 96.026772 0.075368 -19.860929
v 96.347122 0.075368 -19.860929
v 96.026772 0.083279 -19.926476
v 96.347122 0.083279 -19.926476
v 96.026772 0.070794 -19.920370
v 96.347122 0.070794 -19.920370
v 96.026772 0.058198 -19.913271
v 96.347122 0.058198 -19.913271
v 96.026772 0.044016 -19.909666
v 96.347122 0.044015 -19.909666
v 96.026772 0.026773 -19.914045
v 96.347122 0.026773 -19.914045
v 96.026772 0.011867 -19.929342
v 96.347122 0.011867 -19.929342
v 96.026772 0.006204 -19.951141
v 96.347122 0.006204 -19.951141
v 96.026772 0.010826 -19.972755
v 96.347122 0.010826 -19.972755
v 96.026772 0.026773 -19.987501
v 96.347122 0.026773 -19.987501
v 96.026772 0.023382 -20.068871
v 96.026772 0.008533 -20.091215
v 96.347122 0.008533 -20.091215
v 96.347122 0.023382 -20.068871
v 96.026772 0.008735 -20.118793
v 96.347122 0.008735 -20.118793
v 96.026772 0.024172 -20.140341
v 96.347122 0.024172 -20.140341
v 96.026772 0.055026 -20.144590
v 96.347122 0.055026 -20.144590
v 96.026772 0.077739 -20.132139
v 96.347122 0.077739 -20.132139
v 96.026772 0.084891 -20.110884
v 96.347122 0.084891 -20.110884
v 96.026772 0.083608 -20.084166
v 96.347122 0.083608 -20.084166
v 96.026772 0.081019 -20.055311
v 96.347122 0.081019 -20.055311
v 96.026772 0.092320 -20.055311
v 96.347122 0.092320 -20.055311
v 96.026772 0.092320 -20.630543
v 96.026772 0.081019 -20.630543
v 96.347122 0.081019 -20.630543
v 96.347122 0.092320 -20.630543
v 96.026772 0.083914 -20.599855
v 96.347122 0.083914 -20.599855
v 96.026772 0.085037 -20.571920
v 96.347122 0.085037 -20.571920
v 96.026772 0.075958 -20.550694
v 96.347122 0.075958 -20.550694
v 96.026772 0.048245 -20.540133
v 96.347122 0.048245 -20.540133
v 96.026772 0.022365 -20.548101
v 96.347122 0.022365 -20.548101
v 96.026772 0.007531 -20.570669
v 96.347122 0.007531 -20.570669
v 96.026772 0.006839 -20.596899
v 96.347122 0.006839 -20.596899
v 96.026772 0.023382 -20.615850
v 96.347122 0.023382 -20.615850
v 96.026772 0.026773 -20.697220
v 96.026772 0.020046 -20.702950
v 96.347122 0.020046 -20.702950
v 96.347122 0.026773 -20.697220
v 96.026772 0.013854 -20.709204
v 96.347122 0.013854 -20.709204
v 96.026772 0.008754 -20.716532
v 96.347122 0.008754 -20.716532
v 96.026772 0.005300 -20.725473
v 96.347122 0.005300 -20.725473
v 96.026772 0.009800 -20.755136
v 96.347122 0.009800 -20.755136
v 96.026772 0.031956 -20.772734
v 96.347122 0.031956 -20.772734
v 96.026772 0.059149 -20.775175
v 96.347122 0.059149 -20.775175
v 96.026772 0.078758 -20.759377
v 96.347122 0.078758 -20.759377
v 96.026772 0.083279 -20.759377
v 96.347122 0.083279 -20.759377
v 96.026772 0.076498 -20.823793
v 96.347122 0.076498 -20.823793
v 96.026772 0.083279 -20.845266
v 96.347122 0.083279 -20.845266
v 96.026772 0.091190 -20.845266
v 96.347122 0.091190 -20.845266
v 96.026772 0.091190 -20.823793
v 96.347122 0.091190 -20.823793
v 96.026772 0.105881 -20.823793
v 96.347122 0.105881 -20.823793
v 96.026772 0.107011 -20.806843
v 96.347122 0.107011 -20.806843
v 96.026772 0.117183 -20.770678
v 96.347122 0.117182 -20.770678
v 96.026772 0.331906 -20.769548
v 96.347122 0.331906 -20.769548
v 96.026772 0.335296 -20.780849
v 96.026772 0.333036 -19.941168
v 96.026772 0.335296 -19.930996
v 96.026772 0.091190 -19.860929
v 96.026772 0.083279 -19.833807
v 96.026772 0.091190 -19.832676
v 96.026772 0.075368 -19.860929
v 96.026772 0.083279 -19.926476
v 96.026772 0.333036 -20.780849
v 96.026772 0.331906 -20.769548
v 96.026772 0.083279 -20.845266
v 96.026772 0.091190 -20.823793
v 96.026772 0.091190 -20.845266
v 96.026772 0.076498 -20.823793
v 96.026772 0.083279 -20.759377
v 96.026772 0.105881 -19.888052
v 96.026772 0.105881 -19.860929
v 96.026772 0.117183 -19.940039
v 96.026772 0.117183 -20.770678
v 96.026772 0.107011 -20.806843
v 96.026772 0.105881 -20.823793
v 96.026772 0.008735 -20.118793
v 96.026772 0.055026 -20.144590
v 96.026772 0.024172 -20.140341
v 96.026772 0.008533 -20.091215
v 96.026772 0.077739 -20.132139
v 96.026772 0.084891 -20.110884
v 96.026772 0.023382 -20.068871
v 96.026772 0.083608 -20.084166
v 96.026772 0.081019 -20.055311
v 96.026772 0.026773 -19.987501
v 96.026772 0.092320 -20.055311
v 96.026772 0.085037 -20.571920
v 96.026772 0.048245 -20.540133
v 96.026772 0.075958 -20.550694
v 96.026772 0.022365 -20.548101
v 96.026772 0.007531 -20.570669
v 96.026772 0.083914 -20.599855
v 96.026772 0.006839 -20.596899
v 96.026772 0.023382 -20.615850
v 96.026772 0.081019 -20.630543
v 96.026772 0.026773 -20.697220
v 96.026772 0.092320 -20.630543
v 96.026772 0.031956 -20.772734
v 96.026772 0.078758 -20.759377
v 96.026772 0.059149 -20.775175
v 96.026772 0.009800 -20.755136
v 96.026772 0.005300 -20.725473
v 96.026772 0.008754 -20.716532
v 96.026772 0.013854 -20.709204
v 96.026772 0.020046 -20.702950
v 96.026772 0.070794 -19.920370
v 96.026772 0.010826 -19.972755
v 96.026772 0.006204 -19.951141
v 96.026772 0.011867 -19.929342
v 96.026772 0.026773 -19.914045
v 96.026772 0.058198 -19.913271
v 96.026772 0.044016 -19.909666
v 96.347122 0.335296 -20.780849
v 96.347122 0.335296 -19.930996
v 96.347122 0.333036 -19.941168
v 96.347122 0.091190 -19.860929
v 96.347122 0.091190 -19.832676
v 96.347122 0.083279 -19.833807
v 96.347122 0.075368 -19.860929
v 96.347122 0.083279 -19.926476
v 96.347122 0.333036 -20.780849
v 96.347122 0.331906 -20.769548
v 96.347122 0.083279 -20.845266
v 96.347122 0.091190 -20.845266
v 96.347122 0.091190 -20.823793
v 96.347122 0.076498 -20.823793
v 96.347122 0.083279 -20.759377
v 96.347122 0.105881 -19.888052
v 96.347122 0.105881 -19.860929
v 96.347122 0.117182 -19.940039
v 96.347122 0.117182 -20.770678
v 96.347122 0.105881 -20.823793
v 96.347122 0.107011 -20.806843
v 96.347122 0.008735 -20.118793
v 96.347122 0.024172 -20.140341
v 96.347122 0.055026 -20.144590
v 96.347122 0.008533 -20.091215
v 96.347122 0.077739 -20.132139
v 96.347122 0.084891 -20.110884
v 96.347122 0.023382 -20.068871
v 96.347122 0.083608 -20.084166
v 96.347122 0.081019 -20.055311
v 96.347122 0.026773 -19.987501
v 96.347122 0.092320 -20.055311
v 96.347122 0.085037 -20.571920
v 96.347122 0.075958 -20.550694
v 96.347122 0.048245 -20.540133
v 96.347122 0.022365 -20.548101
v 96.347122 0.007531 -20.570669
v 96.347122 0.083914 -20.599855
v 96.347122 0.006839 -20.596899
v 96.347122 0.023382 -20.615850
v 96.347122 0.081019 -20.630543
v 96.347122 0.026773 -20.697220
v 96.347122 0.092320 -20.630543
v 96.347122 0.031956 -20.772734
v 96.347122 0.059149 -20.775175
v 96.347122 0.078758 -20.759377
v 96.347122 0.009800 -20.755136
v 96.347122 0.005300 -20.725473
v 96.347122 0.008754 -20.716532
v 96.347122 0.013854 -20.709204
v 96.347122 0.020046 -20.702950
v 96.347122 0.070794 -19.920370
v 96.347122 0.010826 -19.972755
v 96.347122 0.006204 -19.951141
v 96.347122 0.011867 -19.929342
v 96.347122 0.026773 -19.914045
v 96.347122 0.058198 -19.913271
v 96.347122 0.044015 -19.909666
s 1
f 10525 10526 10527
f 10525 10527 10528
f 10526 10529 10530
f 10526 10530 10527
f 10531 10532 10533
f 10531 10533 10534
f 10532 10535 10536
f 10532 10536 10533
f 10535 10537 10538
f 10535 10538 10536
f 10537 10539 10540
f 10537 10540 10538
f 10539 10541 10542
f 10539 10542 10540
f 10541 10543 10544
f 10541 10544 10542
f 10543 10545 10546
f 10543 10546 10544
f 10545 10547 10548
f 10545 10548 10546
f 10547 10549 10550
f 10547 10550 10548
f 10549 10551 10552
f 10549 10552 10550
f 10551 10553 10554
f 10551 10554 10552
f 10553 10555 10556
f 10553 10556 10554
f 10555 10557 10558
f 10555 10558 10556
f 10557 10559 10560
f 10557 10560 10558
f 10559 10561 10562
f 10559 10562 10560
f 10561 10563 10564
f 10561 10564 10562
f 10563 10565 10566
f 10563 10566 10564
f 10567 10568 10569
f 10567 10569 10570
f 10568 10571 10572
f 10568 10572 10569
f 10571 10573 10574
f 10571 10574 10572
f 10573 10575 10576
f 10573 10576 10574
f 10575 10577 10578
f 10575 10578 10576
f 10577 10579 10580
f 10577 10580 10578
f 10579 10581 10582
f 10579 10582 10580
f 10581 10583 10584
f 10581 10584 10582
f 10583 10585 10586
f 10583 10586 10584
f 10587 10588 10589
f 10587 10589 10590
f 10588 10591 10592
f 10588 10592 10589
f 10591 10593 10594
f 10591 10594 10592
f 10593 10595 10596
f 10593 10596 10594
f 10595 10597 10598
f 10595 10598 10596
f 10597 10599 10600
f 10597 10600 10598
f 10599 10601 10602
f 10599 10602 10600
f 10601 10603 10604
f 10601 10604 10602
f 10603 10605 10606
f 10603 10606 10604
f 10607 10608 10609
f 10607 10609 10610
f 10608 10611 10612
f 10608 10612 10609
f 10611 10613 10614
f 10611 10614 10612
f 10613 10615 10616
f 10613 10616 10614
f 10615 10617 10618
f 10615 10618 10616
f 10617 10619 10620
f 10617 10620 10618
f 10619 10621 10622
f 10619 10622 10620
f 10621 10623 10624
f 10621 10624 10622
f 10623 10625 10626
f 10623 10626 10624
f 10625 10627 10628
f 10625 10628 10626
f 10627 10629 10630
f 10627 10630 10628
f 10629 10631 10632
f 10629 10632 10630
f 10631 10633 10634
f 10631 10634 10632
f 10633 10635 10636
f 10633 10636 10634
f 10635 10637 10638
f 10635 10638 10636
f 10637 10639 10640
f 10637 10640 10638
f 10639 10641 10642
f 10639 10642 10640
f 10643 10644 10645
f 10646 10647 10648
f 10646 10649 10647
f 10646 10650 10649
f 10651 10644 10643
f 10652 10644 10651
f 10653 10654 10655
f 10656 10654 10653
f 10657 10654 10656
f 10658 10646 10659
f 10658 10650 10646
f 10660 10650 10658
f 10652 10660 10644
f 10660 10652 10661
f 10654 10662 10663
f 10657 10662 10654
f 10657 10661 10662
f 10664 10665 10666
f 10667 10665 10664
f 10667 10668 10665
f 10667 10669 10668
f 10670 10669 10667
f 10670 10671 10669
f 10670 10672 10671
f 10673 10672 10670
f 10673 10674 10672
f 10675 10676 10677
f 10675 10678 10676
f 10675 10679 10678
f 10680 10679 10675
f 10680 10681 10679
f 10680 10682 10681
f 10683 10682 10680
f 10683 10684 10682
f 10685 10684 10683
f 10686 10687 10688
f 10689 10687 10686
f 10690 10687 10689
f 10691 10687 10690
f 10692 10687 10691
f 10693 10687 10692
f 10684 10687 10693
f 10685 10687 10684
f 10685 10657 10687
f 10685 10661 10657
f 10685 10660 10661
f 10674 10660 10685
f 10673 10660 10674
f 10673 10650 10660
f 10673 10694 10650
f 10695 10694 10673
f 10696 10694 10695
f 10697 10694 10696
f 10698 10694 10697
f 10698 10699 10694
f 10700 10699 10698
f 10701 10702 10703
f 10704 10705 10706
f 10704 10706 10707
f 10704 10707 10708
f 10709 10701 10703
f 10710 10709 10703
f 10711 10712 10713
f 10714 10711 10713
f 10715 10714 10713
f 10716 10717 10704
f 10716 10704 10708
f 10718 10716 10708
f 10710 10703 10718
f 10719 10710 10718
f 10713 10720 10721
f 10715 10713 10721
f 10715 10721 10719
f 10722 10723 10724
f 10725 10722 10724
f 10725 10724 10726
f 10725 10726 10727
f 10728 10725 10727
f 10728 10727 10729
f 10728 10729 10730
f 10731 10728 10730
f 10731 10730 10732
f 10733 10734 10735
f 10733 10735 10736
f 10733 10736 10737
f 10738 10733 10737
f 10738 10737 10739
f 10738 10739 10740
f 10741 10738 10740
f 10741 10740 10742
f 10743 10741 10742
f 10744 10745 10746
f 10747 10744 10746
f 10748 10747 10746
f 10749 10748 10746
f 10750 10749 10746
f 10751 10750 10746
f 10742 10751 10746
f 10743 10742 10746
f 10743 10746 10715
f 10743 10715 10719
f 10743 10719 10718
f 10732 10743 10718
f 10731 10732 10718
f 10731 10718 10708
f 10731 10708 10752
f 10753 10731 10752
f 10754 10753 10752
f 10755 10754 10752
f 10756 10755 10752
f 10756 10752 10757
f 10758 10756 10757
o VagoneMerci_02
v 96.026772 0.331906 -21.825499
v 96.026772 0.333036 -21.836800
v 96.347122 0.333036 -21.836800
v 96.347122 0.331906 -21.825499
v 96.026772 0.335296 -21.836800
v 96.347122 0.335296 -21.836800
v 96.026772 0.335296 -20.986946
v 96.026772 0.333036 -20.997118
v 96.347122 0.333036 -20.997118
v 96.347122 0.335296 -20.986946
v 96.026772 0.117183 -20.995989
v 96.347122 0.117182 -20.995989
v 96.026772 0.105881 -20.944002
v 96.347122 0.105881 -20.944002
v 96.026772 0.105881 -20.916880
v 96.347122 0.105881 -20.916880
v 96.026772 0.091190 -20.916880
v 96.347122 0.091190 -20.916880
v 96.026772 0.091190 -20.888626
v 96.347122 0.091190 -20.888626
v 96.026772 0.083279 -20.889757
v 96.347122 0.083279 -20.889757
v 96.026772 0.075368 -20.916880
v 96.347122 0.075368 -20.916880
v 96.026772 0.083279 -20.982428
v 96.347122 0.083279 -20.982428
v 96.026772 0.070794 -20.976322
v 96.347122 0.070794 -20.976322
v 96.026772 0.058198 -20.969221
v 96.347122 0.058198 -20.969221
v 96.026772 0.044016 -20.965618
v 96.347122 0.044015 -20.965618
v 96.026772 0.026773 -20.969995
v 96.347122 0.026773 -20.969995
v 96.026772 0.011867 -20.985294
v 96.347122 0.011867 -20.985294
v 96.026772 0.006204 -21.007093
v 96.347122 0.006204 -21.007093
v 96.026772 0.010826 -21.028708
v 96.347122 0.010826 -21.028708
v 96.026772 0.026773 -21.043453
v 96.347122 0.026773 -21.043453
v 96.026772 0.023382 -21.124823
v 96.026772 0.008533 -21.147167
v 96.347122 0.008533 -21.147167
v 96.347122 0.023382 -21.124823
v 96.026772 0.008735 -21.174744
v 96.347122 0.008735 -21.174744
v 96.026772 0.024172 -21.196291
v 96.347122 0.024172 -21.196291
v 96.026772 0.055026 -21.200541
v 96.347122 0.055026 -21.200541
v 96.026772 0.077739 -21.188089
v 96.347122 0.077739 -21.188089
v 96.026772 0.084891 -21.166836
v 96.347122 0.084891 -21.166836
v 96.026772 0.083608 -21.140116
v 96.347122 0.083608 -21.140116
v 96.026772 0.081019 -21.111261
v 96.347122 0.081019 -21.111261
v 96.026772 0.092320 -21.111261
v 96.347122 0.092320 -21.111261
v 96.026772 0.092320 -21.686493
v 96.026772 0.081019 -21.686493
v 96.347122 0.081019 -21.686493
v 96.347122 0.092320 -21.686493
v 96.026772 0.083914 -21.655806
v 96.347122 0.083914 -21.655806
v 96.026772 0.085037 -21.627871
v 96.347122 0.085037 -21.627871
v 96.026772 0.075958 -21.606644
v 96.347122 0.075958 -21.606644
v 96.026772 0.048245 -21.596083
v 96.347122 0.048245 -21.596083
v 96.026772 0.022365 -21.604052
v 96.347122 0.022365 -21.604052
v 96.026772 0.007531 -21.626621
v 96.347122 0.007531 -21.626621
v 96.026772 0.006839 -21.652851
v 96.347122 0.006839 -21.652851
v 96.026772 0.023382 -21.671803
v 96.347122 0.023382 -21.671803
v 96.026772 0.026773 -21.753172
v 96.026772 0.020046 -21.758902
v 96.347122 0.020046 -21.758902
v 96.347122 0.026773 -21.753172
v 96.026772 0.013854 -21.765156
v 96.347122 0.013854 -21.765156
v 96.026772 0.008754 -21.772482
v 96.347122 0.008754 -21.772482
v 96.026772 0.005300 -21.781424
v 96.347122 0.005300 -21.781424
v 96.026772 0.009800 -21.811087
v 96.347122 0.009800 -21.811087
v 96.026772 0.031956 -21.828684
v 96.347122 0.031956 -21.828684
v 96.026772 0.059149 -21.831125
v 96.347122 0.059149 -21.831125
v 96.026772 0.078758 -21.815329
v 96.347122 0.078758 -21.815329
v 96.026772 0.083279 -21.815329
v 96.347122 0.083279 -21.815329
v 96.026772 0.076498 -21.879744
v 96.347122 0.076498 -21.879744
v 96.026772 0.083279 -21.901217
v 96.347122 0.083279 -21.901217
v 96.026772 0.091190 -21.901217
v 96.347122 0.091190 -21.901217
v 96.026772 0.091190 -21.879744
v 96.347122 0.091190 -21.879744
v 96.026772 0.105881 -21.879744
v 96.347122 0.105881 -21.879744
v 96.026772 0.107011 -21.862793
v 96.347122 0.107011 -21.862793
v 96.026772 0.117183 -21.826628
v 96.347122 0.117182 -21.826628
v 96.026772 0.331906 -21.825499
v 96.347122 0.331906 -21.825499
v 96.026772 0.335296 -21.836800
v 96.026772 0.333036 -20.997118
v 96.026772 0.335296 -20.986946
v 96.026772 0.091190 -20.916880
v 96.026772 0.083279 -20.889757
v 96.026772 0.091190 -20.888626
v 96.026772 0.075368 -20.916880
v 96.026772 0.083279 -20.982428
v 96.026772 0.333036 -21.836800
v 96.026772 0.331906 -21.825499
v 96.026772 0.083279 -21.901217
v 96.026772 0.091190 -21.879744
v 96.026772 0.091190 -21.901217
v 96.026772 0.076498 -21.879744
v 96.026772 0.083279 -21.815329
v 96.026772 0.105881 -20.944002
v 96.026772 0.105881 -20.916880
v 96.026772 0.117183 -20.995989
v 96.026772 0.117183 -21.826628
v 96.026772 0.107011 -21.862793
v 96.026772 0.105881 -21.879744
v 96.026772 0.008735 -21.174744
v 96.026772 0.055026 -21.200541
v 96.026772 0.024172 -21.196291
v 96.026772 0.008533 -21.147167
v 96.026772 0.077739 -21.188089
v 96.026772 0.084891 -21.166836
v 96.026772 0.023382 -21.124823
v 96.026772 0.083608 -21.140116
v 96.026772 0.081019 -21.111261
v 96.026772 0.026773 -21.043453
v 96.026772 0.092320 -21.111261
v 96.026772 0.085037 -21.627871
v 96.026772 0.048245 -21.596083
v 96.026772 0.075958 -21.606644
v 96.026772 0.022365 -21.604052
v 96.026772 0.007531 -21.626621
v 96.026772 0.083914 -21.655806
v 96.026772 0.006839 -21.652851
v 96.026772 0.023382 -21.671803
v 96.026772 0.081019 -21.686493
v 96.026772 0.026773 -21.753172
v 96.026772 0.092320 -21.686493
v 96.026772 0.031956 -21.828684
v 96.026772 0.078758 -21.815329
v 96.026772 0.059149 -21.831125
v 96.026772 0.009800 -21.811087
v 96.026772 0.005300 -21.781424
v 96.026772 0.008754 -21.772482
v 96.026772 0.013854 -21.765156
v 96.026772 0.020046 -21.758902
v 96.026772 0.070794 -20.976322
v 96.026772 0.010826 -21.028708
v 96.026772 0.006204 -21.007093
v 96.026772 0.011867 -20.985294
v 96.026772 0.026773 -20.969995
v 96.026772 0.058198 -20.969221
v 96.026772 0.044016 -20.965618
v 96.347122 0.335296 -21.836800
v 96.347122 0.335296 -20.986946
v 96.347122 0.333036 -20.997118
v 96.347122 0.091190 -20.916880
v 96.347122 0.091190 -20.888626
v 96.347122 0.083279 -20.889757
v 96.347122 0.075368 -20.916880
v 96.347122 0.083279 -20.982428
v 96.347122 0.333036 -21.836800
v 96.347122 0.331906 -21.825499
v 96.347122 0.083279 -21.901217
v 96.347122 0.091190 -21.901217
v 96.347122 0.091190 -21.879744
v 96.347122 0.076498 -21.879744
v 96.347122 0.083279 -21.815329
v 96.347122 0.105881 -20.944002
v 96.347122 0.105881 -20.916880
v 96.347122 0.117182 -20.995989
v 96.347122 0.117182 -21.826628
v 96.347122 0.105881 -21.879744
v 96.347122 0.107011 -21.862793
v 96.347122 0.008735 -21.174744
v 96.347122 0.024172 -21.196291
v 96.347122 0.055026 -21.200541
v 96.347122 0.008533 -21.147167
v 96.347122 0.077739 -21.188089
v 96.347122 0.084891 -21.166836
v 96.347122 0.023382 -21.124823
v 96.347122 0.083608 -21.140116
v 96.347122 0.081019 -21.111261
v 96.347122 0.026773 -21.043453
v 96.347122 0.092320 -21.111261
v 96.347122 0.085037 -21.627871
v 96.347122 0.075958 -21.606644
v 96.347122 0.048245 -21.596083
v 96.347122 0.022365 -21.604052
v 96.347122 0.007531 -21.626621
v 96.347122 0.083914 -21.655806
v 96.347122 0.006839 -21.652851
v 96.347122 0.023382 -21.671803
v 96.347122 0.081019 -21.686493
v 96.347122 0.026773 -21.753172
v 96.347122 0.092320 -21.686493
v 96.347122 0.031956 -21.828684
v 96.347122 0.059149 -21.831125
v 96.347122 0.078758 -21.815329
v 96.347122 0.009800 -21.811087
v 96.347122 0.005300 -21.781424
v 96.347122 0.008754 -21.772482
v 96.347122 0.013854 -21.765156
v 96.347122 0.020046 -21.758902
v 96.347122 0.070794 -20.976322
v 96.347122 0.010826 -21.028708
v 96.347122 0.006204 -21.007093
v 96.347122 0.011867 -20.985294
v 96.347122 0.026773 -20.969995
v 96.347122 0.058198 -20.969221
v 96.347122 0.044015 -20.965618
s 1
f 10759 10760 10761
f 10759 10761 10762
f 10760 10763 10764
f 10760 10764 10761
f 10765 10766 10767
f 10765 10767 10768
f 10766 10769 10770
f 10766 10770 10767
f 10769 10771 10772
f 10769 10772 10770
f 10771 10773 10774
f 10771 10774 10772
f 10773 10775 10776
f 10773 10776 10774
f 10775 10777 10778
f 10775 10778 10776
f 10777 10779 10780
f 10777 10780 10778
f 10779 10781 10782
f 10779 10782 10780
f 10781 10783 10784
f 10781 10784 10782
f 10783 10785 10786
f 10783 10786 10784
f 10785 10787 10788
f 10785 10788 10786
f 10787 10789 10790
f 10787 10790 10788
f 10789 10791 10792
f 10789 10792 10790
f 10791 10793 10794
f 10791 10794 10792
f 10793 10795 10796
f 10793 10796 10794
f 10795 10797 10798
f 10795 10798 10796
f 10797 10799 10800
f 10797 10800 10798
f 10801 10802 10803
f 10801 10803 10804
f 10802 10805 10806
f 10802 10806 10803
f 10805 10807 10808
f 10805 10808 10806
f 10807 10809 10810
f 10807 10810 10808
f 10809 10811 10812
f 10809 10812 10810
f 10811 10813 10814
f 10811 10814 10812
f 10813 10815 10816
f 10813 10816 10814
f 10815 10817 10818
f 10815 10818 10816
f 10817 10819 10820
f 10817 10820 10818
f 10821 10822 10823
f 10821 10823 10824
f 10822 10825 10826
f 10822 10826 10823
f 10825 10827 10828
f 10825 10828 10826
f 10827 10829 10830
f 10827 10830 10828
f 10829 10831 10832
f 10829 10832 10830
f 10831 10833 10834
f 10831 10834 10832
f 10833 10835 10836
f 10833 10836 10834
f 10835 10837 10838
f 10835 10838 10836
f 10837 10839 10840
f 10837 10840 10838
f 10841 10842 10843
f 10841 10843 10844
f 10842 10845 10846
f 10842 10846 10843
f 10845 10847 10848
f 10845 10848 10846
f 10847 10849 10850
f 10847 10850 10848
f 10849 10851 10852
f 10849 10852 10850
f 10851 10853 10854
f 10851 10854 10852
f 10853 10855 10856
f 10853 10856 10854
f 10855 10857 10858
f 10855 10858 10856
f 10857 10859 10860
f 10857 10860 10858
f 10859 10861 10862
f 10859 10862 10860
f 10861 10863 10864
f 10861 10864 10862
f 10863 10865 10866
f 10863 10866 10864
f 10865 10867 10868
f 10865 10868 10866
f 10867 10869 10870
f 10867 10870 10868
f 10869 10871 10872
f 10869 10872 10870
f 10871 10873 10874
f 10871 10874 10872
f 10873 10875 10876
f 10873 10876 10874
f 10877 10878 10879
f 10880 10881 10882
f 10880 10883 10881
f 10880 10884 10883
f 10885 10878 10877
f 10886 10878 10885
f 10887 10888 10889
f 10890 10888 10887
f 10891 10888 10890
f 10892 10880 10893
f 10892 10884 10880
f 10894 10884 10892
f 10886 10894 10878
f 10894 10886 10895
f 10888 10896 10897
f 10891 10896 10888
f 10891 10895 10896
f 10898 10899 10900
f 10901 10899 10898
f 10901 10902 10899
f 10901 10903 10902
f 10904 10903 10901
f 10904 10905 10903
f 10904 10906 10905
f 10907 10906 10904
f 10907 10908 10906
f 10909 10910 10911
f 10909 10912 10910
f 10909 10913 10912
f 10914 10913 10909
f 10914 10915 10913
f 10914 10916 10915
f 10917 10916 10914
f 10917 10918 10916
f 10919 10918 10917
f 10920 10921 10922
f 10923 10921 10920
f 10924 10921 10923
f 10925 10921 10924
f 10926 10921 10925
f 10927 10921 10926
f 10918 10921 10927
f 10919 10921 10918
f 10919 10891 10921
f 10919 10895 10891
f 10919 10894 10895
f 10908 10894 10919
f 10907 10894 10908
f 10907 10884 10894
f 10907 10928 10884
f 10929 10928 10907
f 10930 10928 10929
f 10931 10928 10930
f 10932 10928 10931
f 10932 10933 10928
f 10934 10933 10932
f 10935 10936 10937
f 10938 10939 10940
f 10938 10940 10941
f 10938 10941 10942
f 10943 10935 10937
f 10944 10943 10937
f 10945 10946 10947
f 10948 10945 10947
f 10949 10948 10947
f 10950 10951 10938
f 10950 10938 10942
f 10952 10950 10942
f 10944 10937 10952
f 10953 10944 10952
f 10947 10954 10955
f 10949 10947 10955
f 10949 10955 10953
f 10956 10957 10958
f 10959 10956 10958
f 10959 10958 10960
f 10959 10960 10961
f 10962 10959 10961
f 10962 10961 10963
f 10962 10963 10964
f 10965 10962 10964
f 10965 10964 10966
f 10967 10968 10969
f 10967 10969 10970
f 10967 10970 10971
f 10972 10967 10971
f 10972 10971 10973
f 10972 10973 10974
f 10975 10972 10974
f 10975 10974 10976
f 10977 10975 10976
f 10978 10979 10980
f 10981 10978 10980
f 10982 10981 10980
f 10983 10982 10980
f 10984 10983 10980
f 10985 10984 10980
f 10976 10985 10980
f 10977 10976 10980
f 10977 10980 10949
f 10977 10949 10953
f 10977 10953 10952
f 10966 10977 10952
f 10965 10966 10952
f 10965 10952 10942
f 10965 10942 10986
f 10987 10965 10986
f 10988 10987 10986
f 10989 10988 10986
f 10990 10989 10986
f 10990 10986 10991
f 10992 10990 10991
o VagoneMerci_03
v 96.026772 0.331906 -22.880556
v 96.026772 0.333036 -22.891857
v 96.347122 0.333036 -22.891857
v 96.347122 0.331906 -22.880556
v 96.026772 0.335296 -22.891857
v 96.347122 0.335296 -22.891857
v 96.026772 0.335296 -22.042004
v 96.026772 0.333036 -22.052176
v 96.347122 0.333036 -22.052176
v 96.347122 0.335296 -22.042004
v 96.026772 0.117183 -22.051046
v 96.347122 0.117182 -22.051046
v 96.026772 0.105881 -21.999060
v 96.347122 0.105881 -21.999060
v 96.026772 0.105881 -21.971937
v 96.347122 0.105881 -21.971937
v 96.026772 0.091190 -21.971937
v 96.347122 0.091190 -21.971937
v 96.026772 0.091190 -21.943684
v 96.347122 0.091190 -21.943684
v 96.026772 0.083279 -21.944815
v 96.347122 0.083279 -21.944815
v 96.026772 0.075368 -21.971937
v 96.347122 0.075368 -21.971937
v 96.026772 0.083279 -22.037483
v 96.347122 0.083279 -22.037483
v 96.026772 0.070794 -22.031378
v 96.347122 0.070794 -22.031378
v 96.026772 0.058198 -22.024279
v 96.347122 0.058198 -22.024279
v 96.026772 0.044016 -22.020674
v 96.347122 0.044015 -22.020674
v 96.026772 0.026773 -22.025053
v 96.347122 0.026773 -22.025053
v 96.026772 0.011867 -22.040350
v 96.347122 0.011867 -22.040350
v 96.026772 0.006204 -22.062149
v 96.347122 0.006204 -22.062149
v 96.026772 0.010826 -22.083763
v 96.347122 0.010826 -22.083763
v 96.026772 0.026773 -22.098509
v 96.347122 0.026773 -22.098509
v 96.026772 0.023382 -22.179878
v 96.026772 0.008533 -22.202223
v 96.347122 0.008533 -22.202223
v 96.347122 0.023382 -22.179878
v 96.026772 0.008735 -22.229801
v 96.347122 0.008735 -22.229801
v 96.026772 0.024172 -22.251348
v 96.347122 0.024172 -22.251348
v 96.026772 0.055026 -22.255598
v 96.347122 0.055026 -22.255598
v 96.026772 0.077739 -22.243147
v 96.347122 0.077739 -22.243147
v 96.026772 0.084891 -22.221891
v 96.347122 0.084891 -22.221891
v 96.026772 0.083608 -22.195173
v 96.347122 0.083608 -22.195173
v 96.026772 0.081019 -22.166319
v 96.347122 0.081019 -22.166319
v 96.026772 0.092320 -22.166319
v 96.347122 0.092320 -22.166319
v 96.026772 0.092320 -22.741550
v 96.026772 0.081019 -22.741550
v 96.347122 0.081019 -22.741550
v 96.347122 0.092320 -22.741550
v 96.026772 0.083914 -22.710863
v 96.347122 0.083914 -22.710863
v 96.026772 0.085037 -22.682928
v 96.347122 0.085037 -22.682928
v 96.026772 0.075958 -22.661701
v 96.347122 0.075958 -22.661701
v 96.026772 0.048245 -22.651140
v 96.347122 0.048245 -22.651140
v 96.026772 0.022365 -22.659109
v 96.347122 0.022365 -22.659109
v 96.026772 0.007531 -22.681677
v 96.347122 0.007531 -22.681677
v 96.026772 0.006839 -22.707907
v 96.347122 0.006839 -22.707907
v 96.026772 0.023382 -22.726858
v 96.347122 0.023382 -22.726858
v 96.026772 0.026773 -22.808228
v 96.026772 0.020046 -22.813957
v 96.347122 0.020046 -22.813957
v 96.347122 0.026773 -22.808228
v 96.026772 0.013854 -22.820211
v 96.347122 0.013854 -22.820211
v 96.026772 0.008754 -22.827539
v 96.347122 0.008754 -22.827539
v 96.026772 0.005300 -22.836481
v 96.347122 0.005300 -22.836481
v 96.026772 0.009800 -22.866144
v 96.347122 0.009800 -22.866144
v 96.026772 0.031956 -22.883741
v 96.347122 0.031956 -22.883741
v 96.026772 0.059149 -22.886183
v 96.347122 0.059149 -22.886183
v 96.026772 0.078758 -22.870384
v 96.347122 0.078758 -22.870384
v 96.026772 0.083279 -22.870384
v 96.347122 0.083279 -22.870384
v 96.026772 0.076498 -22.934801
v 96.347122 0.076498 -22.934801
v 96.026772 0.083279 -22.956274
v 96.347122 0.083279 -22.956274
v 96.026772 0.091190 -22.956274
v 96.347122 0.091190 -22.956274
v 96.026772 0.091190 -22.934801
v 96.347122 0.091190 -22.934801
v 96.026772 0.105881 -22.934801
v 96.347122 0.105881 -22.934801
v 96.026772 0.107011 -22.917850
v 96.347122 0.107011 -22.917850
v 96.026772 0.117183 -22.881685
v 96.347122 0.117182 -22.881685
v 96.026772 0.331906 -22.880556
v 96.347122 0.331906 -22.880556
v 96.026772 0.335296 -22.891857
v 96.026772 0.333036 -22.052176
v 96.026772 0.335296 -22.042004
v 96.026772 0.091190 -21.971937
v 96.026772 0.083279 -21.944815
v 96.026772 0.091190 -21.943684
v 96.026772 0.075368 -21.971937
v 96.026772 0.083279 -22.037483
v 96.026772 0.333036 -22.891857
v 96.026772 0.331906 -22.880556
v 96.026772 0.083279 -22.956274
v 96.026772 0.091190 -22.934801
v 96.026772 0.091190 -22.956274
v 96.026772 0.076498 -22.934801
v 96.026772 0.083279 -22.870384
v 96.026772 0.105881 -21.999060
v 96.026772 0.105881 -21.971937
v 96.026772 0.117183 -22.051046
v 96.026772 0.117183 -22.881685
v 96.026772 0.107011 -22.917850
v 96.026772 0.105881 -22.934801
v 96.026772 0.008735 -22.229801
v 96.026772 0.055026 -22.255598
v 96.026772 0.024172 -22.251348
v 96.026772 0.008533 -22.202223
v 96.026772 0.077739 -22.243147
v 96.026772 0.084891 -22.221891
v 96.026772 0.023382 -22.179878
v 96.026772 0.083608 -22.195173
v 96.026772 0.081019 -22.166319
v 96.026772 0.026773 -22.098509
v 96.026772 0.092320 -22.166319
v 96.026772 0.085037 -22.682928
v 96.026772 0.048245 -22.651140
v 96.026772 0.075958 -22.661701
v 96.026772 0.022365 -22.659109
v 96.026772 0.007531 -22.681677
v 96.026772 0.083914 -22.710863
v 96.026772 0.006839 -22.707907
v 96.026772 0.023382 -22.726858
v 96.026772 0.081019 -22.741550
v 96.026772 0.026773 -22.808228
v 96.026772 0.092320 -22.741550
v 96.026772 0.031956 -22.883741
v 96.026772 0.078758 -22.870384
v 96.026772 0.059149 -22.886183
v 96.026772 0.009800 -22.866144
v 96.026772 0.005300 -22.836481
v 96.026772 0.008754 -22.827539
v 96.026772 0.013854 -22.820211
v 96.026772 0.020046 -22.813957
v 96.026772 0.070794 -22.031378
v 96.026772 0.010826 -22.083763
v 96.026772 0.006204 -22.062149
v 96.026772 0.011867 -22.040350
v 96.026772 0.026773 -22.025053
v 96.026772 0.058198 -22.024279
v 96.026772 0.044016 -22.020674
v 96.347122 0.335296 -22.891857
v 96.347122 0.335296 -22.042004
v 96.347122 0.333036 -22.052176
v 96.347122 0.091190 -21.971937
v 96.347122 0.091190 -21.943684
v 96.347122 0.083279 -21.944815
v 96.347122 0.075368 -21.971937
v 96.347122 0.083279 -22.037483
v 96.347122 0.333036 -22.891857
v 96.347122 0.331906 -22.880556
v 96.347122 0.083279 -22.956274
v 96.347122 0.091190 -22.956274
v 96.347122 0.091190 -22.934801
v 96.347122 0.076498 -22.934801
v 96.347122 0.083279 -22.870384
v 96.347122 0.105881 -21.999060
v 96.347122 0.105881 -21.971937
v 96.347122 0.117182 -22.051046
v 96.347122 0.117182 -22.881685
v 96.347122 0.105881 -22.934801
v 96.347122 0.107011 -22.917850
v 96.347122 0.008735 -22.229801
v 96.347122 0.024172 -22.251348
v 96.347122 0.055026 -22.255598
v 96.347122 0.008533 -22.202223
v 96.347122 0.077739 -22.243147
v 96.347122 0.084891 -22.221891
v 96.347122 0.023382 -22.179878
v 96.347122 0.083608 -22.195173
v 96.347122 0.081019 -22.166319
v 96.347122 0.026773 -22.098509
v 96.347122 0.092320 -22.166319
v 96.347122 0.085037 -22.682928
v 96.347122 0.075958 -22.661701
v 96.347122 0.048245 -22.651140
v 96.347122 0.022365 -22.659109
v 96.347122 0.007531 -22.681677
v 96.347122 0.083914 -22.710863
v 96.347122 0.006839 -22.707907
v 96.347122 0.023382 -22.726858
v 96.347122 0.081019 -22.741550
v 96.347122 0.026773 -22.808228
v 96.347122 0.092320 -22.741550
v 96.347122 0.031956 -22.883741
v 96.347122 0.059149 -22.886183
v 96.347122 0.078758 -22.870384
v 96.347122 0.009800 -22.866144
v 96.347122 0.005300 -22.836481
v 96.347122 0.008754 -22.827539
v 96.347122 0.013854 -22.820211
v 96.347122 0.020046 -22.813957
v 96.347122 0.070794 -22.031378
v 96.347122 0.010826 -22.083763
v 96.347122 0.006204 -22.062149
v 96.347122 0.011867 -22.040350
v 96.347122 0.026773 -22.025053
v 96.347122 0.058198 -22.024279
v 96.347122 0.044015 -22.020674
s 1
f 10993 10994 10995
f 10993 10995 10996
f 10994 10997 10998
f 10994 10998 10995
f 10999 11000 11001
f 10999 11001 11002
f 11000 11003 11004
f 11000 11004 11001
f 11003 11005 11006
f 11003 11006 11004
f 11005 11007 11008
f 11005 11008 11006
f 11007 11009 11010
f 11007 11010 11008
f 11009 11011 11012
f 11009 11012 11010
f 11011 11013 11014
f 11011 11014 11012
f 11013 11015 11016
f 11013 11016 11014
f 11015 11017 11018
f 11015 11018 11016
f 11017 11019 11020
f 11017 11020 11018
f 11019 11021 11022
f 11019 11022 11020
f 11021 11023 11024
f 11021 11024 11022
f 11023 11025 11026
f 11023 11026 11024
f 11025 11027 11028
f 11025 11028 11026
f 11027 11029 11030
f 11027 11030 11028
f 11029 11031 11032
f 11029 11032 11030
f 11031 11033 11034
f 11031 11034 11032
f 11035 11036 11037
f 11035 11037 11038
f 11036 11039 11040
f 11036 11040 11037
f 11039 11041 11042
f 11039 11042 11040
f 11041 11043 11044
f 11041 11044 11042
f 11043 11045 11046
f 11043 11046 11044
f 11045 11047 11048
f 11045 11048 11046
f 11047 11049 11050
f 11047 11050 11048
f 11049 11051 11052
f 11049 11052 11050
f 11051 11053 11054
f 11051 11054 11052
f 11055 11056 11057
f 11055 11057 11058
f 11056 11059 11060
f 11056 11060 11057
f 11059 11061 11062
f 11059 11062 11060
f 11061 11063 11064
f 11061 11064 11062
f 11063 11065 11066
f 11063 11066 11064
f 11065 11067 11068
f 11065 11068 11066
f 11067 11069 11070
f 11067 11070 11068
f 11069 11071 11072
f 11069 11072 11070
f 11071 11073 11074
f 11071 11074 11072
f 11075 11076 11077
f 11075 11077 11078
f 11076 11079 11080
f 11076 11080 11077
f 11079 11081 11082
f 11079 11082 11080
f 11081 11083 11084
f 11081 11084 11082
f 11083 11085 11086
f 11083 11086 11084
f 11085 11087 11088
f 11085 11088 11086
f 11087 11089 11090
f 11087 11090 11088
f 11089 11091 11092
f 11089 11092 11090
f 11091 11093 11094
f 11091 11094 11092
f 11093 11095 11096
f 11093 11096 11094
f 11095 11097 11098
f 11095 11098 11096
f 11097 11099 11100
f 11097 11100 11098
f 11099 11101 11102
f 11099 11102 11100
f 11101 11103 11104
f 11101 11104 11102
f 11103 11105 11106
f 11103 11106 11104
f 11105 11107 11108
f 11105 11108 11106
f 11107 11109 11110
f 11107 11110 11108
f 11111 11112 11113
f 11114 11115 11116
f 11114 11117 11115
f 11114 11118 11117
f 11119 11112 11111
f 11120 11112 11119
f 11121 11122 11123
f 11124 11122 11121
f 11125 11122 11124
f 11126 11114 11127
f 11126 11118 11114
f 11128 11118 11126
f 11120 11128 11112
f 11128 11120 11129
f 11122 11130 11131
f 11125 11130 11122
f 11125 11129 11130
f 11132 11133 11134
f 11135 11133 11132
f 11135 11136 11133
f 11135 11137 11136
f 11138 11137 11135
f 11138 11139 11137
f 11138 11140 11139
f 11141 11140 11138
f 11141 11142 11140
f 11143 11144 11145
f 11143 11146 11144
f 11143 11147 11146
f 11148 11147 11143
f 11148 11149 11147
f 11148 11150 11149
f 11151 11150 11148
f 11151 11152 11150
f 11153 11152 11151
f 11154 11155 11156
f 11157 11155 11154
f 11158 11155 11157
f 11159 11155 11158
f 11160 11155 11159
f 11161 11155 11160
f 11152 11155 11161
f 11153 11155 11152
f 11153 11125 11155
f 11153 11129 11125
f 11153 11128 11129
f 11142 11128 11153
f 11141 11128 11142
f 11141 11118 11128
f 11141 11162 11118
f 11163 11162 11141
f 11164 11162 11163
f 11165 11162 11164
f 11166 11162 11165
f 11166 11167 11162
f 11168 11167 11166
f 11169 11170 11171
f 11172 11173 11174
f 11172 11174 11175
f 11172 11175 11176
f 11177 11169 11171
f 11178 11177 11171
f 11179 11180 11181
f 11182 11179 11181
f 11183 11182 11181
f 11184 11185 11172
f 11184 11172 11176
f 11186 11184 11176
f 11178 11171 11186
f 11187 11178 11186
f 11181 11188 11189
f 11183 11181 11189
f 11183 11189 11187
f 11190 11191 11192
f 11193 11190 11192
f 11193 11192 11194
f 11193 11194 11195
f 11196 11193 11195
f 11196 11195 11197
f 11196 11197 11198
f 11199 11196 11198
f 11199 11198 11200
f 11201 11202 11203
f 11201 11203 11204
f 11201 11204 11205
f 11206 11201 11205
f 11206 11205 11207
f 11206 11207 11208
f 11209 11206 11208
f 11209 11208 11210
f 11211 11209 11210
f 11212 11213 11214
f 11215 11212 11214
f 11216 11215 11214
f 11217 11216 11214
f 11218 11217 11214
f 11219 11218 11214
f 11210 11219 11214
f 11211 11210 11214
f 11211 11214 11183
f 11211 11183 11187
f 11211 11187 11186
f 11200 11211 11186
f 11199 11200 11186
f 11199 11186 11176
f 11199 11176 11220
f 11221 11199 11220
f 11222 11221 11220
f 11223 11222 11220
f 11224 11223 11220
f 11224 11220 11225
f 11226 11224 11225
o _BloccoSbarra01
v 4.265424 0.000000 127.699844
v 4.265424 0.000000 127.649841
v 4.315423 0.000000 127.649841
v 4.315423 0.000000 127.699844
v 4.265424 0.150000 127.699844
v 4.315423 0.150000 127.699844
v 4.315423 0.150000 127.649841
v 4.265424 0.150000 127.649841
v 4.265424 0.000000 127.699844
v 4.315423 0.000000 127.699844
v 4.315423 0.150000 127.699844
v 4.265424 0.150000 127.699844
v 4.315423 0.000000 127.699844
v 4.315423 0.000000 127.649841
v 4.315423 0.150000 127.649841
v 4.315423 0.150000 127.699844
v 4.315423 0.000000 127.649841
v 4.265424 0.000000 127.649841
v 4.265424 0.150000 127.649841
v 4.315423 0.150000 127.649841
v 4.265424 0.000000 127.649841
v 4.265424 0.000000 127.699844
v 4.265424 0.150000 127.699844
v 4.265424 0.150000 127.649841
s 1
f 11227 11228 11229
f 11230 11227 11229
f 11231 11232 11233
f 11233 11234 11231
f 11235 11236 11237
f 11238 11235 11237
f 11239 11240 11241
f 11241 11242 11239
f 11243 11244 11245
f 11245 11246 11243
f 11247 11248 11249
f 11249 11250 11247
o _BloccoSbarra02
v 8.276498 0.000000 129.075195
v 8.276498 0.000000 129.125198
v 8.226498 0.000000 129.125198
v 8.226498 0.000000 129.075195
v 8.276498 0.150000 129.075195
v 8.226498 0.150000 129.075195
v 8.226498 0.150000 129.125198
v 8.276498 0.150000 129.125198
v 8.276498 0.000000 129.075195
v 8.226498 0.000000 129.075195
v 8.226498 0.150000 129.075195
v 8.276498 0.150000 129.075195
v 8.226498 0.000000 129.075195
v 8.226498 0.000000 129.125198
v 8.226498 0.150000 129.125198
v 8.226498 0.150000 129.075195
v 8.226498 0.000000 129.125198
v 8.276498 0.000000 129.125198
v 8.276498 0.150000 129.125198
v 8.226498 0.150000 129.125198
v 8.276498 0.000000 129.125198
v 8.276498 0.000000 129.075195
v 8.276498 0.150000 129.075195
v 8.276498 0.150000 129.125198
s 1
f 11251 11252 11253
f 11254 11251 11253
f 11255 11256 11257
f 11257 11258 11255
f 11259 11260 11261
f 11262 11259 11261
f 11263 11264 11265
f 11265 11266 11263
f 11267 11268 11269
f 11269 11270 11267
f 11271 11272 11273
f 11273 11274 11271
o _CassaLegno
v 33.033710 0.039642 142.934067
v 32.817909 0.039642 142.725677
v 33.026306 0.039642 142.509872
v 33.242107 0.039642 142.718277
v 33.033710 0.339642 142.934067
v 33.242107 0.339642 142.718277
v 33.026306 0.339642 142.509872
v 32.817909 0.339642 142.725677
v 33.033710 0.039642 142.934067
v 33.242107 0.039642 142.718277
v 33.242107 0.339642 142.718277
v 33.033710 0.339642 142.934067
v 33.242107 0.039642 142.718277
v 33.026306 0.039642 142.509872
v 33.026306 0.339642 142.509872
v 33.242107 0.339642 142.718277
v 33.026306 0.039642 142.509872
v 32.817909 0.039642 142.725677
v 32.817909 0.339642 142.725677
v 33.026306 0.339642 142.509872
v 32.817909 0.039642 142.725677
v 33.033710 0.039642 142.934067
v 33.033710 0.339642 142.934067
v 32.817909 0.339642 142.725677
s 1
f 11275 11276 11277
f 11278 11275 11277
f 11279 11280 11281
f 11281 11282 11279
f 11283 11284 11285
f 11286 11283 11285
f 11287 11288 11289
f 11289 11290 11287
f 11291 11292 11293
f 11293 11294 11291
f 11295 11296 11297
f 11297 11298 11295
o _CassaLegno01
v 33.270504 0.039642 143.162750
v 33.054703 0.039642 142.954346
v 33.263100 0.039642 142.738556
v 33.478905 0.039642 142.946945
v 33.270504 0.339642 143.162750
v 33.478905 0.339642 142.946945
v 33.263100 0.339642 142.738556
v 33.054703 0.339642 142.954346
v 33.270504 0.039642 143.162750
v 33.478905 0.039642 142.946945
v 33.478905 0.339642 142.946945
v 33.270504 0.339642 143.162750
v 33.478905 0.039642 142.946945
v 33.263100 0.039642 142.738556
v 33.263100 0.339642 142.738556
v 33.478905 0.339642 142.946945
v 33.263100 0.039642 142.738556
v 33.054703 0.039642 142.954346
v 33.054703 0.339642 142.954346
v 33.263100 0.339642 142.738556
v 33.054703 0.039642 142.954346
v 33.270504 0.039642 143.162750
v 33.270504 0.339642 143.162750
v 33.054703 0.339642 142.954346
s 1
f 11299 11300 11301
f 11302 11299 11301
f 11303 11304 11305
f 11305 11306 11303
f 11307 11308 11309
f 11310 11307 11309
f 11311 11312 11313
f 11313 11314 11311
f 11315 11316 11317
f 11317 11318 11315
f 11319 11320 11321
f 11321 11322 11319
o _CassaLegno02
v 33.502274 0.039642 143.386551
v 33.286472 0.039642 143.178146
v 33.494869 0.039642 142.962357
v 33.710674 0.039642 143.170761
v 33.502274 0.339642 143.386551
v 33.710674 0.339642 143.170761
v 33.494869 0.339642 142.962357
v 33.286472 0.339642 143.178146
v 33.502274 0.039642 143.386551
v 33.710674 0.039642 143.170761
v 33.710674 0.339642 143.170761
v 33.502274 0.339642 143.386551
v 33.710674 0.039642 143.170761
v 33.494869 0.039642 142.962357
v 33.494869 0.339642 142.962357
v 33.710674 0.339642 143.170761
v 33.494869 0.039642 142.962357
v 33.286472 0.039642 143.178146
v 33.286472 0.339642 143.178146
v 33.494869 0.339642 142.962357
v 33.286472 0.039642 143.178146
v 33.502274 0.039642 143.386551
v 33.502274 0.339642 143.386551
v 33.286472 0.339642 143.178146
s 1
f 11323 11324 11325
f 11326 11323 11325
f 11327 11328 11329
f 11329 11330 11327
f 11331 11332 11333
f 11334 11331 11333
f 11335 11336 11337
f 11337 11338 11335
f 11339 11340 11341
f 11341 11342 11339
f 11343 11344 11345
f 11345 11346 11343
o _CassaLegno03
v 33.855511 0.039642 143.629623
v 33.575436 0.039642 143.522110
v 33.682949 0.039642 143.242050
v 33.963024 0.039642 143.349548
v 33.855511 0.339642 143.629623
v 33.963024 0.339642 143.349548
v 33.682949 0.339642 143.242050
v 33.575436 0.339642 143.522110
v 33.855511 0.039642 143.629623
v 33.963024 0.039642 143.349548
v 33.963024 0.339642 143.349548
v 33.855511 0.339642 143.629623
v 33.963024 0.039642 143.349548
v 33.682949 0.039642 143.242050
v 33.682949 0.339642 143.242050
v 33.963024 0.339642 143.349548
v 33.682949 0.039642 143.242050
v 33.575436 0.039642 143.522110
v 33.575436 0.339642 143.522110
v 33.682949 0.339642 143.242050
v 33.575436 0.039642 143.522110
v 33.855511 0.039642 143.629623
v 33.855511 0.339642 143.629623
v 33.575436 0.339642 143.522110
s 1
f 11347 11348 11349
f 11350 11347 11349
f 11351 11352 11353
f 11353 11354 11351
f 11355 11356 11357
f 11358 11355 11357
f 11359 11360 11361
f 11361 11362 11359
f 11363 11364 11365
f 11365 11366 11363
f 11367 11368 11369
f 11369 11370 11367
o _CassaLegno04
v 33.121319 0.346630 143.050217
v 32.942867 0.346630 142.809067
v 33.184025 0.346630 142.630615
v 33.362473 0.346630 142.871780
v 33.121319 0.646630 143.050217
v 33.362473 0.646630 142.871780
v 33.184025 0.646630 142.630615
v 32.942867 0.646630 142.809067
v 33.121319 0.346630 143.050217
v 33.362473 0.346630 142.871780
v 33.362473 0.646630 142.871780
v 33.121319 0.646630 143.050217
v 33.362473 0.346630 142.871780
v 33.184025 0.346630 142.630615
v 33.184025 0.646630 142.630615
v 33.362473 0.646630 142.871780
v 33.184025 0.346630 142.630615
v 32.942867 0.346630 142.809067
v 32.942867 0.646630 142.809067
v 33.184025 0.646630 142.630615
v 32.942867 0.346630 142.809067
v 33.121319 0.346630 143.050217
v 33.121319 0.646630 143.050217
v 32.942867 0.646630 142.809067
s 1
f 11371 11372 11373
f 11374 11371 11373
f 11375 11376 11377
f 11377 11378 11375
f 11379 11380 11381
f 11382 11379 11381
f 11383 11384 11385
f 11385 11386 11383
f 11387 11388 11389
f 11389 11390 11387
f 11391 11392 11393
f 11393 11394 11391
o _CassaLegno05
v 33.502907 0.346630 143.307922
v 33.231014 0.346630 143.181137
v 33.357800 0.346630 142.909241
v 33.629692 0.346630 143.036026
v 33.502907 0.646630 143.307922
v 33.629692 0.646630 143.036026
v 33.357800 0.646630 142.909241
v 33.231014 0.646630 143.181137
v 33.502907 0.346630 143.307922
v 33.629692 0.346630 143.036026
v 33.629692 0.646630 143.036026
v 33.502907 0.646630 143.307922
v 33.629692 0.346630 143.036026
v 33.357800 0.346630 142.909241
v 33.357800 0.646630 142.909241
v 33.629692 0.646630 143.036026
v 33.357800 0.346630 142.909241
v 33.231014 0.346630 143.181137
v 33.231014 0.646630 143.181137
v 33.357800 0.646630 142.909241
v 33.231014 0.346630 143.181137
v 33.502907 0.346630 143.307922
v 33.502907 0.646630 143.307922
v 33.231014 0.646630 143.181137
s 1
f 11395 11396 11397
f 11398 11395 11397
f 11399 11400 11401
f 11401 11402 11399
f 11403 11404 11405
f 11406 11403 11405
f 11407 11408 11409
f 11409 11410 11407
f 11411 11412 11413
f 11413 11414 11411
f 11415 11416 11417
f 11417 11418 11415
o _CassaLegno06
v 33.475895 0.661939 143.108963
v 33.180012 0.661939 143.158493
v 33.130497 0.661939 142.862595
v 33.426380 0.661939 142.813080
v 33.475895 0.961939 143.108963
v 33.426380 0.961939 142.813080
v 33.130497 0.961939 142.862595
v 33.180012 0.961939 143.158493
v 33.475895 0.661939 143.108963
v 33.426380 0.661939 142.813080
v 33.426380 0.961939 142.813080
v 33.475895 0.961939 143.108963
v 33.426380 0.661939 142.813080
v 33.130497 0.661939 142.862595
v 33.130497 0.961939 142.862595
v 33.426380 0.961939 142.813080
v 33.130497 0.661939 142.862595
v 33.180012 0.661939 143.158493
v 33.180012 0.961939 143.158493
v 33.130497 0.961939 142.862595
v 33.180012 0.661939 143.158493
v 33.475895 0.661939 143.108963
v 33.475895 0.961939 143.108963
v 33.180012 0.961939 143.158493
s 1
f 11419 11420 11421
f 11422 11419 11421
f 11423 11424 11425
f 11425 11426 11423
f 11427 11428 11429
f 11430 11427 11429
f 11431 11432 11433
f 11433 11434 11431
f 11435 11436 11437
f 11437 11438 11435
f 11439 11440 11441
f 11441 11442 11439
o _Palo01
v -14.124504 2.123321 79.952522
v -14.138484 2.123321 79.931793
v -14.145229 2.123321 79.966499
v -14.159210 2.123321 79.945770
v -14.159210 1.525191 79.945770
v -14.138484 1.525191 79.931793
v -14.145229 1.525191 79.966499
v -14.124504 1.525191 79.952522
v -14.159210 2.123321 79.945770
v -14.159210 1.525191 79.945770
v -14.145229 2.123321 79.966499
v -14.145229 1.525191 79.966499
v -14.138484 2.123321 79.931793
v -14.138484 1.525191 79.931793
v -14.159210 2.123321 79.945770
v -14.159210 1.525191 79.945770
v -14.124504 2.123321 79.952522
v -14.124504 1.525191 79.952522
v -14.138484 2.123321 79.931793
v -14.138484 1.525191 79.931793
v -14.145229 1.525191 79.966499
v -14.124504 2.123321 79.952522
v -14.145229 2.123321 79.966499
v -14.124504 1.525191 79.952522
s 1
f 11443 11444 11445
f 11446 11445 11444
f 11447 11448 11449
f 11450 11449 11448
f 11451 11452 11453
f 11454 11453 11452
f 11455 11456 11457
f 11458 11457 11456
f 11459 11460 11461
f 11462 11461 11460
f 11463 11464 11465
f 11466 11464 11463
o _Palo02
v -13.677147 2.123321 80.615746
v -13.691127 2.123321 80.595024
v -13.697873 2.123321 80.629730
v -13.711853 2.123321 80.609001
v -13.711853 1.525191 80.609001
v -13.691127 1.525191 80.595024
v -13.697873 1.525191 80.629730
v -13.677147 1.525191 80.615746
v -13.711853 2.123321 80.609001
v -13.711853 1.525191 80.609001
v -13.697873 2.123321 80.629730
v -13.697873 1.525191 80.629730
v -13.691127 2.123321 80.595024
v -13.691127 1.525191 80.595024
v -13.711853 2.123321 80.609001
v -13.711853 1.525191 80.609001
v -13.677147 2.123321 80.615746
v -13.677147 1.525191 80.615746
v -13.691127 2.123321 80.595024
v -13.691127 1.525191 80.595024
v -13.697873 1.525191 80.629730
v -13.677147 2.123321 80.615746
v -13.697873 2.123321 80.629730
v -13.677147 1.525191 80.615746
s 1
f 11467 11468 11469
f 11470 11469 11468
f 11471 11472 11473
f 11474 11473 11472
f 11475 11476 11477
f 11478 11477 11476
f 11479 11480 11481
f 11482 11481 11480
f 11483 11484 11485
f 11486 11485 11484
f 11487 11488 11489
f 11490 11488 11487
o _Staccionata_01
v 83.019264 0.200000 -18.579153
v 83.019264 0.000000 -18.579153
v 94.191246 0.000000 -18.579153
v 94.191246 0.200000 -18.579153
v 83.012627 0.200000 -19.189953
v 83.012627 0.000000 -19.189953
v 83.019264 0.000000 -18.579153
v 83.019264 0.200000 -18.579153
s 1
f 11491 11492 11493
f 11494 11491 11493
f 11495 11496 11497
f 11497 11498 11495
o _Staccionata_02
v 94.191246 0.000000 -16.570545
v 83.019264 0.000000 -16.570545
v 83.019264 0.200000 -16.570545
v 94.191246 0.200000 -16.570545
v 83.019264 0.000000 -16.570545
v 83.012627 0.000000 -15.959746
v 83.012627 0.200000 -15.959746
v 83.019264 0.200000 -16.570545
s 1
f 11499 11500 11501
f 11502 11499 11501
f 11503 11504 11505
f 11505 11506 11503
